,ts_code,name,industry
0,002236.SZ,大华股份,IT设备
1,688475.SH,萤石网络,IT设备
2,603660.SH,苏州科达,IT设备
3,003004.SZ,声迅股份,IT设备
4,603516.SH,淳中科技,IT设备
5,300531.SZ,优博讯,IT设备
6,872190.BJ,雷神科技,IT设备
7,002866.SZ,传艺科技,IT设备
8,300884.SZ,狄耐克,IT设备
9,002351.SZ,漫步者,IT设备
10,301339.SZ,通行宝,IT设备
11,301578.SZ,辰奕智能,IT设备
12,002268.SZ,卫士通,IT设备
13,603508.SH,思维列控,IT设备
14,301589.SZ,诺瓦星云,IT设备
15,688060.SH,云涌科技,IT设备
16,002912.SZ,中新赛克,IT设备
17,002376.SZ,新北洋,IT设备
18,300743.SZ,天地数码,IT设备
19,300793.SZ,佳禾智能,IT设备
20,430198.BJ,微创光电,IT设备
21,836395.BJ,朗鸿科技,IT设备
22,301503.SZ,智迪科技,IT设备
23,300302.SZ,同有科技,IT设备
24,301391.SZ,卡莱特,IT设备
25,002152.SZ,广电运通,IT设备
26,688489.SH,三未信安,IT设备
27,603496.SH,恒为科技,IT设备
28,002970.SZ,锐明技术,IT设备
29,430090.BJ,同辉信息,IT设备
30,300042.SZ,朗科科技,IT设备
31,000997.SZ,新大陆,IT设备
32,872808.BJ,曙光数创,IT设备
33,603019.SH,中科曙光,IT设备
34,000066.SZ,中国长城,IT设备
35,002197.SZ,证通电子,IT设备
36,300552.SZ,万集科技,IT设备
37,000977.SZ,浪潮信息,IT设备
38,002268.SZ,电科网安,IT设备
39,301330.SZ,熵基科技,IT设备
40,300455.SZ,航天智装,IT设备
41,688288.SH,鸿泉物联,IT设备
42,300045.SZ,华力创通,IT设备
43,002180.SZ,纳思达,IT设备
44,001339.SZ,智微智能,IT设备
45,002955.SZ,鸿合科技,IT设备
46,300857.SZ,协创数据,IT设备
47,688208.SH,道通科技,IT设备
48,002415.SZ,海康威视,IT设备
49,300130.SZ,新国都,IT设备
50,000938.SZ,紫光股份,IT设备
51,688328.SH,深科达,专用机械
52,301360.SZ,荣旗科技,专用机械
53,301357.SZ,北方长龙,专用机械
54,688420.SH,美腾科技,专用机械
55,300818.SZ,耐普矿机,专用机械
56,688084.SH,晶品特装,专用机械
57,300471.SZ,厚普股份,专用机械
58,002595.SZ,豪迈科技,专用机械
59,000519.SZ,中兵红箭,专用机械
60,301022.SZ,海泰科,专用机械
61,688312.SH,燕麦科技,专用机械
62,300402.SZ,宝色股份,专用机械
63,300382.SZ,斯莱克,专用机械
64,834014.BJ,特瑞斯,专用机械
65,688623.SH,双元科技,专用机械
66,688543.SH,国科军工,专用机械
67,603282.SH,亚光股份,专用机械
68,600330.SH,天通股份,专用机械
69,833455.BJ,汇隆活塞,专用机械
70,688383.SH,新益昌,专用机械
71,688121.SH,卓然股份,专用机械
72,603032.SH,德新科技,专用机械
73,300757.SZ,罗博特科,专用机械
74,603698.SH,航天工程,专用机械
75,603135.SH,中重科技,专用机械
76,688627.SH,精智达,专用机械
77,688003.SH,天准科技,专用机械
78,834475.BJ,三友科技,专用机械
79,688097.SH,博众精工,专用机械
80,688529.SH,豪森股份,专用机械
81,300747.SZ,锐科激光,专用机械
82,836260.BJ,中寰股份,专用机械
83,836717.BJ,瑞星股份,专用机械
84,603956.SH,威派格,专用机械
85,300853.SZ,申昊科技,专用机械
86,688433.SH,华曙高科,专用机械
87,002975.SZ,博杰股份,专用机械
88,002979.SZ,雷赛智能,专用机械
89,300415.SZ,伊之密,专用机械
90,603169.SH,兰石重装,专用机械
91,688570.SH,天玛智控,专用机械
92,300276.SZ,三丰智能,专用机械
93,300092.SZ,科新机电,专用机械
94,300833.SZ,浩洋股份,专用机械
95,002073.SZ,软控股份,专用机械
96,300776.SZ,帝尔激光,专用机械
97,002645.SZ,华宏科技,专用机械
98,002006.SZ,精工科技,专用机械
99,430425.BJ,乐创技术,专用机械
100,600435.SH,北方导航,专用机械
101,603912.SH,佳力图,专用机械
102,301260.SZ,格力博,专用机械
103,300486.SZ,东杰智能,专用机械
104,001223.SZ,欧克科技,专用机械
105,688378.SH,奥来德,专用机械
106,603011.SH,合锻智能,专用机械
107,603283.SH,赛腾股份,专用机械
108,301325.SZ,曼恩斯特,专用机械
109,603203.SH,快克智能,专用机械
110,835368.BJ,连城数控,专用机械
111,600499.SH,科达制造,专用机械
112,300990.SZ,同飞股份,专用机械
113,002006.SZ,精功科技,专用机械
114,301633.SZ,港迪技术,专用机械
115,833781.BJ,瑞奇智造,专用机械
116,603666.SH,亿嘉和,专用机械
117,871478.BJ,巨能股份,专用机械
118,300457.SZ,赢合科技,专用机械
119,301128.SZ,强瑞技术,专用机械
120,300450.SZ,先导智能,专用机械
121,002530.SZ,金财互联,专用机械
122,301028.SZ,东亚机械,专用机械
123,300490.SZ,华自科技,专用机械
124,838810.BJ,春光药装,专用机械
125,301353.SZ,普莱得,专用机械
126,688128.SH,中国电研,专用机械
127,300724.SZ,捷佳伟创,专用机械
128,002529.SZ,海源复材,专用机械
129,688147.SH,微导纳米,专用机械
130,603901.SH,永创智能,专用机械
131,301312.SZ,智立方,专用机械
132,688001.SH,华兴源创,专用机械
133,600817.SH,宇通重工,专用机械
134,600582.SH,天地科技,专用机械
135,300410.SZ,正业科技,专用机械
136,002837.SZ,英维克,专用机械
137,688025.SH,杰普特,专用机械
138,301186.SZ,超达装备,专用机械
139,301519.SZ,舜禹股份,专用机械
140,688499.SH,利元亨,专用机械
141,688392.SH,骄成超声,专用机械
142,002534.SZ,西子洁能,专用机械
143,300545.SZ,联得装备,专用机械
144,688556.SH,高测股份,专用机械
145,688329.SH,艾隆科技,专用机械
146,300812.SZ,易天股份,专用机械
147,688700.SH,东威科技,专用机械
148,603611.SH,诺力股份,专用机械
149,688448.SH,磁谷科技,专用机械
150,300095.SZ,华伍股份,专用机械
151,688170.SH,德龙激光,专用机械
152,688557.SH,兰剑智能,专用机械
153,603396.SH,金辰股份,专用机械
154,836961.BJ,西磁科技,专用机械
155,833284.BJ,灵鸽科技,专用机械
156,688596.SH,正帆科技,专用机械
157,600501.SH,航天晨光,专用机械
158,688400.SH,凌云光,专用机械
159,688022.SH,瀚川智能,专用机械
160,300084.SZ,海默科技,专用机械
161,301568.SZ,思泰克,专用机械
162,832522.BJ,纳科诺尔,专用机械
163,301512.SZ,智信精密,专用机械
164,603081.SH,大丰实业,专用机械
165,002730.SZ,电光科技,专用机械
166,300607.SZ,拓斯达,专用机械
167,002483.SZ,润邦股份,专用机械
168,300837.SZ,浙矿股份,专用机械
169,688630.SH,芯碁微装,专用机械
170,300263.SZ,隆华科技,专用机械
171,300316.SZ,晶盛机电,专用机械
172,603076.SH,乐惠国际,专用机械
173,688726.SH,拉普拉斯,专用机械
174,600444.SH,国机通用,专用机械
175,002613.SZ,北玻股份,专用机械
176,603800.SH,道森股份,专用机械
177,603656.SH,泰禾智能,专用机械
178,002833.SZ,弘亚数控,专用机械
179,688188.SH,柏楚电子,专用机械
180,600184.SH,光电股份,专用机械
181,001277.SZ,速达股份,专用机械
182,301338.SZ,凯格精机,专用机械
183,873703.BJ,广厦环能,专用机械
184,688789.SH,宏华数科,专用机械
185,603391.SH,力聚热能,专用机械
186,002957.SZ,科瑞技术,专用机械
187,002204.SZ,大连重工,专用机械
188,301468.SZ,博盈特焊,专用机械
189,301392.SZ,汇成真空,专用机械
190,603131.SH,上海沪工,专用机械
191,002960.SZ,青鸟消防,专用机械
192,301018.SZ,申菱环境,专用机械
193,300540.SZ,蜀道装备,专用机械
194,601608.SH,中信重工,专用机械
195,688633.SH,星球石墨,专用机械
196,001288.SZ,运机集团,专用机械
197,688125.SH,安达智能,专用机械
198,688092.SH,爱科科技,专用机械
199,688551.SH,科威尔,专用机械
200,688377.SH,迪威尔,专用机械
201,688071.SH,华依科技,专用机械
202,300480.SZ,光力科技,专用机械
203,300802.SZ,矩子科技,专用机械
204,301013.SZ,利和兴,专用机械
205,831856.BJ,浩淼科技,专用机械
206,603032.SH,德新交运,专用机械
207,301158.SZ,德石股份,专用机械
208,688518.SH,联赢激光,专用机械
209,605186.SH,健麾信息,专用机械
210,688777.SH,中控技术,专用机械
211,603638.SH,艾迪精密,专用机械
212,301021.SZ,英诺激光,专用机械
213,688162.SH,巨一科技,专用机械
214,688573.SH,信宇人,专用机械
215,603966.SH,法兰泰克,专用机械
216,600215.SH,派斯林,专用机械
217,688516.SH,奥特维,专用机械
218,002008.SZ,大族激光,专用机械
219,871553.BJ,凯腾精工,专用机械
220,831689.BJ,克莱特,专用机械
221,301272.SZ,英华特,专用机械
222,688531.SH,日联科技,专用机械
223,688290.SH,景业智能,专用机械
224,300151.SZ,昌红科技,专用机械
225,300024.SZ,机器人,专用机械
226,301029.SZ,怡合达,专用机械
227,300461.SZ,田中精机,专用机械
228,688211.SH,中科微至,专用机械
229,603277.SH,银都股份,专用机械
230,000551.SZ,创元科技,专用机械
231,688251.SH,井松智能,专用机械
232,603855.SH,华荣股份,专用机械
233,603273.SH,天元智能,专用机械
234,300751.SZ,迈为股份,专用机械
235,688559.SH,海目星,专用机械
236,000988.SZ,华工科技,专用机械
237,688376.SH,美埃科技,专用机械
238,002997.SZ,瑞鹄模具,专用机械
239,601717.SH,郑煤机,专用机械
240,688646.SH,逸飞激光,专用机械
241,301559.SZ,中集环科,专用机械
242,002690.SZ,美亚光电,专用机械
243,600566.SH,济川药业,中成药
244,603998.SH,方盛制药,中成药
245,000423.SZ,东阿阿胶,中成药
246,002873.SZ,新天药业,中成药
247,603439.SH,贵州三力,中成药
248,002728.SZ,特一药业,中成药
249,002317.SZ,众生药业,中成药
250,000989.SZ,九芝堂,中成药
251,600285.SH,羚锐制药,中成药
252,600557.SH,康缘药业,中成药
253,600422.SH,昆药集团,中成药
254,603567.SH,珍宝岛,中成药
255,002603.SZ,以岭药业,中成药
256,000538.SZ,云南白药,中成药
257,605199.SH,葫芦娃,中成药
258,300181.SZ,佐力药业,中成药
259,600129.SH,太极集团,中成药
260,002737.SZ,葵花药业,中成药
261,600332.SH,白云山,中成药
262,600329.SH,达仁堂,中成药
263,000999.SZ,华润三九,中成药
264,002082.SZ,万邦德,中成药
265,600535.SH,天士力,中成药
266,600085.SH,同仁堂,中成药
267,002166.SZ,莱茵生物,中成药
268,300026.SZ,红日药业,中成药
269,600993.SH,马应龙,中成药
270,603896.SH,寿仙谷,中成药
271,300878.SZ,维康药业,中成药
272,836433.BJ,大唐药业,中成药
273,000650.SZ,仁和药业,中成药
274,600436.SH,片仔癀,中成药
275,002287.SZ,奇正藏药,中成药
276,000623.SZ,吉林敖东,中成药
277,002864.SZ,盘龙药业,中成药
278,002424.SZ,贵州百灵,中成药
279,600572.SH,康恩贝,中成药
280,002275.SZ,桂林三金,中成药
281,000790.SZ,华神科技,中成药
282,600479.SH,千金药业,中成药
283,600976.SH,健民集团,中成药
284,603858.SH,步长制药,中成药
285,600750.SH,江中药业,中成药
286,600597.SH,光明乳业,乳制品
287,600419.SH,天润乳业,乳制品
288,300898.SZ,熊猫乳品,乳制品
289,300915.SZ,海融科技,乳制品
290,605388.SH,均瑶健康,乳制品
291,002946.SZ,新乳业,乳制品
292,605300.SH,佳禾食品,乳制品
293,605337.SH,李子园,乳制品
294,832786.BJ,骑士乳业,乳制品
295,600882.SH,妙可蓝多,乳制品
296,605179.SH,一鸣食品,乳制品
297,600887.SH,伊利股份,乳制品
298,002570.SZ,贝因美,乳制品
299,002732.SZ,燕塘乳业,乳制品
300,002919.SZ,名臣健康,互联网
301,300592.SZ,华凯易佰,互联网
302,300792.SZ,壹网壹创,互联网
303,603533.SH,掌阅科技,互联网
304,002558.SZ,巨人网络,互联网
305,600633.SH,浙数文化,互联网
306,002605.SZ,姚记科技,互联网
307,300418.SZ,昆仑万维,互联网
308,300459.SZ,汤姆猫,互联网
309,002555.SZ,三七互娱,互联网
310,002131.SZ,利欧股份,互联网
311,002264.SZ,新华都,互联网
312,002115.SZ,三维通信,互联网
313,600556.SH,天下秀,互联网
314,300043.SZ,星辉娱乐,互联网
315,603258.SH,电魂网络,互联网
316,600986.SH,浙文互联,互联网
317,002624.SZ,完美世界,互联网
318,002354.SZ,天娱数科,互联网
319,300315.SZ,掌趣科技,互联网
320,301381.SZ,赛维时代,互联网
321,301171.SZ,易点天下,互联网
322,002803.SZ,吉宏股份,互联网
323,000681.SZ,视觉中国,互联网
324,002467.SZ,二六三,互联网
325,300031.SZ,宝通科技,互联网
326,605168.SH,三人行,互联网
327,301558.SZ,三态股份,互联网
328,603613.SH,国联股份,互联网
329,002602.SZ,世纪华通,互联网
330,003010.SZ,若羽臣,互联网
331,301299.SZ,卓创资讯,互联网
332,002123.SZ,梦网科技,互联网
333,002127.SZ,南极电商,互联网
334,300113.SZ,顺网科技,互联网
335,002174.SZ,游族网络,互联网
336,002315.SZ,焦点科技,互联网
337,603444.SH,吉比特,互联网
338,603598.SH,引力传媒,互联网
339,300494.SZ,盛天网络,互联网
340,601360.SH,三六零,互联网
341,300571.SZ,平治信息,互联网
342,301428.SZ,世纪恒通,互联网
343,002517.SZ,恺英网络,互联网
344,301382.SZ,蜂助手,互联网
345,300766.SZ,每日互动,互联网
346,300002.SZ,神州泰岳,互联网
347,002995.SZ,天地在线,互联网
348,300226.SZ,上海钢联,互联网
349,603825.SH,华扬联众,互联网
350,601113.SH,华鼎股份,互联网
351,300785.SZ,值得买,互联网
352,300533.SZ,冰川网络,互联网
353,002468.SZ,申通快递,仓储物流
354,603967.SH,中创物流,仓储物流
355,603871.SH,嘉友国际,仓储物流
356,002930.SZ,宏川智慧,仓储物流
357,001228.SZ,永泰运,仓储物流
358,605050.SH,福然德,仓储物流
359,002352.SZ,顺丰控股,仓储物流
360,300873.SZ,海晨股份,仓储物流
361,002120.SZ,韵达股份,仓储物流
362,600794.SH,保税科技,仓储物流
363,872351.BJ,华光源海,仓储物流
364,603535.SH,嘉诚国际,仓储物流
365,600787.SH,中储股份,仓储物流
366,600153.SH,建发股份,仓储物流
367,603128.SH,华贸物流,仓储物流
368,601598.SH,中国外运,仓储物流
369,601156.SH,东航物流,仓储物流
370,002183.SZ,怡亚通,仓储物流
371,600704.SH,物产中大,仓储物流
372,000906.SZ,浙商中拓,仓储物流
373,002889.SZ,东方嘉盛,仓储物流
374,600755.SH,厦门国贸,仓储物流
375,600057.SH,厦门象屿,仓储物流
376,300240.SZ,飞力达,仓储物流
377,603713.SH,密尔克卫,仓储物流
378,603056.SH,德邦股份,仓储物流
379,600233.SH,圆通速递,仓储物流
380,603373.SH,安邦护卫,仓储物流
381,601139.SH,深圳燃气,供气供热
382,605368.SH,蓝天燃气,供气供热
383,300332.SZ,天壕能源,供气供热
384,831010.BJ,凯添燃气,供气供热
385,605090.SH,九丰能源,供气供热
386,002267.SZ,陕天然气,供气供热
387,001376.SZ,百通能源,供气供热
388,600956.SH,新天绿能,供气供热
389,300332.SZ,天壕环境,供气供热
390,603393.SH,新天然气,供气供热
391,300435.SZ,中泰股份,供气供热
392,600167.SH,联美控股,供气供热
393,600803.SH,新奥股份,供气供热
394,603689.SH,皖天然气,供气供热
395,601336.SH,新华保险,保险
396,601318.SH,中国平安,保险
397,601628.SH,中国人寿,保险
398,601601.SH,中国太保,保险
399,601319.SH,中国人保,保险
400,002456.SZ,欧菲光,元器件
401,300684.SZ,中石科技,元器件
402,002138.SZ,顺络电子,元器件
403,300460.SZ,惠伦晶体,元器件
404,002587.SZ,奥拓电子,元器件
405,300136.SZ,信维通信,元器件
406,301628.SZ,强达电路,元器件
407,003021.SZ,兆威机电,元器件
408,000725.SZ,京东方A,元器件
409,603380.SH,易德龙,元器件
410,301285.SZ,鸿日达,元器件
411,000021.SZ,深科技,元器件
412,301606.SZ,绿联科技,元器件
413,002765.SZ,蓝黛科技,元器件
414,688511.SH,天微电子,元器件
415,002106.SZ,莱宝高科,元器件
416,605277.SH,新亚电子,元器件
417,002925.SZ,盈趣科技,元器件
418,603297.SH,永新光学,元器件
419,002055.SZ,得润电子,元器件
420,600183.SH,生益科技,元器件
421,301321.SZ,翰博高新,元器件
422,871857.BJ,泓禧科技,元器件
423,300709.SZ,精研科技,元器件
424,003031.SZ,中瓷电子,元器件
425,003019.SZ,宸展光电,元器件
426,001389.SZ,广合科技,元器件
427,300916.SZ,朗特智能,元器件
428,603327.SH,福蓉科技,元器件
429,835438.BJ,戈碧迦,元器件
430,002475.SZ,立讯精密,元器件
431,603267.SH,鸿远电子,元器件
432,688007.SH,光峰科技,元器件
433,301421.SZ,波长光电,元器件
434,002402.SZ,和而泰,元器件
435,300706.SZ,阿石创,元器件
436,002384.SZ,东山精密,元器件
437,301626.SZ,苏州天脉,元器件
438,000050.SZ,深天马A,元器件
439,002845.SZ,同兴达,元器件
440,300474.SZ,景嘉微,元器件
441,688127.SH,蓝特光学,元器件
442,600563.SH,法拉电子,元器件
443,301566.SZ,达利凯普,元器件
444,301567.SZ,贝隆精密,元器件
445,301577.SZ,美信科技,元器件
446,002947.SZ,恒铭达,元器件
447,002179.SZ,中航光电,元器件
448,603228.SH,景旺电子,元器件
449,002600.SZ,领益智造,元器件
450,300790.SZ,宇瞳光学,元器件
451,301045.SZ,天禄科技,元器件
452,603738.SH,泰晶科技,元器件
453,002189.SZ,中光学,元器件
454,688195.SH,腾景科技,元器件
455,600363.SH,联创光电,元器件
456,834950.BJ,迅安科技,元器件
457,300735.SZ,光弘科技,元器件
458,301217.SZ,铜冠铜箔,元器件
459,002273.SZ,水晶光电,元器件
460,300433.SZ,蓝思科技,元器件
461,600353.SH,旭光电子,元器件
462,300976.SZ,达瑞电子,元器件
463,688496.SH,清越科技,元器件
464,002724.SZ,海洋王,元器件
465,301319.SZ,唯特偶,元器件
466,301328.SZ,维峰电子,元器件
467,688678.SH,福立旺,元器件
468,300296.SZ,利亚德,元器件
469,688661.SH,和林微纳,元器件
470,002426.SZ,胜利精密,元器件
471,301383.SZ,天键股份,元器件
472,001373.SZ,翔腾新材,元器件
473,300493.SZ,润欣科技,元器件
474,300909.SZ,汇创达,元器件
475,002635.SZ,安洁科技,元器件
476,301280.SZ,珠城科技,元器件
477,688549.SH,中巨芯,元器件
478,605218.SH,伟时电子,元器件
479,301099.SZ,雅创电子,元器件
480,001287.SZ,中电港,元器件
481,300726.SZ,宏达电子,元器件
482,300903.SZ,科翔股份,元器件
483,300389.SZ,艾比森,元器件
484,301387.SZ,光大同创,元器件
485,003028.SZ,振邦智能,元器件
486,688502.SH,茂莱光学,元器件
487,301326.SZ,捷邦科技,元器件
488,688010.SH,福光股份,元器件
489,832149.BJ,利尔达,元器件
490,688636.SH,智明达,元器件
491,000636.SZ,风华高科,元器件
492,000100.SZ,TCL科技,元器件
493,300582.SZ,英飞特,元器件
494,002745.SZ,木林森,元器件
495,688307.SH,中润光学,元器件
496,001314.SZ,亿道信息,元器件
497,300232.SZ,洲明科技,元器件
498,002815.SZ,崇达技术,元器件
499,300951.SZ,博硕科技,元器件
500,688311.SH,盟升电子,元器件
501,002841.SZ,视源股份,元器件
502,688020.SH,方邦股份,元器件
503,688800.SH,瑞可达,元器件
504,300686.SZ,智动力,元器件
505,002885.SZ,京泉华,元器件
506,301251.SZ,威尔高,元器件
507,600552.SH,凯盛科技,元器件
508,002729.SZ,好利科技,元器件
509,688103.SH,国力股份,元器件
510,002897.SZ,意华股份,元器件
511,603989.SH,艾华集团,元器件
512,002993.SZ,奥海科技,元器件
513,300691.SZ,联合光电,元器件
514,002782.SZ,可立克,元器件
515,002913.SZ,奥士康,元器件
516,603890.SH,春秋电子,元器件
517,002983.SZ,芯瑞达,元器件
518,688183.SH,生益电子,元器件
519,688776.SH,国光电气,元器件
520,603678.SH,火炬电子,元器件
521,300629.SZ,新劲刚,元器件
522,301517.SZ,陕西华达,元器件
523,603936.SH,博敏电子,元器件
524,688662.SH,富信科技,元器件
525,300476.SZ,胜宏科技,元器件
526,603773.SH,沃格光电,元器件
527,301489.SZ,思泉新材,元器件
528,301106.SZ,骏成科技,元器件
529,002025.SZ,航天电器,元器件
530,688629.SH,华丰科技,元器件
531,688150.SH,莱特光电,元器件
532,300657.SZ,弘信电子,元器件
533,837212.BJ,智新电子,元器件
534,001308.SZ,康冠科技,元器件
535,301486.SZ,致尚科技,元器件
536,833346.BJ,威贸电子,元器件
537,837821.BJ,则成电子,元器件
538,301329.SZ,信音电子,元器件
539,688683.SH,莱尔科技,元器件
540,300975.SZ,商络电子,元器件
541,603629.SH,利通电子,元器件
542,301389.SZ,隆扬电子,元器件
543,871981.BJ,晶赛科技,元器件
544,688322.SH,奥比中光,元器件
545,838701.BJ,豪声电子,元器件
546,301282.SZ,金禄电子,元器件
547,603296.SH,华勤技术,元器件
548,002463.SZ,沪电股份,元器件
549,870357.BJ,雅葆轩,元器件
550,300475.SZ,香农芯创,元器件
551,688210.SH,统联精密,元器件
552,002387.SZ,维信诺,元器件
553,301571.SZ,国科天成,元器件
554,002036.SZ,联创电子,元器件
555,688053.SH,思科瑞,元器件
556,688375.SH,国博电子,元器件
557,002937.SZ,兴瑞科技,元器件
558,603920.SH,世运电路,元器件
559,300115.SZ,长盈精密,元器件
560,688299.SH,长阳科技,元器件
561,300679.SZ,电连技术,元器件
562,300602.SZ,飞荣达,元器件
563,300088.SZ,长信科技,元器件
564,688167.SH,炬光科技,元器件
565,002139.SZ,拓邦股份,元器件
566,688439.SH,振华风光,元器件
567,002916.SZ,深南电路,元器件
568,002881.SZ,美格智能,元器件
569,002222.SZ,福晶科技,元器件
570,002436.SZ,兴森科技,元器件
571,300319.SZ,麦捷科技,元器件
572,002859.SZ,洁美科技,元器件
573,300866.SZ,安克创新,元器件
574,002241.SZ,歌尔股份,元器件
575,300408.SZ,三环集团,元器件
576,002045.SZ,国光电器,元器件
577,000733.SZ,振华科技,元器件
578,002484.SZ,江海股份,元器件
579,832491.BJ,奥迪威,元器件
580,601231.SH,环旭电子,元器件
581,002876.SZ,三利谱,元器件
582,603186.SH,华正新材,元器件
583,002938.SZ,鹏鼎控股,元器件
584,688519.SH,南亚新材,元器件
585,000402.SZ,金融街,全国地产
586,000002.SZ,万科A,全国地产
587,600665.SH,天地源,全国地产
588,001979.SZ,招商蛇口,全国地产
589,002133.SZ,广宇发展,全国地产
590,600383.SH,金地集团,全国地产
591,600048.SH,保利发展,全国地产
592,603069.SH,海汽集团,公共交通
593,603569.SH,长久物流,公路
594,000829.SZ,天音控股,其他商业
595,605136.SH,丽人丽妆,其他商业
596,002818.SZ,富森美,其他商业
597,300755.SZ,华致酒行,其他商业
598,300622.SZ,博士眼镜,其他商业
599,301078.SZ,孩子王,其他商业
600,601828.SH,美凯龙,其他商业
601,002271.SZ,东方雨虹,其他建材
602,301429.SZ,森泰股份,其他建材
603,839792.BJ,东和新材,其他建材
604,833580.BJ,科创新材,其他建材
605,300715.SZ,凯伦股份,其他建材
606,300737.SZ,科顺股份,其他建材
607,002372.SZ,伟星新材,其他建材
608,002225.SZ,濮耐股份,其他建材
609,002791.SZ,坚朗五金,其他建材
610,002398.SZ,垒知集团,其他建材
611,002043.SZ,兔宝宝,其他建材
612,000786.SZ,北新建材,其他建材
613,001296.SZ,长江材料,其他建材
614,002785.SZ,万里石,其他建材
615,002392.SZ,北京利尔,其他建材
616,603477.SH,巨星农牧,农业综合
617,838275.BJ,驱动力,农业综合
618,600201.SH,生物股份,农业综合
619,688526.SH,科前生物,农业综合
620,002321.SZ,华英农业,农业综合
621,000930.SZ,中粮科技,农业综合
622,300119.SZ,瑞普生物,农业综合
623,839729.BJ,永顺生物,农业综合
624,300268.SZ,佳沃食品,农业综合
625,002157.SZ,正邦科技,农业综合
626,001201.SZ,东瑞股份,农业综合
627,002234.SZ,民和股份,农业综合
628,605296.SH,神农集团,农业综合
629,300498.SZ,温氏股份,农业综合
630,688098.SH,申联生物,农业综合
631,600975.SH,新五丰,农业综合
632,603566.SH,普莱柯,农业综合
633,002746.SZ,仙坛股份,农业综合
634,002714.SZ,牧原股份,农业综合
635,002299.SZ,圣农发展,农业综合
636,002458.SZ,益生股份,农业综合
637,002124.SZ,天邦食品,农业综合
638,300967.SZ,晓鸣股份,农业综合
639,002688.SZ,金河生物,农业综合
640,300761.SZ,立华股份,农业综合
641,300871.SZ,回盛生物,农业综合
642,600195.SH,中牧股份,农业综合
643,603739.SH,蔚蓝生物,农业综合
644,002982.SZ,湘佳股份,农业综合
645,300879.SZ,大叶股份,农用机械
646,605259.SH,绿田机械,农用机械
647,301533.SZ,威马农机,农用机械
648,872895.BJ,花溪科技,农用机械
649,601038.SH,一拖股份,农用机械
650,002779.SZ,中坚科技,农用机械
651,300804.SZ,广康生化,农药化肥
652,300261.SZ,雅本化学,农药化肥
653,002274.SZ,华昌化工,农药化肥
654,600426.SH,华鲁恒升,农药化肥
655,002258.SZ,利尔化学,农药化肥
656,002539.SZ,云图控股,农药化肥
657,300505.SZ,川金诺,农药化肥
658,000408.SZ,藏格矿业,农药化肥
659,002734.SZ,利民股份,农药化肥
660,002749.SZ,国光股份,农药化肥
661,870866.BJ,绿亨科技,农药化肥
662,002215.SZ,诺普信,农药化肥
663,300575.SZ,中旗股份,农药化肥
664,603599.SH,广信股份,农药化肥
665,301035.SZ,润丰股份,农药化肥
666,600486.SH,扬农化工,农药化肥
667,002170.SZ,芭田股份,农药化肥
668,001231.SZ,农心科技,农药化肥
669,000902.SZ,新洋丰,农药化肥
670,002556.SZ,辉隆股份,农药化肥
671,300796.SZ,贝斯美,农药化肥
672,600141.SH,兴发集团,农药化肥
673,600096.SH,云天化,农药化肥
674,002391.SZ,长青股份,农药化肥
675,000422.SZ,湖北宜化,农药化肥
676,002545.SZ,东方铁塔,农药化肥
677,603360.SH,百傲化学,农药化肥
678,000893.SZ,亚钾国际,农药化肥
679,002588.SZ,史丹利,农药化肥
680,603086.SH,先达股份,农药化肥
681,833819.BJ,颖泰生物,农药化肥
682,300387.SZ,富邦股份,农药化肥
683,000792.SZ,盐湖股份,农药化肥
684,000553.SZ,安道麦A,农药化肥
685,603639.SH,海利尔,农药化肥
686,603970.SH,中农立华,农药化肥
687,601811.SH,新华文轩,出版业
688,300364.SZ,中文在线,出版业
689,301052.SZ,果麦文化,出版业
690,300654.SZ,世纪天鸿,出版业
691,601098.SH,中南传媒,出版业
692,301231.SZ,荣信文化,出版业
693,601019.SH,山东出版,出版业
694,300788.SZ,中信出版,出版业
695,601928.SH,凤凰传媒,出版业
696,300148.SZ,天舟文化,出版业
697,301025.SZ,读客文化,出版业
698,000719.SZ,中原传媒,出版业
699,600373.SH,中文传媒,出版业
700,603096.SH,新经典,出版业
701,601801.SH,皖新传媒,出版业
702,600229.SH,城市传媒,出版业
703,601900.SH,南方传媒,出版业
704,832735.BJ,德源药业,化学制药
705,871970.BJ,大禹生物,化学制药
706,002422.SZ,科伦药业,化学制药
707,301277.SZ,新天地,化学制药
708,688658.SH,悦康药业,化学制药
709,300630.SZ,普利制药,化学制药
710,600521.SH,华海药业,化学制药
711,600420.SH,国药现代,化学制药
712,003020.SZ,立方制药,化学制药
713,300452.SZ,山河药辅,化学制药
714,605177.SH,东亚药业,化学制药
715,300759.SZ,康龙化成,化学制药
716,300705.SZ,九典制药,化学制药
717,600488.SH,津药药业,化学制药
718,688073.SH,毕得医药,化学制药
719,300702.SZ,天宇股份,化学制药
720,002020.SZ,京新药业,化学制药
721,605116.SH,奥锐特,化学制药
722,002001.SZ,新和成,化学制药
723,300723.SZ,一品红,化学制药
724,300558.SZ,贝达药业,化学制药
725,430017.BJ,星昊医药,化学制药
726,000915.SZ,华特达因,化学制药
727,300636.SZ,同和药业,化学制药
728,002019.SZ,亿帆医药,化学制药
729,688356.SH,键凯科技,化学制药
730,301246.SZ,宏源药业,化学制药
731,002099.SZ,海翔药业,化学制药
732,873167.BJ,新赣江,化学制药
733,688197.SH,首药控股,化学制药
734,688506.SH,百利天恒,化学制药
735,430478.BJ,峆一药业,化学制药
736,688166.SH,博瑞医药,化学制药
737,688373.SH,盟科药业,化学制药
738,688179.SH,阿拉丁,化学制药
739,688578.SH,艾力斯,化学制药
740,002262.SZ,恩华药业,化学制药
741,600216.SH,浙江医药,化学制药
742,688091.SH,上海谊众,化学制药
743,000739.SZ,普洛药业,化学制药
744,603229.SH,奥翔药业,化学制药
745,688222.SH,成都先导,化学制药
746,688131.SH,皓元医药,化学制药
747,002675.SZ,东诚药业,化学制药
748,688566.SH,吉贝尔,化学制药
749,600196.SH,复星医药,化学制药
750,600380.SH,健康元,化学制药
751,002562.SZ,兄弟科技,化学制药
752,688513.SH,苑东生物,化学制药
753,688799.SH,华纳药厂,化学制药
754,000513.SZ,丽珠集团,化学制药
755,600200.SH,江苏吴中,化学制药
756,603676.SH,卫信康,化学制药
757,002294.SZ,信立泰,化学制药
758,830946.BJ,森萱医药,化学制药
759,603259.SH,药明康德,化学制药
760,001367.SZ,海森药业,化学制药
761,301301.SZ,川宁生物,化学制药
762,002399.SZ,海普瑞,化学制药
763,301281.SZ,科源制药,化学制药
764,002773.SZ,康弘药业,化学制药
765,601089.SH,福元医药,化学制药
766,605507.SH,国邦医药,化学制药
767,000963.SZ,华东医药,化学制药
768,603520.SH,司太立,化学制药
769,300363.SZ,博腾股份,化学制药
770,600664.SH,哈药股份,化学制药
771,301507.SZ,民生健康,化学制药
772,603367.SH,辰欣药业,化学制药
773,301509.SZ,金凯生科,化学制药
774,600276.SH,恒瑞医药,化学制药
775,300497.SZ,富祥药业,化学制药
776,300194.SZ,福安药业,化学制药
777,836547.BJ,无锡晶海,化学制药
778,000931.SZ,中关村,化学制药
779,688639.SH,华恒生物,化学制药
780,002102.SZ,冠福股份,化学制药
781,000919.SZ,金陵药业,化学制药
782,301258.SZ,富士莱,化学制药
783,300725.SZ,药石科技,化学制药
784,002332.SZ,仙琚制药,化学制药
785,300583.SZ,赛托生物,化学制药
786,002393.SZ,力生制药,化学制药
787,603538.SH,美诺华,化学制药
788,603207.SH,小方制药,化学制药
789,300016.SZ,北陆药业,化学制药
790,300401.SZ,花园生物,化学制药
791,832566.BJ,梓橦宫,化学制药
792,870656.BJ,海昇药业,化学制药
793,603235.SH,天新药业,化学制药
794,002653.SZ,海思科,化学制药
795,600079.SH,人福医药,化学制药
796,300233.SZ,金城医药,化学制药
797,300573.SZ,兴齐眼药,化学制药
798,300966.SZ,共同药业,化学制药
799,002755.SZ,奥赛康,化学制药
800,002923.SZ,润都股份,化学制药
801,688176.SH,亚虹医药,化学制药
802,688321.SH,微芯生物,化学制药
803,600955.SH,维远股份,化工原料
804,002709.SZ,天赐材料,化工原料
805,301238.SZ,瑞泰新材,化工原料
806,300082.SZ,奥克股份,化工原料
807,003022.SZ,联泓新科,化工原料
808,300041.SZ,回天新材,化工原料
809,688716.SH,中研股份,化工原料
810,605366.SH,宏柏新材,化工原料
811,603077.SH,和邦生物,化工原料
812,301555.SZ,惠柏新材,化工原料
813,603650.SH,彤程新材,化工原料
814,688625.SH,呈和科技,化工原料
815,603867.SH,新化股份,化工原料
816,301373.SZ,凌玮科技,化工原料
817,300481.SZ,濮阳惠成,化工原料
818,001218.SZ,丽臣实业,化工原料
819,300647.SZ,超频三,化工原料
820,605020.SH,永和股份,化工原料
821,603181.SH,皇马科技,化工原料
822,603217.SH,元利科技,化工原料
823,301076.SZ,新瀚新材,化工原料
824,600596.SH,新安股份,化工原料
825,300429.SZ,强力新材,化工原料
826,605183.SH,确成股份,化工原料
827,603276.SH,恒兴新材,化工原料
828,002669.SZ,康达新材,化工原料
829,688359.SH,三孚新科,化工原料
830,603916.SH,苏博特,化工原料
831,300132.SZ,青松股份,化工原料
832,003002.SZ,壶化股份,化工原料
833,300910.SZ,瑞丰新材,化工原料
834,000510.SZ,新金路,化工原料
835,830974.BJ,凯大催化,化工原料
836,688350.SH,富淼科技,化工原料
837,601208.SH,东材科技,化工原料
838,002312.SZ,川发龙蟒,化工原料
839,688106.SH,金宏气体,化工原料
840,603683.SH,晶华新材,化工原料
841,002096.SZ,南岭民爆,化工原料
842,603281.SH,江瀚新材,化工原料
843,603822.SH,嘉澳环保,化工原料
844,001333.SZ,光华股份,化工原料
845,688357.SH,建龙微纳,化工原料
846,603379.SH,三美股份,化工原料
847,603260.SH,合盛硅业,化工原料
848,603931.SH,格林达,化工原料
849,603681.SH,永冠新材,化工原料
850,300019.SZ,硅宝科技,化工原料
851,300037.SZ,新宙邦,化工原料
852,600989.SH,宝丰能源,化工原料
853,300243.SZ,瑞丰高材,化工原料
854,000818.SZ,航锦科技,化工原料
855,300487.SZ,蓝晓科技,化工原料
856,603938.SH,三孚股份,化工原料
857,300586.SZ,美联新材,化工原料
858,688268.SH,华特气体,化工原料
859,000830.SZ,鲁西化工,化工原料
860,600160.SH,巨化股份,化工原料
861,603659.SH,璞泰来,化工原料
862,301216.SZ,万凯新材,化工原料
863,603505.SH,金石资源,化工原料
864,300641.SZ,正丹股份,化工原料
865,002601.SZ,龙佰集团,化工原料
866,688353.SH,华盛锂电,化工原料
867,835185.BJ,贝特瑞,化工原料
868,600367.SH,红星发展,化工原料
869,603227.SH,雪峰科技,化工原料
870,688690.SH,纳微科技,化工原料
871,300848.SZ,美瑞新材,化工原料
872,603255.SH,鼎际得,化工原料
873,430489.BJ,佳先股份,化工原料
874,301092.SZ,争光股份,化工原料
875,300596.SZ,利安隆,化工原料
876,300568.SZ,星源材质,化工原料
877,688065.SH,凯赛生物,化工原料
878,000707.SZ,双环科技,化工原料
879,834033.BJ,康普化学,化工原料
880,605589.SH,圣泉集团,化工原料
881,300121.SZ,阳谷华泰,化工原料
882,301069.SZ,凯盛新材,化工原料
883,001358.SZ,兴欣新材,化工原料
884,603004.SH,鼎龙科技,化工原料
885,300398.SZ,飞凯材料,化工原料
886,831526.BJ,凯华材料,化工原料
887,002096.SZ,易普力,化工原料
888,688386.SH,泛亚微透,化工原料
889,603041.SH,美思德,化工原料
890,002226.SZ,江南化工,化工原料
891,838971.BJ,天马新材,化工原料
892,002683.SZ,广东宏大,化工原料
893,300174.SZ,元力股份,化工原料
894,301349.SZ,信德新材,化工原料
895,002741.SZ,光华科技,化工原料
896,301286.SZ,侨源股份,化工原料
897,600309.SH,万华化学,化工原料
898,688602.SH,康鹏科技,化工原料
899,301077.SZ,星华新材,化工原料
900,688133.SH,泰坦科技,化工原料
901,600075.SH,新疆天业,化工原料
902,000822.SZ,山东海化,化工原料
903,300200.SZ,高盟新材,化工原料
904,002092.SZ,中泰化学,化工原料
905,300727.SZ,润禾材料,化工原料
906,830832.BJ,齐鲁华信,化工原料
907,836957.BJ,汉维科技,化工原料
908,688093.SH,世华科技,化工原料
909,301393.SZ,昊帆生物,化工原料
910,000691.SZ,亚太实业,化工原料
911,300610.SZ,晨化股份,化工原料
912,688116.SH,天奈科技,化工原料
913,688267.SH,中触媒,化工原料
914,838402.BJ,硅烷科技,化工原料
915,603026.SH,胜华新材,化工原料
916,301518.SZ,长华化学,化工原料
917,688585.SH,上纬新材,化工原料
918,002643.SZ,万润股份,化工原料
919,300769.SZ,德方纳米,化工原料
920,002666.SZ,德联集团,化工原料
921,600370.SH,三房巷,化工原料
922,002250.SZ,联化科技,化工原料
923,600378.SH,昊华科技,化工原料
924,603065.SH,宿迁联盛,化工原料
925,831304.BJ,迪尔化工,化工原料
926,002986.SZ,宇新股份,化工原料
927,301220.SZ,亚香股份,化工原料
928,839719.BJ,宁新新材,化工原料
929,301149.SZ,隆华新材,化工原料
930,601678.SH,滨化股份,化工原料
931,002326.SZ,永太科技,化工原料
932,301395.SZ,仁信新材,化工原料
933,600746.SH,江苏索普,化工原料
934,688269.SH,凯立新材,化工原料
935,002408.SZ,齐翔腾达,化工原料
936,832471.BJ,美邦科技,化工原料
937,603977.SH,国泰集团,化工原料
938,000985.SZ,大庆华科,化工原料
939,688603.SH,天承科技,化工原料
940,000881.SZ,中广核技,化工原料
941,002971.SZ,和远气体,化工原料
942,002895.SZ,川恒股份,化工原料
943,832175.BJ,东方碳素,化工原料
944,300927.SZ,江天化学,化工原料
945,301292.SZ,海科新源,化工原料
946,301487.SZ,盟固利,化工原料
947,301090.SZ,华润材料,化工原料
948,002469.SZ,三维化学,化工原料
949,002915.SZ,中欣氟材,化工原料
950,603310.SH,巍华新材,化工原料
951,001207.SZ,联科科技,化工原料
952,002648.SZ,卫星化学,化工原料
953,600623.SH,华谊集团,化工原料
954,603722.SH,阿科力,化工原料
955,002810.SZ,山东赫达,化工原料
956,605399.SH,晨光新材,化工原料
957,000683.SZ,远兴能源,化工原料
958,603155.SH,新亚强,化工原料
959,002125.SZ,湘潭电化,化工原料
960,601065.SH,江盐集团,化工原料
961,603067.SH,振华股份,化工原料
962,603125.SH,常青科技,化工原料
963,603285.SH,键邦股份,化工原料
964,688550.SH,瑞联新材,化工原料
965,002068.SZ,黑猫股份,化工原料
966,600230.SH,沧州大化,化工原料
967,002407.SZ,多氟多,化工原料
968,002917.SZ,金奥博,化工原料
969,834261.BJ,一诺威,化工原料
970,688548.SH,广钢气体,化工原料
971,600273.SH,嘉化能源,化工原料
972,300054.SZ,鼎龙股份,化工原料
973,872931.BJ,无锡鼎邦,化工机械
974,000852.SZ,石化机械,化工机械
975,603325.SH,博隆技术,化工机械
976,300228.SZ,富瑞特装,化工机械
977,002353.SZ,杰瑞股份,化工机械
978,002430.SZ,杭氧股份,化工机械
979,002698.SZ,博实股份,化工机械
980,000949.SZ,新乡化纤,化纤
981,600527.SH,江南高纤,化纤
982,300777.SZ,中简科技,化纤
983,688722.SH,同益中,化纤
984,002493.SZ,荣盛石化,化纤
985,600409.SH,三友化工,化纤
986,000703.SZ,恒逸石化,化纤
987,605166.SH,聚合顺,化纤
988,002998.SZ,优彩资源,化纤
989,601233.SH,桐昆股份,化纤
990,000420.SZ,吉林化纤,化纤
991,836077.BJ,吉林碳谷,化纤
992,688295.SH,中复神鹰,化纤
993,002254.SZ,泰和新材,化纤
994,000301.SZ,东方盛虹,化纤
995,002064.SZ,华峰化学,化纤
996,300180.SZ,华峰超纤,化纤
997,300699.SZ,光威复材,化纤
998,600063.SH,皖维高新,化纤
999,002206.SZ,海利得,化纤
1000,300876.SZ,蒙泰高新,化纤
1001,603225.SH,新凤鸣,化纤
1002,600684.SH,珠江股份,区域地产
1003,002305.SZ,南国置业,区域地产
1004,600266.SH,城建发展,区域地产
1005,600641.SH,万业企业,区域地产
1006,600325.SH,华发股份,区域地产
1007,000926.SZ,福星股份,区域地产
1008,600246.SH,万通发展,区域地产
1009,002314.SZ,南山控股,区域地产
1010,600533.SH,栖霞建设,区域地产
1011,002244.SZ,滨江集团,区域地产
1012,600675.SH,中华企业,区域地产
1013,601155.SH,新城控股,区域地产
1014,000048.SZ,京基智农,区域地产
1015,600603.SH,广汇物流,区域地产
1016,600185.SH,格力地产,区域地产
1017,600094.SH,大名城,区域地产
1018,688202.SH,美迪西,医疗保健
1019,301580.SZ,爱迪特,医疗保健
1020,002626.SZ,金达威,医疗保健
1021,688301.SH,奕瑞科技,医疗保健
1022,688606.SH,奥泰生物,医疗保健
1023,600645.SH,中源协和,医疗保健
1024,300358.SZ,楚天科技,医疗保健
1025,688580.SH,伟思医疗,医疗保健
1026,688139.SH,海尔生物,医疗保健
1027,301103.SZ,何氏眼科,医疗保健
1028,301363.SZ,美好医疗,医疗保健
1029,688271.SH,联影医疗,医疗保健
1030,300832.SZ,新产业,医疗保健
1031,603205.SH,健尔康,医疗保健
1032,603658.SH,安图生物,医疗保健
1033,688389.SH,普门科技,医疗保健
1034,301290.SZ,东星医疗,医疗保健
1035,300642.SZ,透景生命,医疗保健
1036,301267.SZ,华厦眼科,医疗保健
1037,301257.SZ,普蕊斯,医疗保健
1038,688366.SH,昊海生科,医疗保健
1039,688085.SH,三友医疗,医疗保健
1040,300404.SZ,博济医药,医疗保健
1041,688677.SH,海泰新光,医疗保健
1042,301367.SZ,怡和嘉业,医疗保健
1043,300463.SZ,迈克生物,医疗保健
1044,603127.SH,昭衍新药,医疗保健
1045,603987.SH,康德莱,医疗保健
1046,688050.SH,爱博医疗,医疗保健
1047,300981.SZ,中红医疗,医疗保健
1048,300685.SZ,艾德生物,医疗保健
1049,300639.SZ,凯普生物,医疗保健
1050,832982.BJ,锦波生物,医疗保健
1051,688238.SH,和元生物,医疗保健
1052,300298.SZ,三诺生物,医疗保健
1053,688315.SH,诺禾致源,医疗保健
1054,300246.SZ,宝莱特,医疗保健
1055,300653.SZ,正海生物,医疗保健
1056,300676.SZ,华大基因,医疗保健
1057,836504.BJ,博迅生物,医疗保健
1058,603222.SH,济民医疗,医疗保健
1059,301293.SZ,三博脑科,医疗保健
1060,300015.SZ,爱尔眼科,医疗保健
1061,835892.BJ,中科美菱,医疗保健
1062,688393.SH,安必平,医疗保健
1063,002901.SZ,大博医疗,医疗保健
1064,688576.SH,西山科技,医疗保健
1065,300677.SZ,英科医疗,医疗保健
1066,688026.SH,洁特生物,医疗保健
1067,688656.SH,浩欧博,医疗保健
1068,688212.SH,澳华内镜,医疗保健
1069,301333.SZ,诺思格,医疗保健
1070,688581.SH,安杰思,医疗保健
1071,300896.SZ,爱美客,医疗保健
1072,832278.BJ,鹿得医疗,医疗保健
1073,688310.SH,迈得医疗,医疗保健
1074,872925.BJ,锦好医疗,医疗保健
1075,688236.SH,春立医疗,医疗保健
1076,688626.SH,翔宇医疗,医疗保健
1077,301515.SZ,港通医疗,医疗保健
1078,300238.SZ,冠昊生物,医疗保健
1079,301239.SZ,普瑞眼科,医疗保健
1080,688607.SH,康众医疗,医疗保健
1081,300206.SZ,理邦仪器,医疗保健
1082,301096.SZ,百诚医药,医疗保健
1083,002382.SZ,蓝帆医疗,医疗保健
1084,300791.SZ,仙乐健康,医疗保健
1085,688016.SH,心脉医疗,医疗保健
1086,002219.SZ,新里程,医疗保健
1087,300396.SZ,迪瑞医疗,医疗保健
1088,688410.SH,山外山,医疗保健
1089,688351.SH,微电生理,医疗保健
1090,600327.SH,大东方,医疗保健
1091,688029.SH,南微医学,医疗保健
1092,430300.BJ,辰光医疗,医疗保健
1093,688114.SH,华大智造,医疗保健
1094,300314.SZ,戴维医疗,医疗保健
1095,688198.SH,佰仁医疗,医疗保健
1096,300347.SZ,泰格医药,医疗保健
1097,603976.SH,正川股份,医疗保健
1098,300562.SZ,乐心医疗,医疗保健
1099,300482.SZ,万孚生物,医疗保健
1100,301087.SZ,可孚医疗,医疗保健
1101,688253.SH,英诺特,医疗保健
1102,688289.SH,圣湘生物,医疗保健
1103,300453.SZ,三鑫医疗,医疗保健
1104,300888.SZ,稳健医疗,医疗保健
1105,301235.SZ,华康医疗,医疗保健
1106,688277.SH,天智航,医疗保健
1107,300244.SZ,迪安诊断,医疗保健
1108,688108.SH,赛诺医疗,医疗保健
1109,688265.SH,南模生物,医疗保健
1110,688468.SH,科美诊断,医疗保健
1111,600587.SH,新华医疗,医疗保健
1112,603456.SH,九洲药业,医疗保健
1113,603309.SH,维力医疗,医疗保健
1114,600763.SH,通策医疗,医疗保健
1115,688621.SH,阳光诺和,医疗保健
1116,300753.SZ,爱朋医疗,医疗保健
1117,301033.SZ,迈普医学,医疗保健
1118,301093.SZ,华兰股份,医疗保健
1119,688273.SH,麦澜德,医疗保健
1120,300143.SZ,盈康生命,医疗保健
1121,300171.SZ,东富龙,医疗保健
1122,300529.SZ,健帆生物,医疗保健
1123,688363.SH,华熙生物,医疗保健
1124,300406.SZ,九强生物,医疗保健
1125,002044.SZ,美年健康,医疗保健
1126,688617.SH,惠泰医疗,医疗保健
1127,688358.SH,祥生医疗,医疗保健
1128,301122.SZ,采纳股份,医疗保健
1129,605369.SH,拱东医疗,医疗保健
1130,002223.SZ,鱼跃医疗,医疗保健
1131,688575.SH,亚辉龙,医疗保健
1132,300049.SZ,福瑞股份,医疗保健
1133,300595.SZ,欧普康视,医疗保健
1134,603301.SH,振德医疗,医疗保健
1135,300003.SZ,乐普医疗,医疗保健
1136,600529.SH,山东药玻,医疗保健
1137,688314.SH,康拓医疗,医疗保健
1138,688161.SH,威高骨科,医疗保健
1139,300633.SZ,开立医疗,医疗保健
1140,000516.SZ,国际医学,医疗保健
1141,603882.SH,金域医学,医疗保健
1142,300760.SZ,迈瑞医疗,医疗保健
1143,600998.SH,九州通,医药商业
1144,603883.SH,老百姓,医药商业
1145,002727.SZ,一心堂,医药商业
1146,603368.SH,柳药集团,医药商业
1147,600511.SH,国药股份,医药商业
1148,000028.SZ,国药一致,医药商业
1149,301370.SZ,国科恒泰,医药商业
1150,301015.SZ,百洋医药,医药商业
1151,002390.SZ,信邦制药,医药商业
1152,601607.SH,上海医药,医药商业
1153,603108.SH,润达医疗,医药商业
1154,603233.SH,大参林,医药商业
1155,000950.SZ,重药控股,医药商业
1156,301263.SZ,泰恩康,医药商业
1157,603939.SH,益丰药房,医药商业
1158,605266.SH,健之佳,医药商业
1159,301408.SZ,华人健康,医药商业
1160,301166.SZ,优宁维,医药商业
1161,301017.SZ,漱玉平民,医药商业
1162,603061.SH,金海通,半导体
1163,688286.SH,敏芯股份,半导体
1164,688135.SH,利扬芯片,半导体
1165,688380.SH,中微半导,半导体
1166,688593.SH,新相微,半导体
1167,688270.SH,臻镭科技,半导体
1168,300456.SZ,赛微电子,半导体
1169,688049.SH,炬芯科技,半导体
1170,688216.SH,气派科技,半导体
1171,688535.SH,华海诚科,半导体
1172,300236.SZ,上海新阳,半导体
1173,300613.SZ,富瀚微,半导体
1174,688110.SH,东芯股份,半导体
1175,688141.SH,杰华特,半导体
1176,688153.SH,唯捷创芯,半导体
1177,688041.SH,海光信息,半导体
1178,300346.SZ,南大光电,半导体
1179,688601.SH,力芯微,半导体
1180,688508.SH,芯朋微,半导体
1181,688206.SH,概伦电子,半导体
1182,688019.SH,安集科技,半导体
1183,600460.SH,士兰微,半导体
1184,300782.SZ,卓胜微,半导体
1185,688484.SH,南芯科技,半导体
1186,688368.SH,晶丰明源,半导体
1187,688536.SH,思瑞浦,半导体
1188,688233.SH,神工股份,半导体
1189,001270.SZ,铖昌科技,半导体
1190,300672.SZ,国科微,半导体
1191,688728.SH,格科微,半导体
1192,688486.SH,龙迅股份,半导体
1193,688385.SH,复旦微电,半导体
1194,688620.SH,安凯微,半导体
1195,688381.SH,帝奥微,半导体
1196,688072.SH,拓荆科技,半导体
1197,688325.SH,赛微微电,半导体
1198,603160.SH,汇顶科技,半导体
1199,301348.SZ,蓝箭电子,半导体
1200,688595.SH,芯海科技,半导体
1201,688035.SH,德邦科技,半导体
1202,688347.SH,华虹公司,半导体
1203,300458.SZ,全志科技,半导体
1204,688403.SH,汇成股份,半导体
1205,002409.SZ,雅克科技,半导体
1206,688172.SH,燕东微,半导体
1207,688012.SH,中微公司,半导体
1208,688123.SH,聚辰股份,半导体
1209,688391.SH,钜泉科技,半导体
1210,688521.SH,芯原股份,半导体
1211,603893.SH,瑞芯微,半导体
1212,301308.SZ,江波龙,半导体
1213,600745.SH,闻泰科技,半导体
1214,688261.SH,东微半导,半导体
1215,688416.SH,恒烁股份,半导体
1216,688693.SH,锴威特,半导体
1217,688589.SH,力合微,半导体
1218,600703.SH,三安光电,半导体
1219,600667.SH,太极实业,半导体
1220,300373.SZ,扬杰科技,半导体
1221,300623.SZ,捷捷微电,半导体
1222,688173.SH,希荻微,半导体
1223,430139.BJ,华岭股份,半导体
1224,603690.SH,至纯科技,半导体
1225,688711.SH,宏微科技,半导体
1226,688372.SH,伟测科技,半导体
1227,688498.SH,源杰科技,半导体
1228,688262.SH,国芯科技,半导体
1229,688047.SH,龙芯中科,半导体
1230,688045.SH,必易微,半导体
1231,688608.SH,恒玄科技,半导体
1232,300708.SZ,聚灿光电,半导体
1233,688591.SH,泰凌微,半导体
1234,600584.SH,长电科技,半导体
1235,688061.SH,灿瑞科技,半导体
1236,001309.SZ,德明利,半导体
1237,688702.SH,盛科通信,半导体
1238,688653.SH,康希通信,半导体
1239,688259.SH,创耀科技,半导体
1240,688332.SH,中科蓝讯,半导体
1241,688256.SH,寒武纪,半导体
1242,688401.SH,路维光电,半导体
1243,688279.SH,峰岹科技,半导体
1244,688512.SH,慧智微,半导体
1245,605358.SH,立昂微,半导体
1246,605111.SH,新洁能,半导体
1247,600206.SH,有研新材,半导体
1248,688530.SH,欧莱新材,半导体
1249,688200.SH,华峰测控,半导体
1250,603501.SH,韦尔股份,半导体
1251,688107.SH,安路科技,半导体
1252,688469.SH,芯联集成,半导体
1253,688798.SH,艾为电子,半导体
1254,603986.SH,兆易创新,半导体
1255,688691.SH,灿芯股份,半导体
1256,301536.SZ,星宸科技,半导体
1257,688037.SH,芯源微,半导体
1258,688146.SH,中船特气,半导体
1259,688419.SH,耐科装备,半导体
1260,301269.SZ,华大九天,半导体
1261,688048.SH,长光华芯,半导体
1262,688409.SH,富创精密,半导体
1263,300102.SZ,乾照光电,半导体
1264,603078.SH,江化微,半导体
1265,688126.SH,沪硅产业,半导体
1266,688209.SH,英集芯,半导体
1267,688249.SH,晶合集成,半导体
1268,688082.SH,盛美上海,半导体
1269,300604.SZ,长川科技,半导体
1270,688525.SH,佰维存储,半导体
1271,688252.SH,天德钰,半导体
1272,300666.SZ,江丰电子,半导体
1273,688052.SH,纳芯微,半导体
1274,002371.SZ,北方华创,半导体
1275,301611.SZ,珂玛科技,半导体
1276,002049.SZ,紫光国微,半导体
1277,688721.SH,龙图光罩,半导体
1278,688362.SH,甬矽电子,半导体
1279,301297.SZ,富乐德,半导体
1280,688469.SH,中芯集成,半导体
1281,688981.SH,中芯国际,半导体
1282,300303.SZ,聚飞光电,半导体
1283,300123.SZ,亚光科技,半导体
1284,688234.SH,天岳先进,半导体
1285,688478.SH,晶升股份,半导体
1286,003026.SZ,中晶科技,半导体
1287,300223.SZ,北京君正,半导体
1288,688766.SH,普冉股份,半导体
1289,603375.SH,盛景微,半导体
1290,688720.SH,艾森股份,半导体
1291,688138.SH,清溢光电,半导体
1292,002156.SZ,通富微电,半导体
1293,688361.SH,中科飞测,半导体
1294,603005.SH,晶方科技,半导体
1295,688213.SH,思特威,半导体
1296,002449.SZ,国星光电,半导体
1297,688008.SH,澜起科技,半导体
1298,002185.SZ,华天科技,半导体
1299,600171.SH,上海贝岭,半导体
1300,688220.SH,翱捷科技,半导体
1301,688515.SH,裕太微,半导体
1302,300661.SZ,圣邦股份,半导体
1303,688018.SH,乐鑫科技,半导体
1304,301095.SZ,广立微,半导体
1305,688352.SH,颀中科技,半导体
1306,300655.SZ,晶瑞电材,半导体
1307,688120.SH,华海清科,半导体
1308,688396.SH,华润微,半导体
1309,688458.SH,美芯晟,半导体
1310,300327.SZ,中颖电子,半导体
1311,688584.SH,上海合晶,半导体
1312,003043.SZ,华亚智能,半导体
1313,688099.SH,晶晨股份,半导体
1314,688652.SH,京仪装备,半导体
1315,603290.SH,斯达半导,半导体
1316,688709.SH,成都华微,半导体
1317,600790.SH,轻纺城,商品城
1318,600415.SH,小商品城,商品城
1319,600710.SH,苏美达,商贸代理
1320,600753.SH,庚星股份,商贸代理
1321,601061.SH,中信金属,商贸代理
1322,600600.SH,青岛啤酒,啤酒
1323,600132.SH,重庆啤酒,啤酒
1324,000729.SZ,燕京啤酒,啤酒
1325,001338.SZ,永顺泰,啤酒
1326,002461.SZ,珠江啤酒,啤酒
1327,600663.SH,陆家嘴,园区开发
1328,600064.SH,南京高科,园区开发
1329,600007.SH,中国国贸,园区开发
1330,600736.SH,苏州高新,园区开发
1331,601512.SH,中新集团,园区开发
1332,600848.SH,上海临港,园区开发
1333,600895.SH,张江高科,园区开发
1334,600639.SH,浦东金桥,园区开发
1335,600648.SH,外高桥,园区开发
1336,603856.SH,东宏股份,塑料
1337,871694.BJ,中裕科技,塑料
1338,002585.SZ,双星新材,塑料
1339,836871.BJ,派特尔,塑料
1340,600143.SH,金发科技,塑料
1341,002735.SZ,王子新材,塑料
1342,002886.SZ,沃特股份,塑料
1343,832089.BJ,禾昌聚合,塑料
1344,002324.SZ,普利特,塑料
1345,603212.SH,赛伍技术,塑料
1346,838163.BJ,方大新材,塑料
1347,603150.SH,万朗磁塑,塑料
1348,603330.SH,天洋新材,塑料
1349,688203.SH,海正生材,塑料
1350,600500.SH,中化国际,塑料
1351,301237.SZ,和顺科技,塑料
1352,600458.SH,时代新材,塑料
1353,300393.SZ,中来股份,塑料
1354,301538.SZ,骏鼎达,塑料
1355,688680.SH,海优新材,塑料
1356,870204.BJ,沪江材料,塑料
1357,300980.SZ,祥源新材,塑料
1358,002768.SZ,国恩股份,塑料
1359,301198.SZ,喜悦智行,塑料
1360,301003.SZ,江苏博云,塑料
1361,301591.SZ,肯特股份,塑料
1362,300784.SZ,利安科技,塑料
1363,688323.SH,瑞华泰,塑料
1364,300806.SZ,斯迪克,塑料
1365,603725.SH,天安新材,塑料
1366,832469.BJ,富恒新材,塑料
1367,300218.SZ,安利股份,塑料
1368,002632.SZ,道明光学,塑料
1369,002014.SZ,永新股份,塑料
1370,001378.SZ,德冠新材,塑料
1371,831834.BJ,三维股份,塑料
1372,301565.SZ,中仑新材,塑料
1373,603051.SH,鹿山新材,塑料
1374,605488.SH,福莱新材,塑料
1375,603806.SH,福斯特,塑料
1376,300230.SZ,永利股份,塑料
1377,002641.SZ,公元股份,塑料
1378,300644.SZ,南京聚隆,塑料
1379,688718.SH,唯赛勃,塑料
1380,688219.SH,会通股份,塑料
1381,000415.SZ,渤海租赁,多元金融
1382,600901.SH,江苏租赁,多元金融
1383,600705.SH,中航产融,多元金融
1384,002961.SZ,瑞达期货,多元金融
1385,603093.SH,南华期货,多元金融
1386,600901.SH,江苏金租,多元金融
1387,603300.SH,华铁应急,多元金融
1388,600517.SH,国网英大,多元金融
1389,002423.SZ,中粮资本,多元金融
1390,000958.SZ,电投产融,多元金融
1391,600927.SH,永安期货,多元金融
1392,000567.SZ,海德股份,多元金融
1393,000617.SZ,中油资本,多元金融
1394,603801.SH,志邦家居,家居用品
1395,873132.BJ,泰鹏智能,家居用品
1396,603180.SH,金牌家居,家居用品
1397,000910.SZ,大亚圣象,家居用品
1398,603551.SH,奥普家居,家居用品
1399,603898.SH,好莱客,家居用品
1400,603091.SH,众鑫股份,家居用品
1401,603551.SH,奥普科技,家居用品
1402,002853.SZ,皮阿诺,家居用品
1403,301061.SZ,匠心家居,家居用品
1404,603992.SH,松霖科技,家居用品
1405,002790.SZ,瑞尔特,家居用品
1406,300729.SZ,乐歌股份,家居用品
1407,300616.SZ,尚品宅配,家居用品
1408,301004.SZ,嘉益股份,家居用品
1409,001322.SZ,箭牌家居,家居用品
1410,301227.SZ,森鹰窗业,家居用品
1411,001238.SZ,浙江正特,家居用品
1412,001323.SZ,慕思股份,家居用品
1413,301588.SZ,美新科技,家居用品
1414,003011.SZ,海象新材,家居用品
1415,603221.SH,爱丽家居,家居用品
1416,603833.SH,欧派家居,家居用品
1417,603408.SH,建霖家居,家居用品
1418,603661.SH,恒林股份,家居用品
1419,603600.SH,永艺股份,家居用品
1420,605155.SH,西大门,家居用品
1421,603816.SH,顾家家居,家居用品
1422,605268.SH,王力安防,家居用品
1423,603208.SH,江山欧派,家居用品
1424,831445.BJ,龙竹科技,家居用品
1425,002084.SZ,海鸥住工,家居用品
1426,300993.SZ,玉马遮阳,家居用品
1427,834765.BJ,美之高,家居用品
1428,603008.SH,喜临门,家居用品
1429,603818.SH,曲美家居,家居用品
1430,603313.SH,梦百合,家居用品
1431,301356.SZ,天振股份,家居用品
1432,603848.SH,好太太,家居用品
1433,301376.SZ,致欧科技,家居用品
1434,603272.SH,联翔股份,家居用品
1435,002615.SZ,哈尔斯,家居用品
1436,301193.SZ,家联科技,家居用品
1437,603180.SH,金牌厨柜,家居用品
1438,603326.SH,我乐家居,家居用品
1439,603610.SH,麒盛科技,家居用品
1440,002572.SZ,索菲亚,家居用品
1441,603195.SH,公牛集团,家用电器
1442,301332.SZ,德尔玛,家用电器
1443,603366.SH,日出东方,家用电器
1444,000801.SZ,四川九洲,家用电器
1445,000651.SZ,格力电器,家用电器
1446,600060.SH,海信视像,家用电器
1447,301525.SZ,儒竞科技,家用电器
1448,603579.SH,荣泰健康,家用电器
1449,301187.SZ,欧圣电气,家用电器
1450,300342.SZ,天银机电,家用电器
1451,300911.SZ,亿田智能,家用电器
1452,002614.SZ,奥佳华,家用电器
1453,870726.BJ,鸿智科技,家用电器
1454,002429.SZ,兆驰股份,家用电器
1455,002860.SZ,星帅尔,家用电器
1456,600690.SH,海尔智家,家用电器
1457,000016.SZ,深康佳A,家用电器
1458,603303.SH,得邦照明,家用电器
1459,600839.SH,四川长虹,家用电器
1460,002032.SZ,苏泊尔,家用电器
1461,870199.BJ,倍益康,家用电器
1462,300272.SZ,开能健康,家用电器
1463,688609.SH,九联科技,家用电器
1464,000521.SZ,长虹美菱,家用电器
1465,002050.SZ,三花智控,家用电器
1466,002011.SZ,盾安环境,家用电器
1467,300217.SZ,东方电热,家用电器
1468,002668.SZ,TCL智家,家用电器
1469,603075.SH,热威股份,家用电器
1470,831768.BJ,拾比佰,家用电器
1471,836699.BJ,海达尔,家用电器
1472,300894.SZ,火星人,家用电器
1473,603311.SH,金海高科,家用电器
1474,002508.SZ,老板电器,家用电器
1475,603215.SH,比依股份,家用电器
1476,603868.SH,飞科电器,家用电器
1477,603519.SH,立霸股份,家用电器
1478,000541.SZ,佛山照明,家用电器
1479,001387.SZ,雪祺电气,家用电器
1480,002035.SZ,华帝股份,家用电器
1481,000921.SZ,海信家电,家用电器
1482,603486.SH,科沃斯,家用电器
1483,688169.SH,石头科技,家用电器
1484,603515.SH,欧普照明,家用电器
1485,603219.SH,富佳股份,家用电器
1486,605336.SH,帅丰电器,家用电器
1487,603657.SH,春光科技,家用电器
1488,300160.SZ,秀强股份,家用电器
1489,002242.SZ,九阳股份,家用电器
1490,002668.SZ,奥马电器,家用电器
1491,000404.SZ,长虹华意,家用电器
1492,603355.SH,莱克电气,家用电器
1493,002723.SZ,小崧股份,家用电器
1494,002677.SZ,浙江美大,家用电器
1495,002705.SZ,新宝股份,家用电器
1496,002959.SZ,小熊电器,家用电器
1497,300824.SZ,北鼎股份,家用电器
1498,873339.BJ,恒太照明,家用电器
1499,000810.SZ,创维数字,家用电器
1500,605555.SH,德昌股份,家用电器
1501,688696.SH,极米科技,家用电器
1502,000333.SZ,美的集团,家用电器
1503,430718.BJ,合肥高科,家用电器
1504,002543.SZ,万和电气,家用电器
1505,688793.SH,倍轻松,家用电器
1506,000962.SZ,东方钽业,小金属
1507,300855.SZ,图南股份,小金属
1508,000657.SZ,中钨高新,小金属
1509,301026.SZ,浩通科技,小金属
1510,002460.SZ,赣锋锂业,小金属
1511,002756.SZ,永兴材料,小金属
1512,000960.SZ,锡业股份,小金属
1513,600301.SH,南化股份,小金属
1514,603993.SH,洛阳钼业,小金属
1515,831152.BJ,昆工科技,小金属
1516,601137.SH,博威合金,小金属
1517,603799.SH,华友钴业,小金属
1518,600456.SH,宝钛股份,小金属
1519,002738.SZ,中矿资源,小金属
1520,002182.SZ,云海金属,小金属
1521,002978.SZ,安宁股份,小金属
1522,002240.SZ,盛新锂能,小金属
1523,600259.SH,广晟有色,小金属
1524,833751.BJ,惠同新材,小金属
1525,601958.SH,金钼股份,小金属
1526,600549.SH,厦门钨业,小金属
1527,300930.SZ,屹通新材,小金属
1528,000762.SZ,西藏矿业,小金属
1529,000831.SZ,中国稀土,小金属
1530,605376.SH,博迁新材,小金属
1531,002149.SZ,西部材料,小金属
1532,301219.SZ,腾远钴业,小金属
1533,600111.SH,北方稀土,小金属
1534,839167.BJ,同享科技,小金属
1535,600301.SH,华锡有色,小金属
1536,002497.SZ,雅化集团,小金属
1537,300618.SZ,寒锐钴业,小金属
1538,002182.SZ,宝武镁业,小金属
1539,833914.BJ,远航精密,小金属
1540,688122.SH,西部超导,小金属
1541,002340.SZ,格林美,小金属
1542,301522.SZ,上大股份,小金属
1543,000629.SZ,钒钛股份,小金属
1544,688786.SH,悦安新材,小金属
1545,000969.SZ,安泰科技,小金属
1546,603663.SH,三祥新材,小金属
1547,300963.SZ,中洲特材,小金属
1548,002466.SZ,天齐锂业,小金属
1549,600392.SH,盛和资源,小金属
1550,873576.BJ,天力复合,小金属
1551,002378.SZ,章源钨业,小金属
1552,830839.BJ,万通液压,工程机械
1553,000680.SZ,山推股份,工程机械
1554,688425.SH,铁建重工,工程机械
1555,603298.SH,杭叉集团,工程机械
1556,603338.SH,浙江鼎力,工程机械
1557,600761.SH,安徽合力,工程机械
1558,300201.SZ,海伦哲,工程机械
1559,000811.SZ,冰轮环境,工程机械
1560,001360.SZ,南矿集团,工程机械
1561,000157.SZ,中联重科,工程机械
1562,873706.BJ,铁拓机械,工程机械
1563,000425.SZ,徐工机械,工程机械
1564,835174.BJ,五新隧装,工程机械
1565,601399.SH,国机重装,工程机械
1566,600031.SH,三一重工,工程机械
1567,300275.SZ,梅安森,工程机械
1568,605305.SH,中际联合,工程机械
1569,002009.SZ,天奇股份,工程机械
1570,834599.BJ,同力股份,工程机械
1571,601100.SH,恒立液压,工程机械
1572,002158.SZ,汉钟精机,工程机械
1573,301161.SZ,唯万密封,工程机械
1574,300185.SZ,通裕重工,工程机械
1575,001239.SZ,永达股份,工程机械
1576,000528.SZ,柳工,工程机械
1577,833075.BJ,柏星龙,广告包装
1578,300280.SZ,紫天科技,广告包装
1579,001279.SZ,强邦新材,广告包装
1580,872392.BJ,佳合科技,广告包装
1581,002846.SZ,英联股份,广告包装
1582,300058.SZ,蓝色光标,广告包装
1583,002291.SZ,星期六,广告包装
1584,002291.SZ,遥望科技,广告包装
1585,002878.SZ,元隆雅图,广告包装
1586,837174.BJ,宏裕包材,广告包装
1587,600210.SH,紫江企业,广告包装
1588,301102.SZ,兆讯传媒,广告包装
1589,301062.SZ,上海艾录,广告包装
1590,002752.SZ,昇兴股份,广告包装
1591,002243.SZ,力合科创,广告包装
1592,300781.SZ,因赛集团,广告包装
1593,301296.SZ,新巨丰,广告包装
1594,000917.SZ,电广传媒,广告包装
1595,002599.SZ,盛通股份,广告包装
1596,601968.SH,宝钢包装,广告包装
1597,002831.SZ,裕同科技,广告包装
1598,603687.SH,大胜达,广告包装
1599,002191.SZ,劲嘉股份,广告包装
1600,002027.SZ,分众传媒,广告包装
1601,002701.SZ,奥瑞金,广告包装
1602,603499.SH,翔港科技,广告包装
1603,301355.SZ,南王科技,广告包装
1604,003001.SZ,中岩大地,建筑工程
1605,836208.BJ,青矩技术,建筑工程
1606,603060.SH,国检集团,建筑工程
1607,600512.SH,腾达建设,建筑工程
1608,605167.SH,利柏特,建筑工程
1609,601668.SH,中国建筑,建筑工程
1610,300986.SZ,志特新材,建筑工程
1611,300492.SZ,华图山鼎,建筑工程
1612,301098.SZ,金埔园林,建筑工程
1613,603357.SH,设计总院,建筑工程
1614,600720.SH,祁连山,建筑工程
1615,605598.SH,上海港湾,建筑工程
1616,601133.SH,柏诚股份,建筑工程
1617,300989.SZ,蕾奥规划,建筑工程
1618,836892.BJ,广咨国际,建筑工程
1619,600039.SH,四川路桥,建筑工程
1620,600248.SH,陕西建工,建筑工程
1621,600820.SH,隧道股份,建筑工程
1622,000032.SZ,深桑达A,建筑工程
1623,603017.SH,中衡设计,建筑工程
1624,600720.SH,中交设计,建筑工程
1625,603163.SH,圣晖集成,建筑工程
1626,300982.SZ,苏文电能,建筑工程
1627,600170.SH,上海建工,建筑工程
1628,002062.SZ,宏润建设,建筑工程
1629,601669.SH,中国电建,建筑工程
1630,002140.SZ,东华科技,建筑工程
1631,300284.SZ,苏交科,建筑工程
1632,000090.SZ,天健集团,建筑工程
1633,601226.SH,华电重工,建筑工程
1634,002060.SZ,广东建工,建筑工程
1635,002116.SZ,中国海诚,建筑工程
1636,300977.SZ,深圳瑞捷,建筑工程
1637,601186.SH,中国铁建,建筑工程
1638,300021.SZ,大禹节水,建筑工程
1639,603018.SH,华设集团,建筑工程
1640,300746.SZ,汉嘉设计,建筑工程
1641,600284.SH,浦东建设,建筑工程
1642,301058.SZ,中粮科工,建筑工程
1643,301115.SZ,建科股份,建筑工程
1644,301046.SZ,能辉科技,建筑工程
1645,601618.SH,中国中冶,建筑工程
1646,300536.SZ,农尚环境,建筑工程
1647,003013.SZ,地铁设计,建筑工程
1648,831039.BJ,国义招标,建筑工程
1649,000498.SZ,山东路桥,建筑工程
1650,600629.SH,华建集团,建筑工程
1651,002051.SZ,中工国际,建筑工程
1652,002949.SZ,华阳国际,建筑工程
1653,300384.SZ,三联虹普,建筑工程
1654,603359.SH,东珠生态,建筑工程
1655,830964.BJ,润农节水,建筑工程
1656,603153.SH,上海建科,建筑工程
1657,601800.SH,中国交建,建筑工程
1658,601868.SH,中国能建,建筑工程
1659,301505.SZ,苏州规划,建筑工程
1660,301365.SZ,矩阵股份,建筑工程
1661,833427.BJ,华维设计,建筑工程
1662,833873.BJ,中设咨询,建筑工程
1663,600502.SH,安徽建工,建筑工程
1664,002061.SZ,浙江交科,建筑工程
1665,000065.SZ,北方国际,建筑工程
1666,601117.SH,中国化学,建筑工程
1667,600491.SH,龙元建设,建筑工程
1668,836149.BJ,旭杰科技,建筑工程
1669,001267.SZ,汇绿生态,建筑工程
1670,601390.SH,中国中铁,建筑工程
1671,600970.SH,中材国际,建筑工程
1672,002060.SZ,粤水电,建筑工程
1673,603909.SH,建发合诚,建筑工程
1674,300826.SZ,测绘股份,建筑工程
1675,300675.SZ,建科院,建筑工程
1676,300712.SZ,永福股份,建筑工程
1677,601611.SH,中国核建,建筑工程
1678,000928.SZ,中钢国际,建筑工程
1679,600248.SH,陕建股份,建筑工程
1680,000779.SZ,甘咨询,建筑工程
1681,301262.SZ,海看股份,影视音像
1682,300413.SZ,芒果超媒,影视音像
1683,300133.SZ,华策影视,影视音像
1684,301551.SZ,无线传媒,影视音像
1685,002292.SZ,奥飞娱乐,影视音像
1686,300291.SZ,百纳千成,影视音像
1687,300426.SZ,唐德影视,影视音像
1688,834021.BJ,流金科技,影视音像
1689,002343.SZ,慈文传媒,影视音像
1690,600977.SH,中国电影,影视音像
1691,601929.SH,吉视传媒,影视音像
1692,000156.SZ,华数传媒,影视音像
1693,601595.SH,上海电影,影视音像
1694,300251.SZ,光线传媒,影视音像
1695,300182.SZ,捷成股份,影视音像
1696,001330.SZ,博纳影业,影视音像
1697,603103.SH,横店影视,影视音像
1698,300770.SZ,新媒股份,影视音像
1699,002739.SZ,万达电影,影视音像
1700,300947.SZ,德必集团,房产服务
1701,002968.SZ,新大正,房产服务
1702,001914.SZ,招商积余,房产服务
1703,000560.SZ,我爱我家,房产服务
1704,603506.SH,南都物业,房产服务
1705,001316.SZ,润贝航科,批发业
1706,603071.SH,物产环能,批发业
1707,000913.SZ,钱江摩托,摩托车
1708,603787.SH,新日股份,摩托车
1709,603529.SH,爱玛科技,摩托车
1710,834058.BJ,华洋赛车,摩托车
1711,301322.SZ,绿通科技,摩托车
1712,001696.SZ,宗申动力,摩托车
1713,689009.SH,九号公司,摩托车
1714,603129.SH,春风动力,摩托车
1715,301345.SZ,涛涛车业,摩托车
1716,603766.SH,隆鑫通用,摩托车
1717,600861.SH,北京人力,文教休闲
1718,301101.SZ,明月镜片,文教休闲
1719,301313.SZ,凡拓数创,文教休闲
1720,001222.SZ,源飞宠物,文教休闲
1721,002858.SZ,力盛体育,文教休闲
1722,301169.SZ,零点有数,文教休闲
1723,300994.SZ,久祺股份,文教休闲
1724,605099.SH,共创草坪,文教休闲
1725,600661.SH,昂立教育,文教休闲
1726,603899.SH,晨光股份,文教休闲
1727,002659.SZ,凯文教育,文教休闲
1728,300688.SZ,创业黑马,文教休闲
1729,300860.SZ,锋尚文化,文教休闲
1730,300662.SZ,科锐国际,文教休闲
1731,002093.SZ,国脉科技,文教休闲
1732,600662.SH,外服控股,文教休闲
1733,301287.SZ,康力源,文教休闲
1734,603466.SH,风语筑,文教休闲
1735,001368.SZ,通达创智,文教休闲
1736,600158.SH,中体产业,文教休闲
1737,002301.SZ,齐心集团,文教休闲
1738,603307.SH,扬州金泉,文教休闲
1739,605098.SH,行动教育,文教休闲
1740,003032.SZ,传智教育,文教休闲
1741,002607.SZ,中公教育,文教休闲
1742,000526.SZ,学大教育,文教休闲
1743,301011.SZ,华立科技,文教休闲
1744,605080.SH,浙江自然,文教休闲
1745,300192.SZ,科德教育,文教休闲
1746,300795.SZ,米奥会展,文教休闲
1747,301335.SZ,天元宠物,文教休闲
1748,600826.SH,兰生股份,文教休闲
1749,605299.SH,舒华体育,文教休闲
1750,600821.SH,金开新能,新型电力
1751,003816.SZ,中国广核,新型电力
1752,601778.SH,晶科科技,新型电力
1753,600905.SH,三峡能源,新型电力
1754,601222.SH,林洋能源,新型电力
1755,600032.SH,浙江新能,新型电力
1756,001289.SZ,龙源电力,新型电力
1757,601619.SH,嘉泽新能,新型电力
1758,000155.SZ,川能动力,新型电力
1759,603693.SH,江苏新能,新型电力
1760,300040.SZ,九洲集团,新型电力
1761,002015.SZ,协鑫能科,新型电力
1762,000040.SZ,东旭蓝天,新型电力
1763,600163.SH,中闽能源,新型电力
1764,601016.SH,节能风电,新型电力
1765,000537.SZ,中绿电,新型电力
1766,001255.SZ,博菲电气,新型电力
1767,000591.SZ,太阳能,新型电力
1768,003035.SZ,南网能源,新型电力
1769,601985.SH,中国核电,新型电力
1770,000862.SZ,银星能源,新型电力
1771,600706.SH,曲江文旅,旅游景点
1772,600054.SH,黄山旅游,旅游景点
1773,603099.SH,长白山,旅游景点
1774,603136.SH,天目湖,旅游景点
1775,600576.SH,祥源文旅,旅游景点
1776,002033.SZ,丽江股份,旅游景点
1777,300144.SZ,宋城演艺,旅游景点
1778,600138.SH,中青旅,旅游景点
1779,000888.SZ,峨眉山A,旅游景点
1780,600749.SH,西藏旅游,旅游景点
1781,603199.SH,九华旅游,旅游景点
1782,300859.SZ,西域旅游,旅游服务
1783,000524.SZ,岭南控股,旅游服务
1784,300756.SZ,金马游乐,旅游服务
1785,002707.SZ,众信旅游,旅游服务
1786,601888.SH,中国中免,旅游服务
1787,002159.SZ,三特索道,旅游服务
1788,600223.SH,福瑞达,日用化工
1789,600315.SH,上海家化,日用化工
1790,600249.SH,两面针,日用化工
1791,300740.SZ,水羊股份,日用化工
1792,300955.SZ,嘉亨家化,日用化工
1793,603193.SH,润本股份,日用化工
1794,002637.SZ,赞宇科技,日用化工
1795,300856.SZ,科思股份,日用化工
1796,301283.SZ,聚胶股份,日用化工
1797,603059.SH,倍加洁,日用化工
1798,600223.SH,鲁商发展,日用化工
1799,301108.SZ,洁雅股份,日用化工
1800,301371.SZ,敷尔佳,日用化工
1801,603605.SH,珀莱雅,日用化工
1802,603983.SH,丸美股份,日用化工
1803,837023.BJ,芭薇股份,日用化工
1804,001328.SZ,登康口腔,日用化工
1805,300957.SZ,贝泰妮,日用化工
1806,002110.SZ,三钢闽光,普钢
1807,600782.SH,新钢股份,普钢
1808,000932.SZ,华菱钢铁,普钢
1809,601003.SH,柳钢股份,普钢
1810,600126.SH,杭钢股份,普钢
1811,600019.SH,宝钢股份,普钢
1812,600010.SH,包钢股份,普钢
1813,600022.SH,山东钢铁,普钢
1814,601121.SH,宝地矿业,普钢
1815,001203.SZ,大中矿业,普钢
1816,000923.SZ,河钢资源,普钢
1817,600581.SH,八一钢铁,普钢
1818,600282.SH,南钢股份,普钢
1819,601969.SH,海南矿业,普钢
1820,600400.SH,红豆股份,服饰
1821,603958.SH,哈森股份,服饰
1822,002832.SZ,比音勒芬,服饰
1823,600612.SH,老凤祥,服饰
1824,002345.SZ,潮宏基,服饰
1825,300901.SZ,中胤时尚,服饰
1826,603839.SH,安正时尚,服饰
1827,605138.SH,盛泰集团,服饰
1828,002612.SZ,朗姿股份,服饰
1829,002867.SZ,周大生,服饰
1830,003016.SZ,欣贺股份,服饰
1831,601566.SH,九牧王,服饰
1832,605599.SH,菜百股份,服饰
1833,002494.SZ,华斯股份,服饰
1834,002762.SZ,金发拉比,服饰
1835,002029.SZ,七匹狼,服饰
1836,603877.SH,太平鸟,服饰
1837,300005.SZ,探路者,服饰
1838,301088.SZ,戎美股份,服饰
1839,603518.SH,锦泓集团,服饰
1840,002687.SZ,乔治白,服饰
1841,301177.SZ,迪阿股份,服饰
1842,002563.SZ,森马服饰,服饰
1843,600398.SH,海澜之家,服饰
1844,000026.SZ,飞亚达,服饰
1845,002780.SZ,三夫户外,服饰
1846,002154.SZ,报喜鸟,服饰
1847,603001.SH,奥康国际,服饰
1848,300979.SZ,华利集团,服饰
1849,301276.SZ,嘉曼服饰,服饰
1850,002003.SZ,伟星股份,服饰
1851,603808.SH,歌力思,服饰
1852,603587.SH,地素时尚,服饰
1853,300945.SZ,曼卡龙,服饰
1854,300840.SZ,酷特智能,服饰
1855,600916.SH,中国黄金,服饰
1856,600009.SH,上海机场,机场
1857,600515.SH,海南机场,机场
1858,000089.SZ,深圳机场,机场
1859,600004.SH,白云机场,机场
1860,002943.SZ,宇晶股份,机床制造
1861,688305.SH,科德数控,机床制造
1862,688697.SH,纽威数控,机床制造
1863,300161.SZ,华中数控,机床制造
1864,002559.SZ,亚威股份,机床制造
1865,688577.SH,浙海德曼,机床制造
1866,688558.SH,国盛智科,机床制造
1867,301603.SZ,乔锋智能,机床制造
1868,000837.SZ,秦川机床,机床制造
1869,688648.SH,中邮科技,机床制造
1870,002520.SZ,日发精机,机床制造
1871,831855.BJ,浙江大农,机床制造
1872,300809.SZ,华辰装备,机床制造
1873,300083.SZ,创世纪,机床制造
1874,838670.BJ,恒进感应,机床制造
1875,601882.SH,海天精工,机床制造
1876,002903.SZ,宇环数控,机床制造
1877,300345.SZ,华民股份,机械基件
1878,873223.BJ,荣亿精密,机械基件
1879,688355.SH,明志科技,机械基件
1880,300850.SZ,新强联,机械基件
1881,603308.SH,应流股份,机械基件
1882,002438.SZ,江苏神通,机械基件
1883,836807.BJ,奔朗新材,机械基件
1884,832662.BJ,方盛股份,机械基件
1885,873593.BJ,鼎智科技,机械基件
1886,002046.SZ,国机精工,机械基件
1887,301232.SZ,飞沃科技,机械基件
1888,603269.SH,海鸥股份,机械基件
1889,301311.SZ,昆船智能,机械基件
1890,301368.SZ,丰立智能,机械基件
1891,603757.SH,大元泵业,机械基件
1892,300260.SZ,新莱应材,机械基件
1893,603667.SH,五洲新春,机械基件
1894,688308.SH,欧科亿,机械基件
1895,300470.SZ,中密控股,机械基件
1896,871245.BJ,威博液压,机械基件
1897,603699.SH,纽威股份,机械基件
1898,601177.SH,杭齿前进,机械基件
1899,833943.BJ,优机股份,机械基件
1900,301202.SZ,朗威股份,机械基件
1901,301268.SZ,铭利达,机械基件
1902,301261.SZ,恒工精密,机械基件
1903,000530.SZ,冰山冷热,机械基件
1904,430510.BJ,丰光精密,机械基件
1905,836942.BJ,恒立钻具,机械基件
1906,688257.SH,新锐股份,机械基件
1907,002184.SZ,海得控制,机械基件
1908,600114.SH,东睦股份,机械基件
1909,870508.BJ,丰安股份,机械基件
1910,603915.SH,国茂股份,机械基件
1911,300421.SZ,力星股份,机械基件
1912,873169.BJ,七丰精工,机械基件
1913,603187.SH,海容冷链,机械基件
1914,301377.SZ,鼎泰高科,机械基件
1915,605389.SH,长龄液压,机械基件
1916,301446.SZ,福事特,机械基件
1917,300988.SZ,津荣天宇,机械基件
1918,300838.SZ,浙江力诺,机械基件
1919,301399.SZ,英特科技,机械基件
1920,300145.SZ,中金环境,机械基件
1921,300718.SZ,长盛轴承,机械基件
1922,601369.SH,陕鼓动力,机械基件
1923,688379.SH,华光新材,机械基件
1924,603173.SH,福斯达,机械基件
1925,301548.SZ,崇德科技,机械基件
1926,002272.SZ,川润股份,机械基件
1927,301596.SZ,瑞迪智驱,机械基件
1928,002795.SZ,永和智控,机械基件
1929,688059.SH,华锐精密,机械基件
1930,300488.SZ,恒锋工具,机械基件
1931,605060.SH,联德股份,机械基件
1932,002747.SZ,埃斯顿,机械基件
1933,002884.SZ,凌霄泵业,机械基件
1934,001379.SZ,腾达科技,机械基件
1935,835579.BJ,机科股份,机械基件
1936,873570.BJ,坤博精工,机械基件
1937,301160.SZ,翔楼新材,机械基件
1938,688017.SH,绿的谐波,机械基件
1939,301252.SZ,同星科技,机械基件
1940,000777.SZ,中核科技,机械基件
1941,001306.SZ,夏厦精密,机械基件
1942,873693.BJ,阿为特,机械基件
1943,300606.SZ,金太阳,机械基件
1944,002877.SZ,智能自控,机械基件
1945,301317.SZ,鑫磊股份,机械基件
1946,300946.SZ,恒而达,机械基件
1947,873305.BJ,九菱科技,机械基件
1948,688028.SH,沃尔德,机械基件
1949,002896.SZ,中大力德,机械基件
1950,301070.SZ,开勒股份,机械基件
1951,603270.SH,金帝股份,机械基件
1952,603112.SH,华翔股份,机械基件
1953,688395.SH,正弦电气,机械基件
1954,688333.SH,铂力特,机械基件
1955,002598.SZ,山东章鼓,机械基件
1956,873726.BJ,卓兆点胶,机械基件
1957,301273.SZ,瑞晨环保,机械基件
1958,002150.SZ,通润装备,机械基件
1959,836720.BJ,吉冈精密,机械基件
1960,688157.SH,松井股份,染料涂料
1961,300798.SZ,锦鸡股份,染料涂料
1962,603378.SH,亚士创能,染料涂料
1963,301618.SZ,长联科技,染料涂料
1964,603737.SH,三棵树,染料涂料
1965,603823.SH,百合花,染料涂料
1966,603062.SH,麦加芯彩,染料涂料
1967,301190.SZ,善水科技,染料涂料
1968,300537.SZ,广信材料,染料涂料
1969,603172.SH,万丰股份,染料涂料
1970,300522.SZ,世名科技,染料涂料
1971,600352.SH,浙江龙盛,染料涂料
1972,688571.SH,杭华股份,染料涂料
1973,300905.SZ,宝丽迪,染料涂料
1974,836247.BJ,华密新材,橡胶
1975,601118.SH,海南橡胶,橡胶
1976,002381.SZ,双箭股份,橡胶
1977,605008.SH,长鸿高科,橡胶
1978,300767.SZ,震安科技,橡胶
1979,300320.SZ,海达股份,橡胶
1980,301323.SZ,新莱福,橡胶
1981,873665.BJ,科强股份,橡胶
1982,832225.BJ,利通科技,橡胶
1983,300587.SZ,天铁股份,橡胶
1984,300731.SZ,科创新源,橡胶
1985,600900.SH,长江电力,水力发电
1986,600674.SH,川投能源,水力发电
1987,600116.SH,三峡水利,水力发电
1988,600995.SH,南网储能,水力发电
1989,600236.SH,桂冠电力,水力发电
1990,600025.SH,华能水电,水力发电
1991,000601.SZ,韶能股份,水力发电
1992,600101.SH,明星电力,水力发电
1993,002039.SZ,黔源电力,水力发电
1994,600886.SH,国投电力,水力发电
1995,000883.SZ,湖北能源,水力发电
1996,000791.SZ,甘肃能源,水力发电
1997,600310.SH,广西能源,水力发电
1998,600008.SH,首创环保,水务
1999,603291.SH,联合水务,水务
2000,601199.SH,江南水务,水务
2001,600461.SH,洪城环境,水务
2002,000598.SZ,兴蓉环境,水务
2003,605122.SH,四方新材,水泥
2004,002233.SZ,塔牌集团,水泥
2005,000935.SZ,四川双马,水泥
2006,600449.SH,宁夏建材,水泥
2007,000877.SZ,天山股份,水泥
2008,000401.SZ,冀东水泥,水泥
2009,000789.SZ,万年青,水泥
2010,600326.SH,西藏天路,水泥
2011,601992.SH,金隅集团,水泥
2012,002302.SZ,西部建设,水泥
2013,600425.SH,青松建化,水泥
2014,000672.SZ,上峰水泥,水泥
2015,600585.SH,海螺水泥,水泥
2016,600801.SH,华新水泥,水泥
2017,601975.SH,招商南油,水运
2018,600026.SH,中远海能,水运
2019,600751.SH,海航科技,水运
2020,603167.SH,渤海轮渡,水运
2021,601872.SH,招商轮船,水运
2022,833171.BJ,国航远洋,水运
2023,002320.SZ,海峡股份,水运
2024,601083.SH,锦江航运,水运
2025,001205.SZ,盛航股份,水运
2026,600428.SH,中远海特,水运
2027,603162.SH,海通发展,水运
2028,603565.SH,中谷物流,水运
2029,601866.SH,中远海发,水运
2030,603209.SH,兴通股份,水运
2031,601919.SH,中远海控,水运
2032,601022.SH,宁波远洋,水运
2033,600733.SH,北汽蓝谷,汽车整车
2034,000550.SZ,江铃汽车,汽车整车
2035,000951.SZ,中国重汽,汽车整车
2036,301039.SZ,中集车辆,汽车整车
2037,600104.SH,上汽集团,汽车整车
2038,600166.SH,福田汽车,汽车整车
2039,000800.SZ,一汽解放,汽车整车
2040,600006.SH,东风股份,汽车整车
2041,601633.SH,长城汽车,汽车整车
2042,601238.SH,广汽集团,汽车整车
2043,600066.SH,宇通客车,汽车整车
2044,002594.SZ,比亚迪,汽车整车
2045,600686.SH,金龙汽车,汽车整车
2046,601127.SH,赛力斯,汽车整车
2047,000625.SZ,长安汽车,汽车整车
2048,600418.SH,江淮汽车,汽车整车
2049,601965.SH,中国汽研,汽车服务
2050,838030.BJ,德众汽车,汽车服务
2051,300825.SZ,阿尔特,汽车服务
2052,603377.SH,东方时尚,汽车服务
2053,301215.SZ,中汽股份,汽车服务
2054,600335.SH,国机汽车,汽车服务
2055,832000.BJ,安徽凤凰,汽车配件
2056,688612.SH,威迈斯,汽车配件
2057,600741.SH,华域汽车,汽车配件
2058,002448.SZ,中原内配,汽车配件
2059,603119.SH,浙江荣泰,汽车配件
2060,001380.SZ,华纬科技,汽车配件
2061,300100.SZ,双林股份,汽车配件
2062,300304.SZ,云意电气,汽车配件
2063,601966.SH,玲珑轮胎,汽车配件
2064,300375.SZ,鹏翎股份,汽车配件
2065,301550.SZ,斯菱股份,汽车配件
2066,603085.SH,天成自控,汽车配件
2067,603768.SH,常青股份,汽车配件
2068,601163.SH,三角轮胎,汽车配件
2069,002434.SZ,万里扬,汽车配件
2070,603960.SH,克来机电,汽车配件
2071,605133.SH,嵘泰股份,汽车配件
2072,002920.SZ,德赛西威,汽车配件
2073,300652.SZ,雷迪克,汽车配件
2074,301613.SZ,新铝时代,汽车配件
2075,688339.SH,亿华通,汽车配件
2076,002984.SZ,森麒麟,汽车配件
2077,601500.SH,通用股份,汽车配件
2078,605228.SH,神通科技,汽车配件
2079,603161.SH,科华控股,汽车配件
2080,605128.SH,上海沿浦,汽车配件
2081,603319.SH,湘油泵,汽车配件
2082,838837.BJ,华原股份,汽车配件
2083,603013.SH,亚普股份,汽车配件
2084,000338.SZ,潍柴动力,汽车配件
2085,301607.SZ,富特科技,汽车配件
2086,300643.SZ,万通智控,汽车配件
2087,301529.SZ,福赛科技,汽车配件
2088,603997.SH,继峰股份,汽车配件
2089,603306.SH,华懋科技,汽车配件
2090,300893.SZ,松原股份,汽车配件
2091,600699.SH,均胜电子,汽车配件
2092,838171.BJ,邦德股份,汽车配件
2093,002516.SZ,旷达科技,汽车配件
2094,301552.SZ,科力装备,汽车配件
2095,300580.SZ,贝斯特,汽车配件
2096,300969.SZ,恒帅股份,汽车配件
2097,002239.SZ,奥特佳,汽车配件
2098,300547.SZ,川环科技,汽车配件
2099,301005.SZ,超捷股份,汽车配件
2100,300446.SZ,航天智造,汽车配件
2101,301397.SZ,溯联股份,汽车配件
2102,688533.SH,上声电子,汽车配件
2103,301459.SZ,丰茂股份,汽车配件
2104,603633.SH,徕木股份,汽车配件
2105,300680.SZ,隆盛科技,汽车配件
2106,603358.SH,华达科技,汽车配件
2107,001319.SZ,铭科精技,汽车配件
2108,301170.SZ,锡南科技,汽车配件
2109,688737.SH,中自科技,汽车配件
2110,873833.BJ,美心翼申,汽车配件
2111,300446.SZ,乐凯新材,汽车配件
2112,002976.SZ,瑞玛精密,汽车配件
2113,831278.BJ,泰德股份,汽车配件
2114,002454.SZ,松芝股份,汽车配件
2115,870436.BJ,大地电气,汽车配件
2116,839946.BJ,华阳变速,汽车配件
2117,605333.SH,沪光股份,汽车配件
2118,833454.BJ,同心传动,汽车配件
2119,301133.SZ,金钟股份,汽车配件
2120,002906.SZ,华阳集团,汽车配件
2121,300258.SZ,精锻科技,汽车配件
2122,832978.BJ,开特股份,汽车配件
2123,603107.SH,上海汽配,汽车配件
2124,002664.SZ,信质集团,汽车配件
2125,430418.BJ,苏轴股份,汽车配件
2126,000700.SZ,模塑科技,汽车配件
2127,300863.SZ,卡倍亿,汽车配件
2128,301488.SZ,豪恩汽电,汽车配件
2129,000581.SZ,威孚高科,汽车配件
2130,600480.SH,凌云股份,汽车配件
2131,002536.SZ,飞龙股份,汽车配件
2132,300681.SZ,英搏尔,汽车配件
2133,603730.SH,岱美股份,汽车配件
2134,300695.SZ,兆丰股份,汽车配件
2135,002708.SZ,光洋股份,汽车配件
2136,300928.SZ,华安鑫创,汽车配件
2137,600933.SH,爱柯迪,汽车配件
2138,603197.SH,保隆科技,汽车配件
2139,603596.SH,伯特利,汽车配件
2140,603009.SH,北特科技,汽车配件
2141,605319.SH,无锡振华,汽车配件
2142,301539.SZ,宏鑫科技,汽车配件
2143,000887.SZ,中鼎股份,汽车配件
2144,601799.SH,星宇股份,汽车配件
2145,001282.SZ,三联锻造,汽车配件
2146,301225.SZ,恒勃股份,汽车配件
2147,837242.BJ,建邦科技,汽车配件
2148,601058.SH,赛轮轮胎,汽车配件
2149,002101.SZ,广东鸿图,汽车配件
2150,601689.SH,拓普集团,汽车配件
2151,600660.SH,福耀玻璃,汽车配件
2152,000589.SZ,贵州轮胎,汽车配件
2153,301000.SZ,肇民科技,汽车配件
2154,000981.SZ,山子股份,汽车配件
2155,301310.SZ,鑫宏业,汽车配件
2156,603201.SH,常润股份,汽车配件
2157,301499.SZ,维科精密,汽车配件
2158,836221.BJ,易实精密,汽车配件
2159,603239.SH,浙江仙通,汽车配件
2160,003033.SZ,征和工业,汽车配件
2161,873690.BJ,捷众科技,汽车配件
2162,300611.SZ,美力科技,汽车配件
2163,830896.BJ,旺成科技,汽车配件
2164,605068.SH,明新旭腾,汽车配件
2165,002965.SZ,祥鑫科技,汽车配件
2166,300745.SZ,欣锐科技,汽车配件
2167,603758.SH,秦安股份,汽车配件
2168,002870.SZ,香山股份,汽车配件
2169,002283.SZ,天润工业,汽车配件
2170,001260.SZ,坤泰股份,汽车配件
2171,603305.SH,旭升股份,汽车配件
2172,002488.SZ,金固股份,汽车配件
2173,603348.SH,文灿股份,汽车配件
2174,603786.SH,科博达,汽车配件
2175,603035.SH,常熟汽饰,汽车配件
2176,605088.SH,冠盛股份,汽车配件
2177,300432.SZ,富临精工,汽车配件
2178,833533.BJ,骏创科技,汽车配件
2179,603809.SH,豪能股份,汽车配件
2180,300978.SZ,东箭科技,汽车配件
2181,603190.SH,亚通精工,汽车配件
2182,002284.SZ,亚太股份,汽车配件
2183,688667.SH,菱电电控,汽车配件
2184,002472.SZ,双环传动,汽车配件
2185,002703.SZ,浙江世宝,汽车配件
2186,688326.SH,经纬恒润,汽车配件
2187,603701.SH,德宏股份,汽车配件
2188,603166.SH,福达股份,汽车配件
2189,300428.SZ,立中集团,汽车配件
2190,301398.SZ,星源卓镁,汽车配件
2191,837663.BJ,明阳科技,汽车配件
2192,600469.SH,风神股份,汽车配件
2193,603158.SH,腾龙股份,汽车配件
2194,603305.SH,旭升集团,汽车配件
2195,002085.SZ,万丰奥威,汽车配件
2196,603040.SH,新坐标,汽车配件
2197,605018.SH,长华集团,汽车配件
2198,001278.SZ,一彬科技,汽车配件
2199,831195.BJ,三祥科技,汽车配件
2200,688021.SH,奥福环保,汽车配件
2201,836270.BJ,天铭科技,汽车配件
2202,301181.SZ,标榜股份,汽车配件
2203,831906.BJ,舜宇精工,汽车配件
2204,300926.SZ,博俊科技,汽车配件
2205,001311.SZ,多利科技,汽车配件
2206,002126.SZ,银轮股份,汽车配件
2207,603179.SH,新泉股份,汽车配件
2208,300094.SZ,国联水产,渔业
2209,601326.SH,秦港股份,港口
2210,601018.SH,宁波港,港口
2211,601298.SH,青岛港,港口
2212,000088.SZ,盐田港,港口
2213,000582.SZ,北部湾港,港口
2214,000507.SZ,珠海港,港口
2215,600717.SH,天津港,港口
2216,601000.SH,唐山港,港口
2217,601880.SH,辽港股份,港口
2218,001872.SZ,招商港口,港口
2219,600027.SH,华电国际,火力发电
2220,600575.SH,淮河能源,火力发电
2221,600744.SH,华银电力,火力发电
2222,600642.SH,申能股份,火力发电
2223,600021.SH,上海电力,火力发电
2224,600023.SH,浙能电力,火力发电
2225,600795.SH,国电电力,火力发电
2226,600863.SH,内蒙华电,火力发电
2227,600483.SH,福能股份,火力发电
2228,000027.SZ,深圳能源,火力发电
2229,002608.SZ,江苏国信,火力发电
2230,000539.SZ,粤电力A,火力发电
2231,600509.SH,天富能源,火力发电
2232,601991.SH,大唐发电,火力发电
2233,000690.SZ,宝新能源,火力发电
2234,001286.SZ,陕西能源,火力发电
2235,000543.SZ,皖能电力,火力发电
2236,600157.SH,永泰能源,火力发电
2237,000875.SZ,吉电股份,火力发电
2238,600011.SH,华能国际,火力发电
2239,000723.SZ,美锦能源,焦炭加工
2240,603113.SH,金能科技,焦炭加工
2241,601015.SH,陕西黑猫,焦炭加工
2242,600740.SH,山西焦化,焦炭加工
2243,600546.SH,山煤国际,煤炭开采
2244,601001.SH,晋控煤业,煤炭开采
2245,000983.SZ,山西焦煤,煤炭开采
2246,600123.SH,兰花科创,煤炭开采
2247,600395.SH,盘江股份,煤炭开采
2248,600985.SH,淮北矿业,煤炭开采
2249,601699.SH,潞安环能,煤炭开采
2250,600508.SH,上海能源,煤炭开采
2251,000552.SZ,靖远煤电,煤炭开采
2252,601918.SH,新集能源,煤炭开采
2253,000937.SZ,冀中能源,煤炭开采
2254,601225.SH,陕西煤业,煤炭开采
2255,601666.SH,平煤股份,煤炭开采
2256,600925.SH,苏能股份,煤炭开采
2257,601898.SH,中煤能源,煤炭开采
2258,601088.SH,中国神华,煤炭开采
2259,600348.SH,华阳股份,煤炭开采
2260,600188.SH,兖矿能源,煤炭开采
2261,000552.SZ,甘肃能化,煤炭开采
2262,601101.SH,昊华能源,煤炭开采
2263,600971.SH,恒源煤电,煤炭开采
2264,603995.SH,甬金股份,特种钢
2265,600507.SH,方大特钢,特种钢
2266,688186.SH,广大特材,特种钢
2267,002075.SZ,沙钢股份,特种钢
2268,600399.SH,抚顺特钢,特种钢
2269,002318.SZ,久立特材,特种钢
2270,000708.SZ,中信特钢,特种钢
2271,301372.SZ,科净源,环境保护
2272,603279.SH,景津装备,环境保护
2273,688671.SH,碧兴物联,环境保护
2274,688087.SH,英科再生,环境保护
2275,688466.SH,金科环境,环境保护
2276,600388.SH,龙净环保,环境保护
2277,301127.SZ,天源环保,环境保护
2278,301068.SZ,大地海洋,环境保护
2279,688335.SH,复洁环保,环境保护
2280,002973.SZ,侨银股份,环境保护
2281,300774.SZ,倍杰特,环境保护
2282,603588.SH,高能环境,环境保护
2283,000546.SZ,金圆股份,环境保护
2284,601033.SH,永兴股份,环境保护
2285,301203.SZ,国泰环保,环境保护
2286,300190.SZ,维尔利,环境保护
2287,688501.SH,青达环保,环境保护
2288,301305.SZ,朗坤环境,环境保护
2289,300779.SZ,惠城环保,环境保护
2290,301030.SZ,仕净科技,环境保护
2291,002573.SZ,清新环境,环境保护
2292,603568.SH,伟明环保,环境保护
2293,300614.SZ,百川畅银,环境保护
2294,003027.SZ,同兴环保,环境保护
2295,688196.SH,卓越新能,环境保护
2296,601827.SH,三峰环境,环境保护
2297,301265.SZ,华新环保,环境保护
2298,300187.SZ,永清环保,环境保护
2299,300631.SZ,久吾高科,环境保护
2300,832145.BJ,恒合股份,环境保护
2301,831370.BJ,新安洁,环境保护
2302,688480.SH,赛恩斯,环境保护
2303,603324.SH,盛剑环境,环境保护
2304,002549.SZ,凯美特气,环境保护
2305,832802.BJ,保丽洁,环境保护
2306,603200.SH,上海洗霸,环境保护
2307,600874.SH,创业环保,环境保护
2308,600475.SH,华光环能,环境保护
2309,600796.SH,钱江生化,环境保护
2310,000885.SZ,城发环境,环境保护
2311,688659.SH,元琛科技,环境保护
2312,300355.SZ,蒙草生态,环境保护
2313,300664.SZ,鹏鹞环保,环境保护
2314,000803.SZ,山高环能,环境保护
2315,601330.SH,绿色动力,环境保护
2316,600388.SH,ST龙净,环境保护
2317,600323.SH,瀚蓝环境,环境保护
2318,603686.SH,福龙马,环境保护
2319,300786.SZ,国林科技,环境保护
2320,000035.SZ,中国天楹,环境保护
2321,000544.SZ,中原环保,环境保护
2322,603324.SH,盛剑科技,环境保护
2323,002658.SZ,雪迪龙,环境保护
2324,002034.SZ,旺能环境,环境保护
2325,301500.SZ,飞南资源,环境保护
2326,300815.SZ,玉禾田,环境保护
2327,002266.SZ,浙富控股,环境保护
2328,301526.SZ,国际复材,玻璃
2329,600586.SH,金晶科技,玻璃
2330,000012.SZ,南玻A,玻璃
2331,002080.SZ,中材科技,玻璃
2332,300395.SZ,菲利华,玻璃
2333,601865.SH,福莱特,玻璃
2334,600876.SH,洛阳玻璃,玻璃
2335,600176.SH,中国巨石,玻璃
2336,301188.SZ,力诺特玻,玻璃
2337,603256.SH,宏和科技,玻璃
2338,002623.SZ,亚玛顿,玻璃
2339,300196.SZ,长海股份,玻璃
2340,603601.SH,再升科技,玻璃
2341,605006.SH,山东玻纤,玻璃
2342,601636.SH,旗滨集团,玻璃
2343,600876.SH,凯盛新能,玻璃
2344,688319.SH,欧林生物,生物制药
2345,688046.SH,药康生物,生物制药
2346,688177.SH,百奥泰,生物制药
2347,688670.SH,金迪克,生物制药
2348,837344.BJ,三元基因,生物制药
2349,688192.SH,迪哲医药,生物制药
2350,688278.SH,特宝生物,生物制药
2351,688428.SH,诺诚健华,生物制药
2352,603087.SH,甘李药业,生物制药
2353,301520.SZ,万邦医药,生物制药
2354,688136.SH,科兴制药,生物制药
2355,002880.SZ,卫光生物,生物制药
2356,688488.SH,艾迪药业,生物制药
2357,603392.SH,万泰生物,生物制药
2358,688293.SH,奥浦迈,生物制药
2359,688185.SH,康希诺,生物制药
2360,603707.SH,健友股份,生物制药
2361,833575.BJ,康乐卫士,生物制药
2362,688276.SH,百克生物,生物制药
2363,688105.SH,诺唯赞,生物制药
2364,300122.SZ,智飞生物,生物制药
2365,688117.SH,圣诺生物,生物制药
2366,688137.SH,近岸蛋白,生物制药
2367,600867.SH,通化东宝,生物制药
2368,688221.SH,前沿生物,生物制药
2369,300009.SZ,安科生物,生物制药
2370,002252.SZ,上海莱士,生物制药
2371,688235.SH,百济神州,生物制药
2372,301230.SZ,泓博医药,生物制药
2373,430047.BJ,诺思兰德,生物制药
2374,000403.SZ,派林生物,生物制药
2375,300239.SZ,东宝生物,生物制药
2376,300841.SZ,康华生物,生物制药
2377,688687.SH,凯因科技,生物制药
2378,300357.SZ,我武生物,生物制药
2379,600211.SH,西藏药业,生物制药
2380,688180.SH,君实生物,生物制药
2381,000534.SZ,万泽股份,生物制药
2382,688443.SH,智翔金泰,生物制药
2383,688266.SH,泽璟制药,生物制药
2384,833230.BJ,欧康医药,生物制药
2385,688710.SH,益诺思,生物制药
2386,600161.SH,天坛生物,生物制药
2387,002550.SZ,千红制药,生物制药
2388,000661.SZ,长春高新,生物制药
2389,002007.SZ,华兰生物,生物制药
2390,688520.SH,神州细胞,生物制药
2391,688062.SH,迈威生物,生物制药
2392,603590.SH,康辰药业,生物制药
2393,688336.SH,三生国健,生物制药
2394,688076.SH,诺泰生物,生物制药
2395,688426.SH,康为世纪,生物制药
2396,301080.SZ,百普赛斯,生物制药
2397,002821.SZ,凯莱英,生物制药
2398,301047.SZ,义翘神州,生物制药
2399,300601.SZ,康泰生物,生物制药
2400,688331.SH,荣昌生物,生物制药
2401,301207.SZ,华兰疫苗,生物制药
2402,688302.SH,海创药业,生物制药
2403,688382.SH,益方生物,生物制药
2404,300294.SZ,博雅生物,生物制药
2405,600941.SH,中国移动,电信运营
2406,600050.SH,中国联通,电信运营
2407,601698.SH,中国卫通,电信运营
2408,601728.SH,中国电信,电信运营
2409,688283.SH,坤恒顺维,电器仪表
2410,603100.SH,川仪股份,电器仪表
2411,300430.SZ,诚益通,电器仪表
2412,832885.BJ,星辰科技,电器仪表
2413,002967.SZ,广电计量,电器仪表
2414,688112.SH,鼎阳科技,电器仪表
2415,300514.SZ,友讯达,电器仪表
2416,002338.SZ,奥普光电,电器仪表
2417,300553.SZ,集智股份,电器仪表
2418,002121.SZ,科陆电子,电器仪表
2419,688539.SH,高华科技,电器仪表
2420,301303.SZ,真兰仪表,电器仪表
2421,301289.SZ,国缆检测,电器仪表
2422,301528.SZ,多浦乐,电器仪表
2423,605056.SH,咸亨国际,电器仪表
2424,300371.SZ,汇中股份,电器仪表
2425,300887.SZ,谱尼测试,电器仪表
2426,300567.SZ,精测电子,电器仪表
2427,688686.SH,奥普特,电器仪表
2428,300012.SZ,华测检测,电器仪表
2429,688628.SH,优利德,电器仪表
2430,688665.SH,四方光电,电器仪表
2431,430556.BJ,雅达股份,电器仪表
2432,430476.BJ,海能技术,电器仪表
2433,603556.SH,海兴电力,电器仪表
2434,688160.SH,步科股份,电器仪表
2435,300112.SZ,万讯自控,电器仪表
2436,688115.SH,思林杰,电器仪表
2437,832651.BJ,天罡股份,电器仪表
2438,300515.SZ,三德科技,电器仪表
2439,688056.SH,莱伯泰科,电器仪表
2440,688610.SH,埃科光电,电器仪表
2441,603662.SH,柯力传感,电器仪表
2442,688582.SH,芯动联科,电器仪表
2443,300259.SZ,新天科技,电器仪表
2444,300938.SZ,信测标准,电器仪表
2445,830779.BJ,武汉蓝电,电器仪表
2446,300349.SZ,金卡智能,电器仪表
2447,831961.BJ,创远信科,电器仪表
2448,688622.SH,禾信仪器,电器仪表
2449,300667.SZ,必创科技,电器仪表
2450,300360.SZ,炬华科技,电器仪表
2451,300114.SZ,中航电测,电器仪表
2452,002849.SZ,威星智能,电器仪表
2453,688768.SH,容知日新,电器仪表
2454,833509.BJ,同惠电子,电器仪表
2455,300416.SZ,苏试试验,电器仪表
2456,300572.SZ,安车检测,电器仪表
2457,300445.SZ,康斯特,电器仪表
2458,301510.SZ,固高科技,电器仪表
2459,002857.SZ,三晖电气,电器仪表
2460,300124.SZ,汇川技术,电器仪表
2461,430685.BJ,新芝生物,电器仪表
2462,301129.SZ,瑞纳智能,电器仪表
2463,688320.SH,禾川科技,电器仪表
2464,300105.SZ,龙源技术,电器仪表
2465,300354.SZ,东华测试,电器仪表
2466,300007.SZ,汉威科技,电器仪表
2467,300797.SZ,钢研纳克,电器仪表
2468,834407.BJ,驰诚股份,电器仪表
2469,603416.SH,信捷电气,电器仪表
2470,688337.SH,普源精电,电器仪表
2471,301413.SZ,安培龙,电器仪表
2472,831305.BJ,海希通讯,电器仪表
2473,688600.SH,皖仪科技,电器仪表
2474,871396.BJ,常辅股份,电器仪表
2475,002414.SZ,高德红外,电器仪表
2476,002819.SZ,东方中科,电器仪表
2477,871263.BJ,莱赛激光,电器仪表
2478,301006.SZ,迈拓股份,电器仪表
2479,688450.SH,光格科技,电器仪表
2480,301508.SZ,中机认检,电器仪表
2481,836414.BJ,欧普泰,电器仪表
2482,603700.SH,宁水集团,电器仪表
2483,300203.SZ,聚光科技,电器仪表
2484,603275.SH,众辰科技,电器仪表
2485,300286.SZ,安科瑞,电器仪表
2486,830879.BJ,基康仪器,电器仪表
2487,002024.SZ,ST易购,电器连锁
2488,002416.SZ,爱施德,电器连锁
2489,688429.SH,时创能源,电气设备
2490,600875.SH,东方电气,电气设备
2491,688226.SH,威腾电气,电气设备
2492,002892.SZ,科力尔,电气设备
2493,301362.SZ,民爆光电,电气设备
2494,603050.SH,科林电气,电气设备
2495,603344.SH,星德胜,电气设备
2496,601567.SH,三星医疗,电气设备
2497,301210.SZ,金杨股份,电气设备
2498,600580.SH,卧龙电驱,电气设备
2499,301358.SZ,湖南裕能,电气设备
2500,603063.SH,禾望电气,电气设备
2501,835508.BJ,殷图网联,电气设备
2502,603218.SH,日月股份,电气设备
2503,688184.SH,帕瓦股份,电气设备
2504,601877.SH,正泰电器,电气设备
2505,688248.SH,南网科技,电气设备
2506,002056.SZ,横店东磁,电气设备
2507,002452.SZ,长高电新,电气设备
2508,000682.SZ,东方电子,电气设备
2509,830809.BJ,安达科技,电气设备
2510,000922.SZ,佳电股份,电气设备
2511,688033.SH,天宜上佳,电气设备
2512,301516.SZ,中远通,电气设备
2513,301418.SZ,协昌科技,电气设备
2514,601126.SH,四方股份,电气设备
2515,002202.SZ,金风科技,电气设备
2516,688063.SH,派能科技,电气设备
2517,002169.SZ,智光电气,电气设备
2518,601179.SH,中国西电,电气设备
2519,300763.SZ,锦浪科技,电气设备
2520,300129.SZ,泰胜风能,电气设备
2521,301511.SZ,德福科技,电气设备
2522,603583.SH,捷昌驱动,电气设备
2523,834770.BJ,艾能聚,电气设备
2524,688032.SH,禾迈股份,电气设备
2525,301295.SZ,美硕科技,电气设备
2526,002079.SZ,苏州固锝,电气设备
2527,300904.SZ,威力传动,电气设备
2528,301291.SZ,明阳电气,电气设备
2529,601615.SH,明阳智能,电气设备
2530,688560.SH,明冠新材,电气设备
2531,834682.BJ,球冠电缆,电气设备
2532,002606.SZ,大连电瓷,电气设备
2533,831175.BJ,派诺科技,电气设备
2534,837046.BJ,亿能电力,电气设备
2535,688819.SH,天能股份,电气设备
2536,688517.SH,金冠电气,电气设备
2537,300693.SZ,盛弘股份,电气设备
2538,600416.SH,湘电股份,电气设备
2539,870299.BJ,灿能电力,电气设备
2540,301002.SZ,崧盛股份,电气设备
2541,605222.SH,起帆电缆,电气设备
2542,688408.SH,中信博,电气设备
2543,300593.SZ,新雷能,电气设备
2544,300443.SZ,金雷股份,电气设备
2545,002865.SZ,钧达股份,电气设备
2546,300118.SZ,东方日升,电气设备
2547,600406.SH,国电南瑞,电气设备
2548,688717.SH,艾罗能源,电气设备
2549,001326.SZ,联域股份,电气设备
2550,300080.SZ,易成新能,电气设备
2551,002733.SZ,雄韬股份,电气设备
2552,002812.SZ,恩捷股份,电气设备
2553,688223.SH,晶科能源,电气设备
2554,002334.SZ,英威腾,电气设备
2555,002531.SZ,天顺风能,电气设备
2556,603312.SH,西典新能,电气设备
2557,002850.SZ,科达利,电气设备
2558,301361.SZ,众智科技,电气设备
2559,600537.SH,亿晶光电,电气设备
2560,301456.SZ,盘古智能,电气设备
2561,603185.SH,上机数控,电气设备
2562,002518.SZ,科士达,电气设备
2563,300014.SZ,亿纬锂能,电气设备
2564,002074.SZ,国轩高科,电气设备
2565,835985.BJ,海泰新能,电气设备
2566,000400.SZ,许继电气,电气设备
2567,688611.SH,杭州柯林,电气设备
2568,002851.SZ,麦格米特,电气设备
2569,002129.SZ,TCL中环,电气设备
2570,301063.SZ,海锅股份,电气设备
2571,300919.SZ,中伟股份,电气设备
2572,300035.SZ,中科电气,电气设备
2573,301439.SZ,泓淋电力,电气设备
2574,600089.SH,特变电工,电气设备
2575,300890.SZ,翔丰华,电气设备
2576,300827.SZ,上能电气,电气设备
2577,301266.SZ,宇邦新材,电气设备
2578,603906.SH,龙蟠科技,电气设备
2579,834639.BJ,晨光电缆,电气设备
2580,831627.BJ,力王股份,电气设备
2581,688778.SH,厦钨新能,电气设备
2582,301157.SZ,华塑科技,电气设备
2583,835237.BJ,力佳科技,电气设备
2584,300820.SZ,英杰电气,电气设备
2585,301502.SZ,华阳智能,电气设备
2586,688719.SH,爱科赛博,电气设备
2587,300648.SZ,星云股份,电气设备
2588,688348.SH,昱能科技,电气设备
2589,600110.SH,诺德股份,电气设备
2590,831396.BJ,许昌智能,电气设备
2591,600152.SH,维科技术,电气设备
2592,301278.SZ,快可电子,电气设备
2593,301031.SZ,中熔电气,电气设备
2594,002335.SZ,科华数据,电气设备
2595,300617.SZ,安靠智电,电气设备
2596,002805.SZ,丰元股份,电气设备
2597,600212.SH,绿能慧充,电气设备
2598,002441.SZ,众业达,电气设备
2599,002245.SZ,蔚蓝锂芯,电气设备
2600,688779.SH,长远锂科,电气设备
2601,002028.SZ,思源电气,电气设备
2602,300438.SZ,鹏辉能源,电气设备
2603,600732.SH,爱旭股份,电气设备
2604,688707.SH,振华新材,电气设备
2605,600438.SH,通威股份,电气设备
2606,600885.SH,宏发股份,电气设备
2607,000049.SZ,德赛电池,电气设备
2608,688275.SH,万润新能,电气设备
2609,300750.SZ,宁德时代,电气设备
2610,605117.SH,德业股份,电气设备
2611,688148.SH,芳源股份,电气设备
2612,300870.SZ,欧陆通,电气设备
2613,300842.SZ,帝科股份,电气设备
2614,301327.SZ,华宝新能,电气设备
2615,301155.SZ,海力风电,电气设备
2616,002459.SZ,晶澳科技,电气设备
2617,300510.SZ,金冠股份,电气设备
2618,301226.SZ,祥明智能,电气设备
2619,603778.SH,乾景园林,电气设备
2620,834062.BJ,科润智控,电气设备
2621,603606.SH,东方电缆,电气设备
2622,836239.BJ,长虹能源,电气设备
2623,300772.SZ,运达股份,电气设备
2624,300274.SZ,阳光电源,电气设备
2625,688155.SH,先惠技术,电气设备
2626,688503.SH,聚和材料,电气设备
2627,833523.BJ,德瑞锂电,电气设备
2628,688005.SH,容百科技,电气设备
2629,603530.SH,神马电力,电气设备
2630,300444.SZ,双杰电气,电气设备
2631,603489.SH,八方股份,电气设备
2632,002090.SZ,金智科技,电气设备
2633,600884.SH,杉杉股份,电气设备
2634,300068.SZ,南都电源,电气设备
2635,300491.SZ,通合科技,电气设备
2636,688698.SH,伟创电气,电气设备
2637,603031.SH,安孚科技,电气设备
2638,603381.SH,永臻股份,电气设备
2639,600312.SH,平高电气,电气设备
2640,603728.SH,鸣志电器,电气设备
2641,002879.SZ,长缆科技,电气设备
2642,832110.BJ,雷特科技,电气设备
2643,688330.SH,宏力达,电气设备
2644,688390.SH,固德威,电气设备
2645,300569.SZ,天能重工,电气设备
2646,300660.SZ,江苏雷利,电气设备
2647,603105.SH,芯能科技,电气设备
2648,002487.SZ,大金重工,电气设备
2649,688345.SH,博力威,电气设备
2650,688006.SH,杭可科技,电气设备
2651,301121.SZ,紫建电子,电气设备
2652,688303.SH,大全能源,电气设备
2653,600577.SH,精达股份,电气设备
2654,002560.SZ,通达股份,电气设备
2655,603185.SH,弘元绿能,电气设备
2656,002498.SZ,汉缆股份,电气设备
2657,688349.SH,三一重能,电气设备
2658,603350.SH,安乃达,电气设备
2659,603985.SH,恒润股份,电气设备
2660,601311.SH,骆驼股份,电气设备
2661,001283.SZ,豪鹏科技,电气设备
2662,000576.SZ,甘化科工,电气设备
2663,001301.SZ,尚太科技,电气设备
2664,603191.SH,望变电气,电气设备
2665,600478.SH,科力远,电气设备
2666,300447.SZ,全信股份,电气设备
2667,600268.SH,国电南自,电气设备
2668,000821.SZ,京山轻机,电气设备
2669,300953.SZ,震裕科技,电气设备
2670,600481.SH,双良节能,电气设备
2671,301320.SZ,豪江智能,电气设备
2672,002801.SZ,微光股份,电气设备
2673,002706.SZ,良信股份,电气设备
2674,300484.SZ,蓝海华腾,电气设备
2675,301150.SZ,中一科技,电气设备
2676,688772.SH,珠海冠宇,电气设备
2677,688599.SH,天合光能,电气设备
2678,301168.SZ,通灵股份,电气设备
2679,605196.SH,华通线缆,电气设备
2680,301587.SZ,中瑞股份,电气设备
2681,601012.SH,隆基绿能,电气设备
2682,002506.SZ,协鑫集成,电气设备
2683,688472.SH,阿特斯,电气设备
2684,002130.SZ,沃尔核材,电气设备
2685,002276.SZ,万马股份,电气设备
2686,688567.SH,孚能科技,电气设备
2687,600207.SH,安彩高科,电气设备
2688,300409.SZ,道氏技术,电气设备
2689,002922.SZ,伊戈尔,电气设备
2690,300207.SZ,欣旺达,电气设备
2691,002249.SZ,大洋电机,电气设备
2692,688334.SH,西高院,电气设备
2693,300048.SZ,合康新能,电气设备
2694,600869.SH,远东股份,电气设备
2695,688388.SH,嘉元科技,电气设备
2696,000720.SZ,新能泰山,电气设备
2697,873152.BJ,天宏锂电,电气设备
2698,301386.SZ,未来电器,电气设备
2699,002533.SZ,金杯电工,电气设备
2700,688676.SH,金盘科技,电气设备
2701,603507.SH,振江股份,电气设备
2702,688660.SH,电气风电,电气设备
2703,603109.SH,神驰机电,电气设备
2704,300073.SZ,当升科技,电气设备
2705,688663.SH,新风光,电气设备
2706,300001.SZ,特锐德,电气设备
2707,002270.SZ,华明装备,电气设备
2708,600696.SH,岩石股份,白酒
2709,603369.SH,今世缘,白酒
2710,000860.SZ,顺鑫农业,白酒
2711,603198.SH,迎驾贡酒,白酒
2712,600779.SH,水井坊,白酒
2713,600702.SH,舍得酒业,白酒
2714,000858.SZ,五粮液,白酒
2715,603589.SH,口子窖,白酒
2716,600559.SH,老白干酒,白酒
2717,600197.SH,伊力特,白酒
2718,600199.SH,金种子酒,白酒
2719,000799.SZ,酒鬼酒,白酒
2720,002304.SZ,洋河股份,白酒
2721,600519.SH,贵州茅台,白酒
2722,002646.SZ,天佑德酒,白酒
2723,603919.SH,金徽酒,白酒
2724,600809.SH,山西汾酒,白酒
2725,000568.SZ,泸州老窖,白酒
2726,000596.SZ,古井贡酒,白酒
2727,000417.SZ,合肥百货,百货
2728,600729.SH,重庆百货,百货
2729,600814.SH,杭州解百,百货
2730,000501.SZ,武商集团,百货
2731,603214.SH,爱婴室,百货
2732,600738.SH,丽尚国潮,百货
2733,600655.SH,豫园股份,百货
2734,002419.SZ,天虹股份,百货
2735,600858.SH,银座股份,百货
2736,600859.SH,王府井,百货
2737,603101.SH,汇嘉时代,百货
2738,000785.SZ,居然之家,百货
2739,002221.SZ,东华能源,石油加工
2740,000059.SZ,华锦股份,石油加工
2741,000819.SZ,岳阳兴长,石油加工
2742,600688.SH,上海石化,石油加工
2743,600346.SH,恒力石化,石油加工
2744,300839.SZ,博汇股份,石油加工
2745,600028.SH,中国石化,石油加工
2746,603619.SH,中曼石油,石油开采
2747,601857.SH,中国石油,石油开采
2748,600968.SH,海油发展,石油开采
2749,600583.SH,海油工程,石油开采
2750,000968.SZ,蓝焰控股,石油开采
2751,600777.SH,ST新潮,石油开采
2752,600339.SH,中油工程,石油开采
2753,600938.SH,中国海油,石油开采
2754,600256.SH,广汇能源,石油开采
2755,601808.SH,中海油服,石油开采
2756,603727.SH,博迈科,石油开采
2757,603003.SH,龙宇股份,石油贸易
2758,603353.SH,和顺石油,石油贸易
2759,300861.SZ,美畅股份,矿物制品
2760,300224.SZ,正海磁材,矿物制品
2761,300179.SZ,四方达,矿物制品
2762,300700.SZ,岱勒新材,矿物制品
2763,688733.SH,壹石通,矿物制品
2764,603612.SH,索通发展,矿物制品
2765,301071.SZ,力量钻石,矿物制品
2766,839725.BJ,惠丰钻石,矿物制品
2767,300811.SZ,铂科新材,矿物制品
2768,688077.SH,大地熊,矿物制品
2769,300748.SZ,金力永磁,矿物制品
2770,835179.BJ,凯德石英,矿物制品
2771,688598.SH,金博股份,矿物制品
2772,300554.SZ,三超新材,矿物制品
2773,301141.SZ,中科磁业,矿物制品
2774,000970.SZ,中科三环,矿物制品
2775,688190.SH,云路股份,矿物制品
2776,600366.SH,宁波韵升,矿物制品
2777,688398.SH,赛特新材,矿物制品
2778,300835.SZ,龙磁科技,矿物制品
2779,603688.SH,石英股份,矿物制品
2780,001269.SZ,欧晶科技,矿物制品
2781,688300.SH,联瑞新材,矿物制品
2782,000795.SZ,英洛华,矿物制品
2783,600516.SH,方大炭素,矿物制品
2784,002088.SZ,鲁阳节能,矿物制品
2785,831641.BJ,格利尔,矿物制品
2786,001359.SZ,平安电工,矿物制品
2787,836675.BJ,秉扬科技,矿物制品
2788,002057.SZ,中钢天源,矿物制品
2789,300127.SZ,银河磁体,矿物制品
2790,300972.SZ,万辰集团,种植业
2791,000998.SZ,隆平高科,种植业
2792,300087.SZ,荃银高科,种植业
2793,000713.SZ,丰乐种业,种植业
2794,600598.SH,北大荒,种植业
2795,831087.BJ,秋乐种业,种植业
2796,300511.SZ,雪榕生物,种植业
2797,837403.BJ,康农种业,种植业
2798,002041.SZ,登海种业,种植业
2799,601952.SH,苏垦农发,种植业
2800,300972.SZ,万辰生物,种植业
2801,600115.SH,中国东航,空运
2802,600221.SH,海航控股,空运
2803,601111.SH,中国国航,空运
2804,603885.SH,吉祥航空,空运
2805,601021.SH,春秋航空,空运
2806,002928.SZ,华夏航空,空运
2807,600029.SH,南方航空,空运
2808,002568.SZ,百润股份,红黄酒
2809,601579.SH,会稽山,红黄酒
2810,000869.SZ,张裕A,红黄酒
2811,600059.SH,古越龙山,红黄酒
2812,003041.SZ,真爱美家,纺织
2813,300577.SZ,开润股份,纺织
2814,603908.SH,牧高笛,纺织
2815,300952.SZ,恒辉安防,纺织
2816,605180.SH,华生科技,纺织
2817,603558.SH,健盛集团,纺织
2818,002394.SZ,联发股份,纺织
2819,000726.SZ,鲁泰A,纺织
2820,002083.SZ,孚日股份,纺织
2821,300918.SZ,南山智尚,纺织
2822,002404.SZ,嘉欣丝绸,纺织
2823,002327.SZ,富安娜,纺织
2824,603238.SH,诺邦股份,纺织
2825,601339.SH,百隆东方,纺织
2826,002042.SZ,华孚时尚,纺织
2827,605189.SH,富春染织,纺织
2828,605003.SH,众望布艺,纺织
2829,871753.BJ,天纺标,纺织
2830,300819.SZ,聚杰微纤,纺织
2831,002293.SZ,罗莱生活,纺织
2832,603889.SH,新澳股份,纺织
2833,603073.SH,彩蝶实业,纺织
2834,002674.SZ,兴业科技,纺织
2835,600987.SH,航民股份,纺织
2836,603055.SH,台华新材,纺织
2837,838262.BJ,太湖雪,纺织
2838,603365.SH,水星家纺,纺织
2839,002196.SZ,方正电机,纺织机械
2840,603025.SH,大豪科技,纺织机械
2841,603337.SH,杰克股份,纺织机械
2842,300307.SZ,慈星股份,纺织机械
2843,600673.SH,东阳光,综合类
2844,300051.SZ,琏升科技,综合类
2845,873122.BJ,中纺标,综合类
2846,600118.SH,中国卫星,航空
2847,300900.SZ,广联航空,航空
2848,688070.SH,纵横股份,航空
2849,002111.SZ,威海广泰,航空
2850,300719.SZ,安达维尔,航空
2851,600765.SH,中航重机,航空
2852,600316.SH,洪都航空,航空
2853,300034.SZ,钢研高纳,航空
2854,002389.SZ,航天彩虹,航空
2855,688510.SH,航亚科技,航空
2856,688231.SH,隆达股份,航空
2857,301050.SZ,雷电微力,航空
2858,000738.SZ,航发控制,航空
2859,002023.SZ,海特高新,航空
2860,300424.SZ,航新科技,航空
2861,688586.SH,江航装备,航空
2862,002651.SZ,利君股份,航空
2863,002985.SZ,北摩高科,航空
2864,688685.SH,迈信林,航空
2865,600879.SH,航天电子,航空
2866,003009.SZ,中天火箭,航空
2867,600893.SH,航发动力,航空
2868,600862.SH,中航高科,航空
2869,301306.SZ,西测测试,航空
2870,688563.SH,航材股份,航空
2871,002625.SZ,光启技术,航空
2872,688287.SH,观典防务,航空
2873,002935.SZ,天奥电子,航空
2874,600760.SH,中航沈飞,航空
2875,300696.SZ,爱乐达,航空
2876,000768.SZ,中航西飞,航空
2877,688297.SH,中无人机,航空
2878,688237.SH,超卓航科,航空
2879,600372.SH,中航机载,航空
2880,002297.SZ,博云新材,航空
2881,600372.SH,中航电子,航空
2882,600038.SH,中直股份,航空
2883,688239.SH,航宇科技,航空
2884,871642.BJ,通易航天,航空
2885,300775.SZ,三角防务,航空
2886,301586.SZ,佳力奇,航空
2887,688281.SH,华秦科技,航空
2888,002829.SZ,星网宇达,航空
2889,837006.BJ,晟楠科技,航空
2890,605123.SH,派克新材,航空
2891,600391.SH,航发科技,航空
2892,688523.SH,航天环宇,航空
2893,600685.SH,中船防务,船舶
2894,600150.SH,中国船舶,船舶
2895,600482.SH,中国动力,船舶
2896,601890.SH,亚星锚链,船舶
2897,300065.SZ,海兰信,船舶
2898,600072.SH,中船科技,船舶
2899,300810.SZ,中科海讯,船舶
2900,300589.SZ,江龙船艇,船舶
2901,601989.SH,中国重工,船舶
2902,600764.SH,中国海防,船舶
2903,603137.SH,恒尚节能,装修装饰
2904,605287.SH,德才股份,装修装饰
2905,002081.SZ,金螳螂,装修装饰
2906,002713.SZ,东易日盛,装修装饰
2907,603929.SH,亚翔集成,装修装饰
2908,002163.SZ,海南发展,装修装饰
2909,601886.SH,江河集团,装修装饰
2910,603098.SH,森特股份,装修装饰
2911,002375.SZ,亚厦股份,装修装饰
2912,000783.SZ,长江证券,证券
2913,600061.SH,国投资本,证券
2914,000750.SZ,国海证券,证券
2915,601878.SH,浙商证券,证券
2916,000686.SZ,东北证券,证券
2917,601059.SH,信达证券,证券
2918,601901.SH,方正证券,证券
2919,600918.SH,中泰证券,证券
2920,601377.SH,兴业证券,证券
2921,002500.SZ,山西证券,证券
2922,601211.SH,国泰君安,证券
2923,601456.SH,国联证券,证券
2924,601108.SH,财通证券,证券
2925,600095.SH,湘财股份,证券
2926,600958.SH,东方证券,证券
2927,000728.SZ,国元证券,证券
2928,601066.SH,中信建投,证券
2929,002926.SZ,华西证券,证券
2930,600030.SH,中信证券,证券
2931,600909.SH,华安证券,证券
2932,002797.SZ,第一创业,证券
2933,600109.SH,国金证券,证券
2934,601375.SH,中原证券,证券
2935,601788.SH,光大证券,证券
2936,601881.SH,中国银河,证券
2937,601136.SH,首创证券,证券
2938,601555.SH,东吴证券,证券
2939,600837.SH,海通证券,证券
2940,601688.SH,华泰证券,证券
2941,601995.SH,中金公司,证券
2942,000776.SZ,广发证券,证券
2943,300059.SZ,东方财富,证券
2944,600999.SH,招商证券,证券
2945,002697.SZ,红旗连锁,超市连锁
2946,601933.SH,永辉超市,超市连锁
2947,603708.SH,家家悦,超市连锁
2948,002251.SZ,步步高,超市连锁
2949,600827.SH,百联股份,超市连锁
2950,000828.SZ,东莞控股,路桥
2951,600020.SH,中原高速,路桥
2952,600350.SH,山东高速,路桥
2953,000755.SZ,山西高速,路桥
2954,000429.SZ,粤高速A,路桥
2955,600548.SH,深高速,路桥
2956,600377.SH,宁沪高速,路桥
2957,601107.SH,四川成渝,路桥
2958,001965.SZ,招商公路,路桥
2959,600012.SH,皖通高速,路桥
2960,600033.SH,福建高速,路桥
2961,600368.SH,五洲交通,路桥
2962,600106.SH,重庆路桥,路桥
2963,300634.SZ,彩讯股份,软件服务
2964,300348.SZ,长亮科技,软件服务
2965,603636.SH,南威软件,软件服务
2966,000948.SZ,南天信息,软件服务
2967,605398.SH,新炬网络,软件服务
2968,300033.SZ,同花顺,软件服务
2969,300996.SZ,普联软件,软件服务
2970,002777.SZ,久远银海,软件服务
2971,688695.SH,中创股份,软件服务
2972,838227.BJ,美登科技,软件服务
2973,300085.SZ,银之杰,软件服务
2974,688246.SH,嘉和美康,软件服务
2975,688118.SH,普元信息,软件服务
2976,301592.SZ,六九一二,软件服务
2977,688327.SH,云从科技,软件服务
2978,300830.SZ,金现代,软件服务
2979,300253.SZ,卫宁健康,软件服务
2980,300036.SZ,超图软件,软件服务
2981,000034.SZ,神州数码,软件服务
2982,301380.SZ,挖金客,软件服务
2983,002609.SZ,捷顺科技,软件服务
2984,600588.SH,用友网络,软件服务
2985,688232.SH,新点软件,软件服务
2986,300687.SZ,赛意信息,软件服务
2987,688088.SH,虹软科技,软件服务
2988,002322.SZ,理工能科,软件服务
2989,300520.SZ,科大国创,软件服务
2990,002405.SZ,四维图新,软件服务
2991,600225.SH,卓朗科技,软件服务
2992,688083.SH,中望软件,软件服务
2993,873806.BJ,云星宇,软件服务
2994,300730.SZ,科创信息,软件服务
2995,688318.SH,财富趋势,软件服务
2996,300188.SZ,国投智能,软件服务
2997,603990.SH,麦迪科技,软件服务
2998,688152.SH,麒麟信安,软件服务
2999,300556.SZ,丝路视觉,软件服务
3000,603383.SH,顶点软件,软件服务
3001,002063.SZ,远光软件,软件服务
3002,002153.SZ,石基信息,软件服务
3003,300442.SZ,润泽科技,软件服务
3004,688066.SH,航天宏图,软件服务
3005,301085.SZ,亚康股份,软件服务
3006,300532.SZ,今天国际,软件服务
3007,300523.SZ,辰安科技,软件服务
3008,688201.SH,信安世纪,软件服务
3009,688435.SH,英方软件,软件服务
3010,688031.SH,星环科技,软件服务
3011,300674.SZ,宇信科技,软件服务
3012,301556.SZ,托普云农,软件服务
3013,002990.SZ,盛视科技,软件服务
3014,839493.BJ,并行科技,软件服务
3015,300168.SZ,万达信息,软件服务
3016,603859.SH,能科科技,软件服务
3017,002401.SZ,中远海科,软件服务
3018,300551.SZ,古鳌科技,软件服务
3019,600728.SH,佳都科技,软件服务
3020,603039.SH,ST泛微,软件服务
3021,688258.SH,卓易信息,软件服务
3022,688095.SH,福昕软件,软件服务
3023,688615.SH,合合信息,软件服务
3024,301153.SZ,中科江南,软件服务
3025,688111.SH,金山办公,软件服务
3026,300803.SZ,指南针,软件服务
3027,688692.SH,达梦数据,软件服务
3028,688207.SH,格灵深瞳,软件服务
3029,301185.SZ,鸥玛软件,软件服务
3030,300188.SZ,美亚柏科,软件服务
3031,300454.SZ,深信服,软件服务
3032,600446.SH,金证股份,软件服务
3033,300682.SZ,朗新集团,软件服务
3034,300264.SZ,佳创视讯,软件服务
3035,300010.SZ,ST豆神,软件服务
3036,003029.SZ,吉大正元,软件服务
3037,300508.SZ,维宏股份,软件服务
3038,300229.SZ,拓尔思,软件服务
3039,300017.SZ,网宿科技,软件服务
3040,300369.SZ,绿盟科技,软件服务
3041,300496.SZ,中科创达,软件服务
3042,834415.BJ,恒拓开源,软件服务
3043,600845.SH,宝信软件,软件服务
3044,832171.BJ,志晟信息,软件服务
3045,300609.SZ,汇纳科技,软件服务
3046,837592.BJ,华信永道,软件服务
3047,835184.BJ,国源科技,软件服务
3048,301221.SZ,光庭信息,软件服务
3049,300366.SZ,创意信息,软件服务
3050,839680.BJ,广道数字,软件服务
3051,002649.SZ,博彦科技,软件服务
3052,603189.SH,网达软件,软件服务
3053,688369.SH,致远互联,软件服务
3054,300846.SZ,首都在线,软件服务
3055,831832.BJ,科达自控,软件服务
3056,688191.SH,智洋创新,软件服务
3057,301159.SZ,三维天地,软件服务
3058,300365.SZ,恒华科技,软件服务
3059,002230.SZ,科大讯飞,软件服务
3060,688787.SH,海天瑞声,软件服务
3061,688030.SH,山石网科,软件服务
3062,839790.BJ,联迪信息,软件服务
3063,688291.SH,金橙子,软件服务
3064,837092.BJ,汉鑫科技,软件服务
3065,002261.SZ,拓维信息,软件服务
3066,688507.SH,索辰科技,软件服务
3067,688004.SH,博汇科技,软件服务
3068,688296.SH,和达科技,软件服务
3069,300378.SZ,鼎捷软件,软件服务
3070,688568.SH,中科星图,软件服务
3071,688651.SH,盛邦安全,软件服务
3072,002908.SZ,德生科技,软件服务
3073,688561.SH,奇安信,软件服务
3074,301162.SZ,国能日新,软件服务
3075,002212.SZ,天融信,软件服务
3076,688039.SH,当虹科技,软件服务
3077,301172.SZ,君逸数码,软件服务
3078,002368.SZ,太极股份,软件服务
3079,300682.SZ,朗新科技,软件服务
3080,600536.SH,中国软件,软件服务
3081,688023.SH,安恒信息,软件服务
3082,300075.SZ,数字政通,软件服务
3083,600718.SH,东软集团,软件服务
3084,688227.SH,品高股份,软件服务
3085,300525.SZ,博思软件,软件服务
3086,835305.BJ,云创数据,软件服务
3087,688244.SH,永信至诚,软件服务
3088,300542.SZ,新晨科技,软件服务
3089,688579.SH,山大地纬,软件服务
3090,300166.SZ,东方国信,软件服务
3091,301208.SZ,中亦科技,软件服务
3092,688682.SH,霍莱沃,软件服务
3093,688343.SH,云天励飞,软件服务
3094,300559.SZ,佳发教育,软件服务
3095,002065.SZ,东华软件,软件服务
3096,688168.SH,安博通,软件服务
3097,600756.SH,浪潮软件,软件服务
3098,300248.SZ,新开普,软件服务
3099,300624.SZ,万兴科技,软件服务
3100,688365.SH,光云科技,软件服务
3101,300768.SZ,迪普科技,软件服务
3102,688562.SH,航天软件,软件服务
3103,301337.SZ,亚华电子,软件服务
3104,300738.SZ,奥飞数据,软件服务
3105,300872.SZ,天阳科技,软件服务
3106,830799.BJ,艾融软件,软件服务
3107,300383.SZ,光环新网,软件服务
3108,301179.SZ,泽宇智能,软件服务
3109,688631.SH,莱斯信息,软件服务
3110,000409.SZ,云鼎科技,软件服务
3111,002410.SZ,广联达,软件服务
3112,300465.SZ,高伟达,软件服务
3113,688225.SH,亚信安全,软件服务
3114,430564.BJ,天润科技,软件服务
3115,301315.SZ,威士顿,软件服务
3116,688588.SH,凌志软件,软件服务
3117,002373.SZ,千方科技,软件服务
3118,603881.SH,数据港,软件服务
3119,002987.SZ,京北方,软件服务
3120,688590.SH,新致软件,软件服务
3121,301195.SZ,北路智控,软件服务
3122,603171.SH,税友股份,软件服务
3123,603918.SH,金桥信息,软件服务
3124,000503.SZ,国新健康,软件服务
3125,603039.SH,泛微网络,软件服务
3126,600570.SH,恒生电子,软件服务
3127,300440.SZ,运达科技,软件服务
3128,301302.SZ,华如科技,软件服务
3129,301117.SZ,佳缘科技,软件服务
3130,688078.SH,龙软科技,软件服务
3131,300451.SZ,创业慧康,软件服务
3132,300773.SZ,拉卡拉,软件服务
3133,300379.SZ,东方通,软件服务
3134,603138.SH,海量数据,软件服务
3135,688109.SH,品茗科技,软件服务
3136,301236.SZ,软通动力,软件服务
3137,301378.SZ,通达海,软件服务
3138,300170.SZ,汉得信息,软件服务
3139,603927.SH,中科软,软件服务
3140,835207.BJ,众诚科技,软件服务
3141,000555.SZ,神州信息,软件服务
3142,837748.BJ,路桥信息,软件服务
3143,688657.SH,浩辰软件,软件服务
3144,002380.SZ,科远智慧,软件服务
3145,603528.SH,多伦科技,软件服务
3146,872953.BJ,国子软件,软件服务
3147,300895.SZ,铜牛信息,软件服务
3148,300925.SZ,法本信息,软件服务
3149,688158.SH,优刻得,软件服务
3150,600602.SH,云赛智联,软件服务
3151,300047.SZ,天源迪科,软件服务
3152,600850.SH,电科数字,软件服务
3153,300479.SZ,神思电子,软件服务
3154,002439.SZ,启明星辰,软件服务
3155,300271.SZ,华宇软件,软件服务
3156,300339.SZ,润和软件,软件服务
3157,300212.SZ,易华录,软件服务
3158,300513.SZ,恒实科技,软件服务
3159,688619.SH,罗普特,软件服务
3160,603232.SH,格尔软件,软件服务
3161,600271.SH,航天信息,软件服务
3162,603711.SH,香飘飘,软饮料
3163,605499.SH,东鹏饮料,软饮料
3164,603156.SH,养元饮品,软饮料
3165,300997.SZ,欢乐家,软饮料
3166,000848.SZ,承德露露,软饮料
3167,001256.SZ,炜冈科技,轻工机械
3168,002444.SZ,巨星科技,轻工机械
3169,603356.SH,华菱精工,运输设备
3170,000039.SZ,中集集团,运输设备
3171,601766.SH,中国中车,运输设备
3172,001324.SZ,长青科技,运输设备
3173,603082.SH,北自科技,运输设备
3174,603500.SH,祥和实业,运输设备
3175,600528.SH,中铁工业,运输设备
3176,688569.SH,铁科轨道,运输设备
3177,605286.SH,同力日升,运输设备
3178,300789.SZ,唐源电气,运输设备
3179,688009.SH,中国通号,运输设备
3180,600495.SH,晋西车轴,运输设备
3181,688485.SH,九州一轨,运输设备
3182,600894.SH,广日股份,运输设备
3183,603680.SH,今创集团,运输设备
3184,688187.SH,时代电气,运输设备
3185,872541.BJ,铁大科技,运输设备
3186,600967.SH,内蒙一机,运输设备
3187,688015.SH,交控科技,运输设备
3188,300351.SZ,永贵电器,运输设备
3189,600835.SH,上海机电,运输设备
3190,002367.SZ,康力电梯,运输设备
3191,300594.SZ,朗进科技,运输设备
3192,688143.SH,长盈通,通信设备
3193,000063.SZ,中兴通讯,通信设备
3194,603220.SH,中贝通信,通信设备
3195,600131.SH,国网信通,通信设备
3196,688418.SH,震有科技,通信设备
3197,688552.SH,航天南湖,通信设备
3198,688080.SH,映翰通,通信设备
3199,601869.SH,长飞光纤,通信设备
3200,300638.SZ,广和通,通信设备
3201,688592.SH,司南导航,通信设备
3202,688182.SH,灿勤科技,通信设备
3203,301205.SZ,联特科技,通信设备
3204,002929.SZ,润建股份,通信设备
3205,600522.SH,中天科技,通信设备
3206,301191.SZ,菲菱科思,通信设备
3207,688100.SH,威胜信息,通信设备
3208,300627.SZ,华测导航,通信设备
3209,600990.SH,四创电子,通信设备
3210,600498.SH,烽火通信,通信设备
3211,300762.SZ,上海瀚讯,通信设备
3212,300101.SZ,振芯科技,通信设备
3213,688618.SH,三旺通信,通信设备
3214,002519.SZ,银河电子,通信设备
3215,300913.SZ,兆龙互连,通信设备
3216,002383.SZ,合众思壮,通信设备
3217,002296.SZ,辉煌科技,通信设备
3218,300502.SZ,新易盛,通信设备
3219,600776.SH,东方通信,通信设备
3220,300397.SZ,天和防务,通信设备
3221,300548.SZ,博创科技,通信设备
3222,002413.SZ,雷科防务,通信设备
3223,872374.BJ,云里物里,通信设备
3224,870976.BJ,视声智能,通信设备
3225,300711.SZ,广哈通信,通信设备
3226,688159.SH,有方科技,通信设备
3227,300308.SZ,中际旭创,通信设备
3228,301608.SZ,博实结,通信设备
3229,688292.SH,浩瀚深度,通信设备
3230,301307.SZ,美利信,通信设备
3231,603322.SH,超讯通信,通信设备
3232,688175.SH,高凌信息,通信设备
3233,003040.SZ,楚天龙,通信设备
3234,300628.SZ,亿联网络,通信设备
3235,600562.SH,国睿科技,通信设备
3236,688027.SH,国盾量子,通信设备
3237,603118.SH,共进股份,通信设备
3238,301419.SZ,阿莱德,通信设备
3239,600105.SH,永鼎股份,通信设备
3240,688205.SH,德科立,通信设备
3241,300578.SZ,会畅通讯,通信设备
3242,603236.SH,移远通信,通信设备
3243,002281.SZ,光迅科技,通信设备
3244,603206.SH,嘉环科技,通信设备
3245,002151.SZ,北斗星通,通信设备
3246,300213.SZ,佳讯飞鸿,通信设备
3247,835640.BJ,富士达,通信设备
3248,002446.SZ,盛路通信,通信设备
3249,002583.SZ,海能达,通信设备
3250,002544.SZ,普天科技,通信设备
3251,300698.SZ,万马科技,通信设备
3252,600775.SH,南京熊猫,通信设备
3253,688036.SH,传音控股,通信设备
3254,300394.SZ,天孚通信,通信设备
3255,688313.SH,仕佳光子,通信设备
3256,300183.SZ,东软载波,通信设备
3257,688387.SH,信科移动,通信设备
3258,603712.SH,七一二,通信设备
3259,603341.SH,龙旗科技,通信设备
3260,600487.SH,亨通光电,通信设备
3261,688132.SH,邦彦技术,通信设备
3262,002396.SZ,星网锐捷,通信设备
3263,601138.SH,工业富联,通信设备
3264,300353.SZ,东土科技,通信设备
3265,300615.SZ,欣天科技,通信设备
3266,300504.SZ,天邑股份,通信设备
3267,301600.SZ,慧翰股份,通信设备
3268,300570.SZ,太辰光,通信设备
3269,688002.SH,睿创微纳,通信设备
3270,002902.SZ,铭普光磁,通信设备
3271,002465.SZ,海格通信,通信设备
3272,301165.SZ,锐捷网络,通信设备
3273,300620.SZ,光库科技,通信设备
3274,688522.SH,纳睿雷达,通信设备
3275,688668.SH,鼎通科技,通信设备
3276,000561.SZ,烽火电子,通信设备
3277,838924.BJ,广脉科技,通信设备
3278,300590.SZ,移为通信,通信设备
3279,600963.SH,岳阳林纸,造纸
3280,605007.SH,五洲特纸,造纸
3281,605009.SH,豪悦护理,造纸
3282,833394.BJ,民士达,造纸
3283,000488.SZ,晨鸣纸业,造纸
3284,600966.SH,博汇纸业,造纸
3285,603733.SH,仙鹤股份,造纸
3286,301009.SZ,可靠股份,造纸
3287,600567.SH,山鹰国际,造纸
3288,002078.SZ,太阳纸业,造纸
3289,600433.SH,冠豪高新,造纸
3290,603165.SH,荣晟环保,造纸
3291,002511.SZ,中顺洁柔,造纸
3292,003006.SZ,百亚股份,造纸
3293,605377.SH,华旺科技,造纸
3294,301469.SZ,恒达新材,造纸
3295,001206.SZ,依依股份,造纸
3296,600754.SH,锦江酒店,酒店餐饮
3297,601007.SH,金陵饭店,酒店餐饮
3298,605108.SH,同庆楼,酒店餐饮
3299,600258.SH,首旅酒店,酒店餐饮
3300,301073.SZ,君亭酒店,酒店餐饮
3301,300881.SZ,盛德鑫泰,钢加工
3302,002722.SZ,物产金轮,钢加工
3303,603278.SH,大业股份,钢加工
3304,600477.SH,杭萧钢构,钢加工
3305,603028.SH,赛福天,钢加工
3306,601096.SH,宏盛华源,钢加工
3307,835857.BJ,百甲科技,钢加工
3308,002743.SZ,富煌钢构,钢加工
3309,002135.SZ,东南网架,钢加工
3310,000778.SZ,新兴铸管,钢加工
3311,600496.SH,精工钢构,钢加工
3312,601686.SH,友发集团,钢加工
3313,002132.SZ,恒星科技,钢加工
3314,002478.SZ,常宝股份,钢加工
3315,002843.SZ,泰嘉股份,钢加工
3316,603878.SH,武进不锈,钢加工
3317,002541.SZ,鸿路钢构,钢加工
3318,601816.SH,京沪高铁,铁路
3319,001213.SZ,中铁特货,铁路
3320,600125.SH,铁龙物流,铁路
3321,000557.SZ,西部创业,铁路
3322,001317.SZ,三羊马,铁路
3323,601006.SH,大秦铁路,铁路
3324,601333.SH,广深铁路,铁路
3325,600497.SH,驰宏锌锗,铅锌
3326,871634.BJ,新威凌,铅锌
3327,000426.SZ,兴业银锡,铅锌
3328,601020.SH,华钰矿业,铅锌
3329,000603.SZ,盛达资源,铅锌
3330,603132.SH,金徽股份,铅锌
3331,000060.SZ,中金岭南,铅锌
3332,000426.SZ,兴业矿业,铅锌
3333,000688.SZ,国城矿业,铅锌
3334,600961.SH,株冶集团,铅锌
3335,002203.SZ,海亮股份,铜
3336,688102.SH,斯瑞新材,铜
3337,688456.SH,有研粉材,铜
3338,603979.SH,金诚信,铜
3339,002171.SZ,楚江新材,铜
3340,601609.SH,金田股份,铜
3341,601168.SH,西部矿业,铜
3342,300697.SZ,电工合金,铜
3343,603527.SH,众源新材,铜
3344,000737.SZ,北方铜业,铜
3345,000630.SZ,铜陵有色,铜
3346,601899.SH,紫金矿业,铜
3347,000878.SZ,云南铜业,铜
3348,600362.SH,江西铜业,铜
3349,003038.SZ,鑫铂股份,铝
3350,601702.SH,华峰铝业,铝
3351,603876.SH,鼎胜新材,铝
3352,601600.SH,中国铝业,铝
3353,002128.SZ,电投能源,铝
3354,300057.SZ,万顺新材,铝
3355,000807.SZ,云铝股份,铝
3356,002532.SZ,天山铝业,铝
3357,002160.SZ,常铝股份,铝
3358,002824.SZ,和胜股份,铝
3359,002540.SZ,亚太科技,铝
3360,002988.SZ,豪美新材,铝
3361,601677.SH,明泰铝业,铝
3362,300337.SZ,银邦股份,铝
3363,600595.SH,中孚实业,铝
3364,600361.SH,创新新材,铝
3365,601388.SH,怡球资源,铝
3366,002996.SZ,顺博合金,铝
3367,000933.SZ,神火股份,铝
3368,002578.SZ,闽发铝业,铝
3369,603115.SH,海星股份,铝
3370,600219.SH,南山铝业,铝
3371,600888.SH,新疆众和,铝
3372,601988.SH,中国银行,银行
3373,601998.SH,中信银行,银行
3374,601229.SH,上海银行,银行
3375,600016.SH,民生银行,银行
3376,601009.SH,南京银行,银行
3377,002948.SZ,青岛银行,银行
3378,601838.SH,成都银行,银行
3379,601166.SH,兴业银行,银行
3380,601398.SH,工商银行,银行
3381,600000.SH,浦发银行,银行
3382,601939.SH,建设银行,银行
3383,601077.SH,渝农商行,银行
3384,600908.SH,无锡银行,银行
3385,603323.SH,苏农银行,银行
3386,601328.SH,交通银行,银行
3387,601169.SH,北京银行,银行
3388,601963.SH,重庆银行,银行
3389,600919.SH,江苏银行,银行
3390,002142.SZ,宁波银行,银行
3391,002839.SZ,张家港行,银行
3392,600036.SH,招商银行,银行
3393,601825.SH,沪农商行,银行
3394,601818.SH,光大银行,银行
3395,601187.SH,厦门银行,银行
3396,601860.SH,紫金银行,银行
3397,601528.SH,瑞丰银行,银行
3398,601658.SH,邮储银行,银行
3399,601916.SH,浙商银行,银行
3400,601288.SH,农业银行,银行
3401,601128.SH,常熟银行,银行
3402,000001.SZ,平安银行,银行
3403,002966.SZ,苏州银行,银行
3404,600926.SH,杭州银行,银行
3405,601577.SH,长沙银行,银行
3406,002807.SZ,江阴银行,银行
3407,601665.SH,齐鲁银行,银行
3408,002918.SZ,蒙娜丽莎,陶瓷
3409,003012.SZ,东鹏控股,陶瓷
3410,300285.SZ,国瓷材料,陶瓷
3411,300999.SZ,金龙鱼,食品
3412,603517.SH,绝味食品,食品
3413,000895.SZ,双汇发展,食品
3414,836826.BJ,盖世食品,食品
3415,002330.SZ,得利斯,食品
3416,300908.SZ,仲景食品,食品
3417,300783.SZ,三只松鼠,食品
3418,300138.SZ,晨光生物,食品
3419,603317.SH,天味食品,食品
3420,603057.SH,紫燕食品,食品
3421,002053.SZ,云南能投,食品
3422,605077.SH,华康股份,食品
3423,002726.SZ,龙大美食,食品
3424,603866.SH,桃李面包,食品
3425,833429.BJ,康比特,食品
3426,600186.SH,莲花健康,食品
3427,600305.SH,恒顺醋业,食品
3428,603170.SH,宝立食品,食品
3429,603231.SH,索宝蛋白,食品
3430,605339.SH,南侨食品,食品
3431,836422.BJ,润普食品,食品
3432,839273.BJ,一致魔芋,食品
3433,603027.SH,千禾味业,食品
3434,002852.SZ,道道全,食品
3435,603886.SH,元祖股份,食品
3436,605338.SH,巴比食品,食品
3437,688089.SH,嘉必优,食品
3438,603719.SH,良品铺子,食品
3439,603697.SH,有友食品,食品
3440,832023.BJ,田野股份,食品
3441,300858.SZ,科拓生物,食品
3442,600298.SH,安琪酵母,食品
3443,002507.SZ,涪陵榨菜,食品
3444,002557.SZ,洽洽食品,食品
3445,300829.SZ,金丹科技,食品
3446,603345.SH,安井食品,食品
3447,600929.SH,雪天盐业,食品
3448,002991.SZ,甘源食品,食品
3449,001215.SZ,千味央厨,食品
3450,002216.SZ,三全食品,食品
3451,300765.SZ,新诺威,食品
3452,600873.SH,梅花生物,食品
3453,002840.SZ,华统股份,食品
3454,603777.SH,来伊份,食品
3455,831726.BJ,朱老六,食品
3456,605016.SH,百龙创园,食品
3457,002582.SZ,好想你,食品
3458,000911.SZ,南宁糖业,食品
3459,600186.SH,莲花控股,食品
3460,600872.SH,中炬高新,食品
3461,003000.SZ,劲仔食品,食品
3462,603043.SH,广州酒家,食品
3463,300146.SZ,汤臣倍健,食品
3464,301116.SZ,益客食品,食品
3465,002515.SZ,金字火腿,食品
3466,603237.SH,五芳斋,食品
3467,002695.SZ,煌上煌,食品
3468,603288.SH,海天味业,食品
3469,603755.SH,日辰股份,食品
3470,603299.SH,苏盐井神,食品
3471,002597.SZ,金禾实业,食品
3472,002820.SZ,桂发祥,食品
3473,839371.BJ,欧福蛋业,食品
3474,002956.SZ,西麦食品,食品
3475,002847.SZ,盐津铺子,食品
3476,300973.SZ,立高食品,食品
3477,003030.SZ,祖名股份,食品
3478,603020.SH,爱普股份,食品
3479,600737.SH,中粮糖业,食品
3480,605089.SH,味知香,食品
3481,605567.SH,春雪食品,食品
3482,603609.SH,禾丰股份,饲料
3483,603668.SH,天马科技,饲料
3484,002548.SZ,金新农,饲料
3485,002385.SZ,大北农,饲料
3486,300673.SZ,佩蒂股份,饲料
3487,600299.SH,安迪苏,饲料
3488,603151.SH,邦基科技,饲料
3489,603363.SH,傲农生物,饲料
3490,688156.SH,路德环境,饲料
3491,000876.SZ,新希望,饲料
3492,001366.SZ,播恩集团,饲料
3493,001313.SZ,粤海饲料,饲料
3494,301498.SZ,乖宝宠物,饲料
3495,002311.SZ,海大集团,饲料
3496,002100.SZ,天康生物,饲料
3497,002891.SZ,中宠股份,饲料
3498,002567.SZ,唐人神,饲料
3499,600866.SH,星湖科技,饲料
3500,832419.BJ,路斯股份,饲料
3501,002237.SZ,恒邦股份,黄金
3502,000975.SZ,银泰黄金,黄金
3503,001337.SZ,四川黄金,黄金
3504,600489.SH,中金黄金,黄金
3505,601028.SH,玉龙股份,黄金
3506,600988.SH,赤峰黄金,黄金
3507,002155.SZ,湖南黄金,黄金
3508,600547.SH,山东黄金,黄金
3509,000975.SZ,山金国际,黄金
