ts_code,name
688006.SH,杭可科技
688557.SH,兰剑智能
688111.SH,金山办公
688141.SH,杰华特
688697.SH,纽威数控
600988.SH,赤峰黄金
688036.SH,传音控股
002594.SZ,比亚迪
688025.SH,杰普特
688559.SH,海目星
688337.SH,普源精电
688059.SH,华锐精密
600955.SH,维远股份
688308.SH,欧科亿
300790.SZ,宇瞳光学
688363.SH,华熙生物
688348.SH,昱能科技
002332.SZ,仙琚制药
688169.SH,石头科技
688223.SH,晶科能源
688326.SH,经纬恒润
603605.SH,珀莱雅
000063.SZ,中兴通讯
688665.SH,四方光电
688100.SH,威胜信息
688147.SH,微导纳米
300260.SZ,新莱应材
601601.SH,中国太保
600549.SH,厦门钨业
688122.SH,西部超导
688793.SH,倍轻松
688676.SH,金盘科技
300737.SZ,科顺股份
688029.SH,南微医学
688246.SH,嘉和美康
600309.SH,万华化学
688598.SH,金博股份
688400.SH,凌云光
688519.SH,南亚新材
003035.SZ,南网能源
002959.SZ,小熊电器
688012.SH,中微公司
835368.BJ,连城数控
000975.SZ,银泰黄金
002595.SZ,豪迈科技
688037.SH,芯源微
688305.SH,科德数控
300481.SZ,濮阳惠成
002096.SZ,南岭民爆
600329.SH,达仁堂
688320.SH,禾川科技
601901.SH,方正证券
688089.SH,嘉必优
601636.SH,旗滨集团
300438.SZ,鹏辉能源
688618.SH,三旺通信
002557.SZ,洽洽食品
300496.SZ,中科创达
301345.SZ,涛涛车业
600183.SH,生益科技
688556.SH,高测股份
688516.SH,奥特维
688355.SH,明志科技
002415.SZ,海康威视
002847.SZ,盐津铺子
300662.SZ,科锐国际
300393.SZ,中来股份
688120.SH,华海清科
688300.SH,联瑞新材
603026.SH,胜华新材
603379.SH,三美股份
002511.SZ,中顺洁柔
300908.SZ,仲景食品
301330.SZ,熵基科技
688498.SH,源杰科技
688392.SH,骄成超声
688630.SH,芯碁微装
301246.SZ,宏源药业
600416.SH,湘电股份
688167.SH,炬光科技
688636.SH,智明达
603755.SH,日辰股份
688239.SH,航宇科技
002139.SZ,拓邦股份
001308.SZ,康冠科技
600305.SH,恒顺醋业
300308.SZ,中际旭创
688071.SH,华依科技
002262.SZ,恩华药业
688170.SH,德龙激光
002705.SZ,新宝股份
688019.SH,安集科技
002955.SZ,鸿合科技
688112.SH,鼎阳科技
688375.SH,国博电子
688080.SH,映翰通
300036.SZ,超图软件
688048.SH,长光华芯
688696.SH,极米科技
603908.SH,牧高笛
300404.SZ,博济医药
002886.SZ,沃特股份
002078.SZ,太阳纸业
002372.SZ,伟星新材
688033.SH,天宜上佳
688052.SH,纳芯微
600428.SH,中远海特
600353.SH,旭光电子
000729.SZ,燕京啤酒
688668.SH,鼎通科技
688105.SH,诺唯赞
688331.SH,荣昌生物
002714.SZ,牧原股份
300012.SZ,华测检测
688076.SH,诺泰生物
688499.SH,利元亨
300724.SZ,捷佳伟创
688196.SH,卓越新能
600050.SH,中国联通
688091.SH,上海谊众
688526.SH,科前生物
605338.SH,巴比食品
688152.SH,麒麟信安
002966.SZ,苏州银行
688480.SH,赛恩斯
600422.SH,昆药集团
002727.SZ,一心堂
600027.SH,华电国际
301161.SZ,唯万密封
300418.SZ,昆仑万维
002241.SZ,歌尔股份
002152.SZ,广电运通
688131.SH,皓元医药
600284.SH,浦东建设
688222.SH,成都先导
688295.SH,中复神鹰
002353.SZ,杰瑞股份
300979.SZ,华利集团
002649.SZ,博彦科技
603986.SH,兆易创新
002158.SZ,汉钟精机
603708.SH,家家悦
002138.SZ,顺络电子
603305.SH,旭升集团
688800.SH,瑞可达
688533.SH,上声电子
300033.SZ,同花顺
872808.BJ,曙光数创
688536.SH,思瑞浦
600219.SH,南山铝业
603059.SH,倍加洁
688125.SH,安达智能
300978.SZ,东箭科技
002240.SZ,盛新锂能
300622.SZ,博士眼镜
300443.SZ,金雷股份
603590.SH,康辰药业
600298.SH,安琪酵母
000625.SZ,长安汽车
833575.BJ,康乐卫士
300763.SZ,锦浪科技
688819.SH,天能股份
300755.SZ,华致酒行
688281.SH,华秦科技
000776.SZ,广发证券
600557.SH,康缘药业
002612.SZ,朗姿股份
688002.SH,睿创微纳
688611.SH,杭州柯林
688261.SH,东微半导
689009.SH,九号公司
000400.SZ,许继电气
831832.BJ,科达自控
002254.SZ,泰和新材
688007.SH,光峰科技
301077.SZ,星华新材
300224.SZ,正海磁材
688132.SH,邦彦技术
002284.SZ,亚太股份
835985.BJ,海泰新能
000726.SZ,鲁泰A
000488.SZ,晨鸣纸业
603997.SH,继峰股份
300124.SZ,汇川技术
002007.SZ,华兰生物
002475.SZ,立讯精密
301408.SZ,华人健康
688162.SH,巨一科技
300026.SZ,红日药业
002984.SZ,森麒麟
600587.SH,新华医疗
002028.SZ,思源电气
002063.SZ,远光软件
600732.SH,爱旭股份
601311.SH,骆驼股份
600200.SH,江苏吴中
688522.SH,纳睿雷达
600809.SH,山西汾酒
300957.SZ,贝泰妮
688017.SH,绿的谐波
600229.SH,城市传媒
600481.SH,双良节能
300761.SZ,立华股份
002405.SZ,四维图新
301439.SZ,泓淋电力
603317.SH,天味食品
600039.SH,四川路桥
688608.SH,恒玄科技
688187.SH,时代电气
831906.BJ,舜宇精工
688262.SH,国芯科技
002258.SZ,利尔化学
688020.SH,方邦股份
002885.SZ,京泉华
600072.SH,中船科技
002812.SZ,恩捷股份
300856.SZ,科思股份
601117.SH,中国化学
001338.SZ,永顺泰
600938.SH,中国海油
605337.SH,李子园
601677.SH,明泰铝业
300144.SZ,宋城演艺
000988.SZ,华工科技
601899.SH,紫金矿业
688077.SH,大地熊
601600.SH,中国铝业
688639.SH,华恒生物
605299.SH,舒华体育
300708.SZ,聚灿光电
601619.SH,嘉泽新能
002459.SZ,晶澳科技
430489.BJ,佳先股份
688680.SH,海优新材
300138.SZ,晨光生物
300926.SZ,博俊科技
002384.SZ,东山精密
836077.BJ,吉林碳谷
688227.SH,品高股份
833819.BJ,颖泰生物
301227.SZ,森鹰窗业
600612.SH,老凤祥
301108.SZ,洁雅股份
603043.SH,广州酒家
836270.BJ,天铭科技
301373.SZ,凌玮科技
000858.SZ,五粮液
603801.SH,志邦家居
688659.SH,元琛科技
300316.SZ,晶盛机电
300129.SZ,泰胜风能
600861.SH,北京城乡
603693.SH,江苏新能
688166.SH,博瑞医药
430556.BJ,雅达股份
301115.SZ,建科股份
600426.SH,华鲁恒升
601818.SH,光大银行
688426.SH,康为世纪
688561.SH,奇安信
688296.SH,和达科技
688005.SH,容百科技
300896.SZ,爱美客
603108.SH,润达医疗
300705.SZ,九典制药
688160.SH,步科股份
605117.SH,德业股份
688435.SH,英方软件
000951.SZ,中国重汽
300832.SZ,新产业
688383.SH,新益昌
300442.SZ,润泽科技
600460.SH,士兰微
600066.SH,宇通客车
300586.SZ,美联新材
300699.SZ,光威复材
601800.SH,中国交建
603439.SH,贵州三力
300118.SZ,东方日升
603859.SH,能科科技
300718.SZ,长盛轴承
603307.SH,扬州金泉
002410.SZ,广联达
605089.SH,味知香
688235.SH,百济神州
300470.SZ,中密控股
000810.SZ,创维数字
603236.SH,移远通信
830809.BJ,安达科技
603169.SH,兰石重装
300408.SZ,三环集团
600873.SH,梅花生物
300511.SZ,雪榕生物
603871.SH,嘉友国际
601003.SH,柳钢股份
002603.SZ,以岭药业
603899.SH,晨光股份
688502.SH,茂莱光学
600233.SH,圆通速递
002074.SZ,国轩高科
603612.SH,索通发展
300101.SZ,振芯科技
301358.SZ,湖南裕能
002169.SZ,智光电气
301011.SZ,华立科技
002536.SZ,飞龙股份
603867.SH,新化股份
001301.SZ,尚太科技
300389.SZ,艾比森
000534.SZ,万泽股份
688179.SH,阿拉丁
688501.SH,青达环保
600516.SH,方大炭素
300161.SZ,华中数控
600048.SH,保利发展
300413.SZ,芒果超媒
600895.SH,张江高科
603298.SH,杭叉集团
600256.SH,广汇能源
003032.SZ,传智教育
600176.SH,中国巨石
002281.SZ,光迅科技
301165.SZ,锐捷网络
605377.SH,华旺科技
688045.SH,必易微
605090.SH,九丰能源
002741.SZ,光华科技
000002.SZ,万科A
300002.SZ,神州泰岳
605189.SH,富春染织
002991.SZ,甘源食品
000989.SZ,九芝堂
300498.SZ,温氏股份
001337.SZ,四川黄金
600761.SH,安徽合力
601633.SH,长城汽车
688372.SH,伟测科技
688266.SH,泽璟制药
002832.SZ,比音勒芬
600199.SH,金种子酒
003000.SZ,劲仔食品
000001.SZ,平安银行
601186.SH,中国铁建
688099.SH,晶晨股份
603517.SH,绝味食品
601595.SH,上海电影
300547.SZ,川环科技
000568.SZ,泸州老窖
002698.SZ,博实股份
601238.SH,广汽集团
600301.SH,南化股份
002088.SZ,鲁阳节能
603529.SH,爱玛科技
300700.SZ,岱勒新材
002129.SZ,TCL中环
301386.SZ,未来电器
688588.SH,凌志软件
601658.SH,邮储银行
300130.SZ,新国都
301198.SZ,喜悦智行
300750.SZ,宁德时代
000739.SZ,普洛药业
002701.SZ,奥瑞金
603392.SH,万泰生物
601669.SH,中国电建
603606.SH,东方电缆
300853.SZ,申昊科技
001283.SZ,豪鹏科技
600104.SH,上汽集团
600989.SH,宝丰能源
002387.SZ,维信诺
603220.SH,中贝通信
603103.SH,横店影视
002532.SZ,天山铝业
300354.SZ,东华测试
001979.SZ,招商蛇口
001205.SZ,盛航股份
300654.SZ,世纪天鸿
688368.SH,晶丰明源
834261.BJ,一诺威
600211.SH,西藏药业
000915.SZ,华特达因
600433.SH,冠豪高新
301071.SZ,力量钻石
601318.SH,中国平安
000848.SZ,承德露露
601933.SH,永辉超市
000426.SZ,兴业矿业
000999.SZ,华润三九
300903.SZ,科翔股份
603039.SH,ST泛微
688376.SH,美埃科技
601808.SH,中海油服
600528.SH,中铁工业
600859.SH,王府井
688722.SH,同益中
301018.SZ,申菱环境
601728.SH,中国电信
603596.SH,伯特利
839792.BJ,东和新材
600109.SH,国金证券
603209.SH,兴通股份
600496.SH,精工钢构
603179.SH,新泉股份
301179.SZ,泽宇智能
688786.SH,悦安新材
000893.SZ,亚钾国际
000066.SZ,中国长城
002747.SZ,埃斯顿
300887.SZ,谱尼测试
300614.SZ,百川畅银
600875.SH,东方电气
300567.SZ,精测电子
601688.SH,华泰证券
688083.SH,中望软件
601100.SH,恒立液压
603345.SH,安井食品
603369.SH,今世缘
603136.SH,天目湖
601939.SH,建设银行
600522.SH,中天科技
688621.SH,阳光诺和
603269.SH,海鸥股份
688521.SH,芯原股份
603162.SH,海通发展
603711.SH,香飘飘
300726.SZ,宏达电子
600963.SH,岳阳林纸
600388.SH,ST龙净
000928.SZ,中钢国际
688599.SH,天合光能
835640.BJ,富士达
605388.SH,均瑶健康
430139.BJ,华岭股份
603303.SH,得邦照明
601155.SH,新城控股
605098.SH,行动教育
603008.SH,喜临门
301157.SZ,华塑科技
600845.SH,宝信软件
002203.SZ,海亮股份
301078.SZ,孩子王
603881.SH,数据港
300378.SZ,鼎捷软件
002402.SZ,和而泰
002997.SZ,瑞鹄模具
301069.SZ,凯盛新材
002915.SZ,中欣氟材
002517.SZ,恺英网络
603093.SH,南华期货
600348.SH,华阳股份
603739.SH,蔚蓝生物
603619.SH,中曼石油
300623.SZ,捷捷微电
600801.SH,华新水泥
002916.SZ,深南电路
603909.SH,建发合诚
600315.SH,上海家化
300858.SZ,科拓生物
000933.SZ,神火股份
605122.SH,四方新材
688531.SH,日联科技
000876.SZ,新希望
601138.SH,工业富联
688022.SH,瀚川智能
600976.SH,健民集团
603393.SH,新天然气
688390.SH,固德威
603186.SH,华正新材
688515.SH,裕太微
000408.SZ,藏格矿业
601872.SH,招商轮船
601888.SH,中国中免
300294.SZ,博雅生物
603799.SH,华友钴业
603889.SH,新澳股份
300973.SZ,立高食品
600941.SH,中国移动
688203.SH,海正生材
605366.SH,宏柏新材
300723.SZ,一品红
600765.SH,中航重机
002782.SZ,可立克
000921.SZ,海信家电
600123.SH,兰花科创
603237.SH,五芳斋
603105.SH,芯能科技
002179.SZ,中航光电
600438.SH,通威股份
301141.SZ,中科磁业
600547.SH,山东黄金
600705.SH,中航产融
831961.BJ,创远信科
300014.SZ,亿纬锂能
688018.SH,乐鑫科技
601089.SH,福元医药
002568.SZ,百润股份
600862.SH,中航高科
688566.SH,吉贝尔
002223.SZ,鱼跃医疗
003816.SZ,中国广核
600699.SH,均胜电子
002123.SZ,梦网科技
603272.SH,联翔股份
600660.SH,福耀玻璃
831152.BJ,昆工科技
603800.SH,道森股份
600566.SH,济川药业
603056.SH,德邦股份
600038.SH,中直股份
301203.SZ,国泰环保
002236.SZ,大华股份
000028.SZ,国药一致
001255.SZ,博菲电气
002034.SZ,旺能环境
688343.SH,云天励飞
300760.SZ,迈瑞医疗
688586.SH,江航装备
601825.SH,沪农商行
000860.SZ,顺鑫农业
834033.BJ,康普化学
603983.SH,丸美股份
688508.SH,芯朋微
002865.SZ,钧达股份
600372.SH,中航电子
603589.SH,口子窖
688535.SH,华海诚科
300059.SZ,东方财富
601500.SH,通用股份
002419.SZ,天虹股份
002773.SZ,康弘药业
688484.SH,南芯科技
001914.SZ,招商积余
603180.SH,金牌厨柜
301281.SZ,科源制药
603995.SH,甬金股份
001287.SZ,中电港
605016.SH,百龙创园
603259.SH,药明康德
834062.BJ,科润智控
001367.SZ,海森药业
688195.SH,腾景科技
688047.SH,龙芯中科
688301.SH,奕瑞科技
600316.SH,洪都航空
600486.SH,扬农化工
688569.SH,铁科轨道
000603.SZ,盛达资源
605088.SH,冠盛股份
605111.SH,新洁能
300491.SZ,通合科技
688323.SH,瑞华泰
002840.SZ,华统股份
301153.SZ,中科江南
002233.SZ,塔牌集团
605339.SH,南侨食品
000937.SZ,冀中能源
300748.SZ,金力永磁
002777.SZ,久远银海
000708.SZ,中信特钢
600572.SH,康恩贝
002080.SZ,中材科技
600487.SH,亨通光电
600507.SH,方大特钢
600479.SH,千金药业
603993.SH,洛阳钼业
600756.SH,浪潮软件
600028.SH,中国石化
688133.SH,泰坦科技
001328.SZ,登康口腔
688303.SH,大全能源
300693.SZ,盛弘股份
603055.SH,台华新材
603125.SH,常青科技
688568.SH,中科星图
600872.SH,中炬高新
300146.SZ,汤臣倍健
600195.SH,中牧股份
300682.SZ,朗新科技
002756.SZ,永兴材料
601882.SH,海天精工
603135.SH,中重科技
688290.SH,景业智能
688248.SH,南网科技
601061.SH,中信金属
300226.SZ,上海钢联
603283.SH,赛腾股份
300122.SZ,智飞生物
600583.SH,海油工程
600312.SH,平高电气
002283.SZ,天润工业
301302.SZ,华如科技
000661.SZ,长春高新
002035.SZ,华帝股份
603558.SH,健盛集团
688686.SH,奥普特
600478.SH,科力远
000552.SZ,靖远煤电
603306.SH,华懋科技
600325.SH,华发股份
601689.SH,拓普集团
600388.SH,龙净环保
600702.SH,舍得酒业
000553.SZ,安道麦A
603377.SH,东方时尚
601065.SH,江盐集团
003038.SZ,鑫铂股份
001286.SZ,陕西能源
600515.SH,海南机场
000807.SZ,云铝股份
002985.SZ,北摩高科
601133.SH,柏诚股份
600011.SH,华能国际
688601.SH,力芯微
001360.SZ,南矿集团
603215.SH,比依股份
600141.SH,兴发集团
603876.SH,鼎胜新材
002318.SZ,久立特材
688041.SH,海光信息
002003.SZ,伟星股份
603713.SH,密尔克卫
300087.SZ,荃银高科
601668.SH,中国建筑
002273.SZ,水晶光电
600900.SH,长江电力
000429.SZ,粤高速A
600597.SH,光明乳业
000786.SZ,北新建材
600755.SH,厦门国贸
301308.SZ,江波龙
600882.SH,妙可蓝多
688677.SH,海泰新光
002046.SZ,国机精工
688439.SH,振华风光
601456.SH,国联证券
002648.SZ,卫星化学
001339.SZ,智微智能
600511.SH,国药股份
688520.SH,神州细胞
000403.SZ,派林生物
603219.SH,富佳股份
600157.SH,永泰能源
000877.SZ,天山股份
002121.SZ,科陆电子
688579.SH,山大地纬
300119.SZ,瑞普生物
600600.SH,青岛啤酒
000543.SZ,皖能电力
603688.SH,石英股份
603919.SH,金徽酒
838670.BJ,恒进感应
301193.SZ,家联科技
300490.SZ,华自科技
000852.SZ,石化机械
600332.SH,白云山
002085.SZ,万丰奥威
600720.SH,祁连山
605499.SH,东鹏饮料
600933.SH,爱柯迪
300054.SZ,鼎龙股份
301030.SZ,仕净科技
603719.SH,良品铺子
300364.SZ,中文在线
603019.SH,中科曙光
601998.SH,中信银行
601128.SH,常熟银行
001215.SZ,千味央厨
300830.SZ,金现代
600970.SH,中材国际
603866.SH,桃李面包
831195.BJ,三祥科技
002803.SZ,吉宏股份
688385.SH,复旦微电
688475.SH,萤石网络
601898.SH,中煤能源
601231.SH,环旭电子
600688.SH,上海石化
002610.SZ,爱康科技
603758.SH,秦安股份
600729.SH,重庆百货
002027.SZ,分众传媒
000932.SZ,华菱钢铁
600079.SH,人福医药
002056.SZ,横店东磁
301095.SZ,广立微
002738.SZ,中矿资源
600519.SH,贵州茅台
603127.SH,昭衍新药
301155.SZ,海力风电
002345.SZ,潮宏基
002438.SZ,江苏神通
002466.SZ,天齐锂业
300999.SZ,金龙鱼
002805.SZ,丰元股份
300673.SZ,佩蒂股份
601319.SH,中国人保
600188.SH,兖矿能源
688302.SH,海创药业
600655.SH,豫园股份
300453.SZ,三鑫医疗
002507.SZ,涪陵榨菜
003006.SZ,百亚股份
002304.SZ,洋河股份
002407.SZ,多氟多
830946.BJ,森萱医药
601339.SH,百隆东方
601088.SH,中国神华
600588.SH,用友网络
300332.SZ,天壕环境
605567.SH,春雪食品
836720.BJ,吉冈精密
300548.SZ,博创科技
688314.SH,康拓医疗
688159.SH,有方科技
000409.SZ,云鼎科技
300759.SZ,康龙化成
688687.SH,凯因科技
300019.SZ,硅宝科技
001322.SZ,箭牌家居
603956.SH,威派格
600956.SH,新天绿能
002463.SZ,沪电股份
838402.BJ,硅烷科技
002352.SZ,顺丰控股
300589.SZ,江龙船艇
688698.SH,伟创电气
600054.SH,黄山旅游
600063.SH,皖维高新
600535.SH,天士力
300045.SZ,华力创通
601168.SH,西部矿业
600750.SH,江中药业
600276.SH,恒瑞医药
003020.SZ,立方制药
600803.SH,新奥股份
688353.SH,华盛锂电
002930.SZ,宏川智慧
603348.SH,文灿股份
830879.BJ,基康仪器
600548.SH,深高速
300363.SZ,博腾股份
301377.SZ,鼎泰高科
600489.SH,中金黄金
601121.SH,宝地矿业
600036.SH,招商银行
688322.SH,奥比中光
688366.SH,昊海生科
839273.BJ,一致魔芋
000060.SZ,中金岭南
000799.SZ,酒鬼酒
002243.SZ,力合科创
002531.SZ,天顺风能
600150.SH,中国船舶
688098.SH,申联生物
000423.SZ,东阿阿胶
600398.SH,海澜之家
601975.SH,招商南油
002839.SZ,张家港行
002876.SZ,三利谱
301168.SZ,通灵股份
000910.SZ,大亚圣象
601865.SH,福莱特
002975.SZ,博杰股份
600999.SH,招商证券
002151.SZ,北斗星通
688433.SH,华曙高科
603005.SH,晶方科技
300274.SZ,阳光电源
600827.SH,百联股份
002478.SZ,常宝股份
000728.SZ,国元证券
002873.SZ,新天药业
603357.SH,设计总院
601916.SH,浙商银行
300009.SZ,安科生物
002465.SZ,海格通信
002398.SZ,垒知集团
300894.SZ,火星人
002807.SZ,江阴银行
300638.SZ,广和通
002493.SZ,荣盛石化
600585.SH,海螺水泥
002185.SZ,华天科技
600449.SH,宁夏建材
300037.SZ,新宙邦
301429.SZ,森泰股份
603255.SH,鼎际得
301035.SZ,润丰股份
300602.SZ,飞荣达
605168.SH,三人行
603659.SH,璞泰来
600085.SH,同仁堂
600546.SH,山煤国际
601628.SH,中国人寿
000738.SZ,航发控制
603701.SH,德宏股份
002166.SZ,莱茵生物
001270.SZ,铖昌科技
601528.SH,瑞丰银行
300347.SZ,泰格医药
301387.SZ,光大同创
600029.SH,南方航空
600377.SH,宁沪高速
601991.SH,大唐发电
603368.SH,柳药集团
600754.SH,锦江酒店
002439.SZ,启明星辰
301357.SZ,北方长龙
603137.SH,恒尚节能
688139.SH,海尔生物
603208.SH,江山欧派
603191.SH,望变电气
002960.SZ,青鸟消防
601969.SH,海南矿业
300986.SZ,志特新材
002385.SZ,大北农
002392.SZ,北京利尔
000401.SZ,冀东水泥
002968.SZ,新大正
600016.SH,民生银行
603035.SH,常熟汽饰
873593.BJ,鼎智科技
300206.SZ,理邦仪器
688351.SH,微电生理
600171.SH,上海贝岭
002287.SZ,奇正藏药
688489.SH,三未信安
300553.SZ,集智股份
002765.SZ,蓝黛科技
603678.SH,火炬电子
600196.SH,复星医药
603358.SH,华达科技
603886.SH,元祖股份
600985.SH,淮北矿业
605099.SH,共创草坪
600995.SH,南网储能
301096.SZ,百诚医药
002299.SZ,圣农发展
002472.SZ,双环传动
600559.SH,老白干酒
300474.SZ,景嘉微
605266.SH,健之佳
688507.SH,索辰科技
603477.SH,巨星农牧
002461.SZ,珠江啤酒
688352.SH,颀中科技
300327.SZ,中颖电子
002156.SZ,通富微电
836208.BJ,青矩技术
600598.SH,北大荒
000895.SZ,双汇发展
601615.SH,明阳智能
002060.SZ,粤水电
600502.SH,安徽建工
002978.SZ,安宁股份
002506.SZ,协鑫集成
603707.SH,健友股份
300575.SZ,中旗股份
001223.SZ,欧克科技
301367.SZ,怡和嘉业
000629.SZ,钒钛股份
603225.SH,新凤鸣
002460.SZ,赣锋锂业
600876.SH,凯盛新能
300824.SZ,北鼎股份
001289.SZ,龙源电力
601015.SH,陕西黑猫
688293.SH,奥浦迈
688733.SH,壹石通
600908.SH,无锡银行
600282.SH,南钢股份
002484.SZ,江海股份
002920.SZ,德赛西威
003022.SZ,联泓新科
601038.SH,一拖股份
601886.SH,江河集团
301236.SZ,软通动力
688539.SH,高华科技
601857.SH,中国石油
300143.SZ,盈康生命
300925.SZ,法本信息
002389.SZ,航天彩虹
603267.SH,鸿远电子
688009.SH,中国通号
001206.SZ,依依股份
603733.SH,仙鹤股份
601208.SH,东材科技
601618.SH,中国中冶
002234.SZ,民和股份
002801.SZ,微光股份
002049.SZ,紫光国微
003021.SZ,兆威机电
688016.SH,心脉医疗
688156.SH,路德环境
300841.SZ,康华生物
301047.SZ,义翘神州
601211.SH,国泰君安
001311.SZ,多利科技
003028.SZ,振邦智能
002039.SZ,黔源电力
688386.SH,泛亚微透
688777.SH,中控技术
301029.SZ,怡合达
601360.SH,三六零
600299.SH,安迪苏
000970.SZ,中科三环
300314.SZ,戴维医疗
603697.SH,有友食品
603722.SH,阿科力
600584.SH,长电科技
301031.SZ,中熔电气
301162.SZ,国能日新
603300.SH,华铁应急
600223.SH,鲁商发展
002020.SZ,京新药业
600153.SH,建发股份
002401.SZ,中远海科
603258.SH,电魂网络
601827.SH,三峰环境
600436.SH,片仔癀
000737.SZ,北方铜业
600363.SH,联创光电
601336.SH,新华保险
300570.SZ,太辰光
688157.SH,松井股份
601988.SH,中国银行
688278.SH,特宝生物
300482.SZ,万孚生物
600690.SH,海尔智家
300835.SZ,龙磁科技
301268.SZ,铭利达
688660.SH,电气风电
601799.SH,星宇股份
603896.SH,寿仙谷
601111.SH,中国国航
000538.SZ,云南白药
600602.SH,云赛智联
000938.SZ,紫光股份
600030.SH,中信证券
601328.SH,交通银行
600958.SH,东方证券
601398.SH,工商银行
603658.SH,安图生物
300529.SZ,健帆生物
688066.SH,航天宏图
000089.SZ,深圳机场
688373.SH,盟科药业
002430.SZ,杭氧股份
300373.SZ,扬杰科技
000963.SZ,华东医药
002918.SZ,蒙娜丽莎
300795.SZ,米奥会展
688276.SH,百克生物
002032.SZ,苏泊尔
603444.SH,吉比特
001269.SZ,欧晶科技
603687.SH,大胜达
601878.SH,浙商证券
300993.SZ,玉马遮阳
300788.SZ,中信出版
301360.SZ,荣旗科技
600026.SH,中远海能
002294.SZ,信立泰
601126.SH,四方股份
601166.SH,兴业银行
600415.SH,小商品城
688180.SH,君实生物
603938.SH,三孚股份
000157.SZ,中联重科
600129.SH,太极集团
600258.SH,首旅酒店
002961.SZ,瑞达期货
688318.SH,财富趋势
002155.SZ,湖南黄金
601288.SH,农业银行
002245.SZ,蔚蓝锂芯
300674.SZ,宇信科技
000792.SZ,盐湖股份
002690.SZ,美亚光电
000555.SZ,神州信息
600419.SH,天润乳业
002821.SZ,凯莱英
600570.SH,恒生电子
002658.SZ,雪迪龙
600115.SH,中国东航
600885.SH,宏发股份
002732.SZ,燕塘乳业
603998.SH,方盛制药
301307.SZ,美利信
600893.SH,航发动力
000513.SZ,丽珠集团
300595.SZ,欧普康视
000524.SZ,岭南控股
688333.SH,铂力特
601330.SH,绿色动力
002967.SZ,广电计量
688146.SH,中船特气
600021.SH,上海电力
300571.SZ,平治信息
600138.SH,中青旅
601995.SH,中金公司
600629.SH,华建集团
830896.BJ,旺成科技
688478.SH,晶升股份
605300.SH,佳禾食品
688268.SH,华特气体
600350.SH,山东高速
603067.SH,振华股份
002541.SZ,鸿路钢构
600563.SH,法拉电子
601390.SH,中国中铁
688981.SH,中芯国际
002996.SZ,顺博合金
603556.SH,海兴电力
600362.SH,江西铜业
003030.SZ,祖名股份
603885.SH,吉祥航空
002436.SZ,兴森科技
605399.SH,晨光新材
688772.SH,珠海冠宇
300457.SZ,赢合科技
603222.SH,济民医疗
601869.SH,长飞光纤
000155.SZ,川能动力
002533.SZ,金杯电工
002140.SZ,东华科技
003040.SZ,楚天龙
002706.SZ,良信股份
688617.SH,惠泰医疗
601058.SH,赛轮轮胎
601828.SH,美凯龙
603609.SH,禾丰股份
600814.SH,杭州解百
601868.SH,中国能建
000338.SZ,潍柴动力
688190.SH,云路股份
002242.SZ,九阳股份
000539.SZ,粤电力A
002206.SZ,海利得
601919.SH,中远海控
601966.SH,玲珑轮胎
688161.SH,威高骨科
600821.SH,金开新能
601607.SH,上海医药
300667.SZ,必创科技
600118.SH,中国卫星
002938.SZ,鹏鼎控股
300769.SZ,德方纳米
300850.SZ,新强联
301052.SZ,果麦文化
600031.SH,三一重工
000800.SZ,一汽解放
002913.SZ,奥士康
300298.SZ,三诺生物
002530.SZ,金财互联
002202.SZ,金风科技
603712.SH,七一二
000596.SZ,古井贡酒
688619.SH,罗普特
300188.SZ,美亚柏科
002641.SZ,公元股份
600060.SH,海信视像
600977.SH,中国电影
600879.SH,航天电子
688269.SH,凯立新材
601965.SH,中国汽研
301188.SZ,力诺特玻
002563.SZ,森马服饰
002895.SZ,川恒股份
002818.SZ,富森美
601881.SH,中国银河
600837.SH,海通证券
300092.SZ,科新机电
000034.SZ,神州数码
688486.SH,龙迅股份
002837.SZ,英维克
000683.SZ,远兴能源
600925.SH,苏能股份
603151.SH,邦基科技
300938.SZ,信测标准
600012.SH,皖通高速
002995.SZ,天地在线
601028.SH,玉龙股份
300296.SZ,利亚德
603197.SH,保隆科技
688213.SH,思特威
688410.SH,山外山
000960.SZ,锡业股份
688700.SH,东威科技
605020.SH,永和股份
601007.SH,金陵饭店
605167.SH,利柏特
300007.SZ,汉威科技
002335.SZ,科华数据
300559.SZ,佳发教育
688356.SH,键凯科技
300223.SZ,北京君正
300105.SZ,龙源技术
000821.SZ,京山轻机
002434.SZ,万里扬
001965.SZ,招商公路
300953.SZ,震裕科技
603538.SH,美诺华
300217.SZ,东方电热
601375.SH,中原证券
600582.SH,天地科技
002483.SZ,润邦股份
002149.SZ,西部材料
601598.SH,中国外运
300291.SZ,百纳千成
688252.SH,天德钰
002368.SZ,太极股份
002033.SZ,丽江股份
300398.SZ,飞凯材料
002142.SZ,宁波银行
002518.SZ,科士达
600391.SH,航发科技
603158.SH,腾龙股份
601666.SH,平煤股份
003012.SZ,东鹏控股
002583.SZ,海能达
600909.SH,华安证券
002599.SZ,盛通股份
603878.SH,武进不锈
300127.SZ,银河磁体
601066.SH,中信建投
600323.SH,瀚蓝环境
300133.SZ,华策影视
600207.SH,安彩高科
001872.SZ,招商港口
301312.SZ,智立方
688150.SH,莱特光电
300870.SZ,欧陆通
688221.SH,前沿生物
300339.SZ,润和软件
300596.SZ,利安隆
603128.SH,华贸物流
002292.SZ,奥飞娱乐
603690.SH,至纯科技
688115.SH,思林杰
300676.SZ,华大基因
603290.SH,斯达半导
300353.SZ,东土科技
605133.SH,嵘泰股份
600817.SH,宇通重工
003031.SZ,中瓷电子
300592.SZ,华凯易佰
603027.SH,千禾味业
601766.SH,中国中车
002624.SZ,完美世界
002302.SZ,西部建设
002182.SZ,云海金属
002180.SZ,纳思达
300435.SZ,中泰股份
688206.SH,概伦电子
600665.SH,天地源
002605.SZ,姚记科技
300827.SZ,上能电气
688010.SH,福光股份
605136.SH,丽人丽妆
002539.SZ,云图控股
839725.BJ,惠丰钻石
600674.SH,川投能源
002948.SZ,青岛银行
301102.SZ,兆讯传媒
688158.SH,优刻得
603833.SH,欧派家居
603501.SH,韦尔股份
600361.SH,创新新材
003029.SZ,吉大正元
688050.SH,爱博医疗
301326.SZ,捷邦科技
603063.SH,禾望电气
300452.SZ,山河药辅
002572.SZ,索菲亚
603786.SH,科博达
300484.SZ,蓝海华腾
601226.SH,华电重工
603195.SH,公牛集团
002237.SZ,恒邦股份
002133.SZ,广宇发展
301306.SZ,西测测试
002697.SZ,红旗连锁
688053.SH,思科瑞
603214.SH,爱婴室
300666.SZ,江丰电子
300073.SZ,当升科技
002011.SZ,盾安环境
688063.SH,派能科技
601169.SH,北京银行
603912.SH,佳力图
002982.SZ,湘佳股份
688126.SH,沪硅产业
000541.SZ,佛山照明
600406.SH,国电南瑞
000519.SZ,中兵红箭
300416.SZ,苏试试验
301122.SZ,采纳股份
688188.SH,柏楚电子
688078.SH,龙软科技
301101.SZ,明月镜片
603383.SH,顶点软件
300624.SZ,万兴科技
301195.SZ,北路智控
300969.SZ,恒帅股份
300168.SZ,万达信息
300057.SZ,万顺新材
605218.SH,伟时电子
002154.SZ,报喜鸟
600006.SH,东风股份
688003.SH,天准科技
002429.SZ,兆驰股份
603893.SH,瑞芯微
002008.SZ,大族激光
603069.SH,海汽集团
300627.SZ,华测导航
300196.SZ,长海股份
688768.SH,容知日新
871694.BJ,中裕科技
002709.SZ,天赐材料
300653.SZ,正海生物
600273.SH,嘉化能源
603078.SH,江化微
603170.SH,宝立食品
002488.SZ,金固股份
002859.SZ,洁美科技
002081.SZ,金螳螂
002057.SZ,中钢天源
688106.SH,金宏气体
688102.SH,斯瑞新材
000636.SZ,风华高科
300982.SZ,苏文电能
300505.SZ,川金诺
300766.SZ,每日互动
688121.SH,卓然股份
000977.SZ,浪潮信息
688004.SH,博汇科技
000778.SZ,新兴铸管
605166.SH,聚合顺
002819.SZ,东方中科
300861.SZ,美畅股份
000837.SZ,秦川机床
600586.SH,金晶科技
300633.SZ,开立医疗
600461.SH,洪城环境
603115.SH,海星股份
002987.SZ,京北方
000100.SZ,TCL科技
300351.SZ,永贵电器
301328.SZ,维峰电子
300785.SZ,值得买
688168.SH,安博通
000962.SZ,东方钽业
000591.SZ,太阳能
300058.SZ,蓝色光标
688558.SH,国盛智科
002271.SZ,东方雨虹
002646.SZ,天佑德酒
688095.SH,福昕软件
688249.SH,晶合集成
000811.SZ,冰轮环境
688315.SH,诺禾致源
603508.SH,思维列控
000576.SZ,甘化科工
688513.SH,苑东生物
300454.SZ,深信服
300820.SZ,英杰电气
300997.SZ,欢乐家
600161.SH,天坛生物
600633.SH,浙数文化
688232.SH,新点软件
603613.SH,国联股份
000725.SZ,京东方A
688369.SH,致远互联
301215.SZ,中汽股份
300244.SZ,迪安诊断
002334.SZ,英威腾
603181.SH,皇马科技
603877.SH,太平鸟
601156.SH,东航物流
603662.SH,柯力传感
301237.SZ,和顺科技
002371.SZ,北方华创
300021.SZ,大禹节水
603927.SH,中科软
600552.SH,凯盛科技
603650.SH,彤程新材
688349.SH,三一重能
002126.SZ,银轮股份
600249.SH,两面针
000090.SZ,天健集团
603966.SH,法兰泰克
301293.SZ,三博脑科
688015.SH,交控科技
603155.SH,新亚强
603666.SH,亿嘉和
300251.SZ,光线传媒
002391.SZ,长青股份
002469.SZ,三维化学
000048.SZ,京基智农
301389.SZ,隆扬电子
688628.SH,优利德
002354.SZ,天娱数科
300552.SZ,万集科技
688291.SH,金橙子
688148.SH,芳源股份
300001.SZ,特锐德
603565.SH,中谷物流
600380.SH,健康元
300620.SZ,光库科技
300451.SZ,创业慧康
603699.SH,纽威股份
600795.SH,国电电力
605333.SH,沪光股份
000026.SZ,飞亚达
300779.SZ,惠城环保
688070.SH,纵横股份
603985.SH,恒润股份
603129.SH,春风动力
002297.SZ,博云新材
300263.SZ,隆华科技
300919.SZ,中伟股份
600499.SH,科达制造
605116.SH,奥锐特
000682.SZ,东方电子
002949.SZ,华阳国际
301009.SZ,可靠股份
002990.SZ,盛视科技
300685.SZ,艾德生物
300183.SZ,东软载波
002311.SZ,海大集团
002609.SZ,捷顺科技
300639.SZ,凯普生物
688398.SH,赛特新材
300634.SZ,彩讯股份
002791.SZ,坚朗五金
603551.SH,奥普家居
603132.SH,金徽股份
603686.SH,福龙马
300945.SZ,曼卡龙
838837.BJ,华原股份
605507.SH,国邦医药
603507.SH,振江股份
300996.SZ,普联软件
600718.SH,东软集团
600483.SH,福能股份
300582.SZ,英飞特
002270.SZ,华明装备
002850.SZ,科达利
000913.SZ,钱江摩托
605009.SH,豪悦护理
300229.SZ,拓尔思
000829.SZ,天音控股
300767.SZ,震安科技
300075.SZ,数字政通
300415.SZ,伊之密
000422.SZ,湖北宜化
600023.SH,浙能电力
835185.BJ,贝特瑞
688798.SH,艾为电子
603466.SH,风语筑
301327.SZ,华宝新能
000869.SZ,张裕A
603920.SH,世运电路
688072.SH,拓荆科技
600760.SH,中航沈飞
002276.SZ,万马股份
000630.SZ,铜陵有色
600869.SH,远东股份
300719.SZ,安达维尔
000902.SZ,新洋丰
300285.SZ,国瓷材料
603282.SH,亚光股份
000789.SZ,万年青
002903.SZ,宇环数控
002790.SZ,瑞尔特
300232.SZ,洲明科技
300839.SZ,博汇股份
301129.SZ,瑞纳智能
002870.SZ,香山股份
000561.SZ,烽火电子
002852.SZ,道道全
002390.SZ,信邦制药
603520.SH,司太立
600409.SH,三友化工
600096.SH,云天化
000301.SZ,东方盛虹
603787.SH,新日股份
002458.SZ,益生股份
300680.SZ,隆盛科技
603203.SH,快克智能
000690.SZ,宝新能源
000686.SZ,东北证券
301363.SZ,美好医疗
603611.SH,诺力股份
605006.SH,山东玻纤
002745.SZ,木林森
301301.SZ,川宁生物
002025.SZ,航天电器
603171.SH,税友股份
603568.SH,伟明环保
000768.SZ,中航西飞
300048.SZ,合康新能
688469.SH,中芯集成
688358.SH,祥生医疗
688283.SH,坤恒顺维
002184.SZ,海得控制
300884.SZ,狄耐克
600152.SH,维科技术
688575.SH,亚辉龙
300286.SZ,安科瑞
300284.SZ,苏交科
603301.SH,振德医疗
300253.SZ,卫宁健康
002422.SZ,科伦药业
300041.SZ,回天新材
300855.SZ,图南股份
300348.SZ,长亮科技
300881.SZ,盛德鑫泰
605589.SH,圣泉集团
002183.SZ,怡亚通
603172.SH,万丰股份
301325.SZ,曼恩斯特
688201.SH,信安世纪
688127.SH,蓝特光学
688609.SH,九联科技
600105.SH,永鼎股份
300803.SZ,指南针
600782.SH,新钢股份
002330.SZ,得利斯
002908.SZ,德生科技
600004.SH,白云机场
300866.SZ,安克创新
688503.SH,聚和材料
600131.SH,国网信通
301221.SZ,光庭信息
688073.SH,毕得医药
688210.SH,统联精密
002653.SZ,海思科
688116.SH,天奈科技
600170.SH,上海建工
300879.SZ,大叶股份
603099.SH,长白山
002891.SZ,中宠股份
600399.SH,抚顺特钢
688258.SH,卓易信息
002378.SZ,章源钨业
300580.SZ,贝斯特
300772.SZ,运达股份
301296.SZ,新巨丰
600884.SH,杉杉股份
600395.SH,盘江股份
002906.SZ,华阳集团
688046.SH,药康生物
688382.SH,益方生物
600446.SH,金证股份
601369.SH,陕鼓动力
000803.SZ,山高环能
688378.SH,奥来德
600116.SH,三峡水利
000703.SZ,恒逸石化
000516.SZ,国际医学
601952.SH,苏垦农发
300406.SZ,九强生物
300395.SZ,菲利华
603916.SH,苏博特
301068.SZ,大地海洋
603228.SH,景旺电子
002222.SZ,福晶科技
300687.SZ,赛意信息
002293.SZ,罗莱生活
301335.SZ,天元宠物
300797.SZ,钢研纳克
605183.SH,确成股份
300212.SZ,易华录
002815.SZ,崇达技术
300394.SZ,天孚通信
603855.SH,华荣股份
002643.SZ,万润股份
300476.SZ,胜宏科技
600201.SH,生物股份
603868.SH,飞科电器
838171.BJ,邦德股份
688028.SH,沃尔德
688589.SH,力合微
688362.SH,甬矽电子
000672.SZ,上峰水泥
002230.SZ,科大讯飞
832491.BJ,奥迪威
002001.SZ,新和成
300791.SZ,仙乐健康
300774.SZ,倍杰特
300465.SZ,高伟达
300486.SZ,东杰智能
300951.SZ,博硕科技
603081.SH,大丰实业
300775.SZ,三角防务
301349.SZ,信德新材
688299.SH,长阳科技
002896.SZ,中大力德
603505.SH,金石资源
688207.SH,格灵深瞳
300357.SZ,我武生物
600160.SH,巨化股份
600435.SH,北方导航
600352.SH,浙江龙盛
002015.SZ,协鑫能科
688418.SH,震有科技
833509.BJ,同惠电子
301061.SZ,匠心家居
300911.SZ,亿田智能
688270.SH,臻镭科技
300604.SZ,长川科技
603260.SH,合盛硅业
000059.SZ,华锦股份
603156.SH,养元饮品
300258.SZ,精锻科技
688313.SH,仕佳光子
603057.SH,紫燕食品
688186.SH,广大特材
300504.SZ,天邑股份
600916.SH,中国黄金
000878.SZ,云南铜业
002376.SZ,新北洋
300578.SZ,会畅通讯
300661.SZ,圣邦股份
301099.SZ,雅创电子
600737.SH,中粮糖业
605007.SH,五洲特纸
301382.SZ,蜂助手
600966.SH,博汇纸业
001380.SZ,华纬科技
605336.SH,帅丰电器
002858.SZ,力盛体育
002677.SZ,浙江美大
300725.SZ,药石科技
603579.SH,荣泰健康
688552.SH,航天南湖
605358.SH,立昂微
301319.SZ,唯特偶
300842.SZ,帝科股份
603657.SH,春光科技
605305.SH,中际联合
600025.SH,华能水电
601233.SH,桐昆股份
688512.SH,慧智微
833394.BJ,民士达
600901.SH,江苏金租
301117.SZ,佳缘科技
300873.SZ,海晨股份
603806.SH,福斯特
601377.SH,兴业证券
300303.SZ,聚飞光电
836699.BJ,海达尔
002212.SZ,天融信
688381.SH,帝奥微
600425.SH,青松建化
300628.SZ,亿联网络
688060.SH,云涌科技
688311.SH,盟升电子
688419.SH,耐科装备
300068.SZ,南都电源
688332.SH,中科蓝讯
000948.SZ,南天信息
300145.SZ,中金环境
002301.SZ,齐心集团
603987.SH,康德莱
000831.SZ,中国稀土
688103.SH,国力股份
002373.SZ,千方科技
688550.SH,瑞联新材
002381.SZ,双箭股份
688778.SH,厦钨新能
603918.SH,金桥信息
600061.SH,国投资本
603118.SH,共进股份
300121.SZ,阳谷华泰
688466.SH,金科环境
600662.SH,外服控股
002343.SZ,慈文传媒
601137.SH,博威合金
000027.SZ,深圳能源
600400.SH,红豆股份
301230.SZ,泓博医药
301267.SZ,华厦眼科
603757.SH,大元泵业
300729.SZ,乐歌股份
300383.SZ,光环新网
301260.SZ,格力博
600009.SH,上海机场
300593.SZ,新雷能
300601.SZ,康泰生物
002006.SZ,精工科技
603113.SH,金能科技
603809.SH,豪能股份
300179.SZ,四方达
834599.BJ,同力股份
601512.SH,中新集团
600111.SH,北方稀土
002414.SZ,高德红外
833781.BJ,瑞奇智造
300681.SZ,英搏尔
600497.SH,驰宏锌锗
600850.SH,电科数字
300770.SZ,新媒股份
300888.SZ,稳健医疗
601890.SH,亚星锚链
002041.SZ,登海种业
600986.SH,浙文互联
301093.SZ,华兰股份
301278.SZ,快可电子
600529.SH,山东药玻
688359.SH,三孚新科
301283.SZ,聚胶股份
688259.SH,创耀科技
300463.SZ,迈克生物
000983.SZ,山西焦煤
002515.SZ,金字火腿
688087.SH,英科再生
600975.SH,新五丰
603588.SH,高能环境
600740.SH,山西焦化
301205.SZ,联特科技
601801.SH,皖新传媒
600556.SH,天下秀
300113.SZ,顺网科技
601838.SH,成都银行
002044.SZ,美年健康
002824.SZ,和胜股份
600998.SH,九州通
002249.SZ,大洋电机
688093.SH,世华科技
301058.SZ,中粮科工
002988.SZ,豪美新材
002101.SZ,广东鸿图
688596.SH,正帆科技
002545.SZ,东方铁塔
601686.SH,友发集团
600110.SH,诺德股份
300751.SZ,迈为股份
688234.SH,天岳先进
300900.SZ,广联航空
301191.SZ,菲菱科思
001222.SZ,源飞宠物
002965.SZ,祥鑫科技
300636.SZ,同和药业
300607.SZ,拓斯达
600919.SH,江苏银行
002135.SZ,东南网架
002441.SZ,众业达
300630.SZ,普利制药
300558.SZ,贝达药业
603599.SH,广信股份
688257.SH,新锐股份
603218.SH,日月股份
603882.SH,金域医学
301015.SZ,百洋医药
001323.SZ,慕思股份
300590.SZ,移为通信
300833.SZ,浩洋股份
300366.SZ,创意信息
603979.SH,金诚信
688212.SH,澳华内镜
605068.SH,明新旭腾
300747.SZ,锐科激光
301428.SZ,世纪恒通
300829.SZ,金丹科技
688114.SH,华大智造
301006.SZ,迈拓股份
002216.SZ,三全食品
688518.SH,联赢激光
300918.SZ,南山智尚
002174.SZ,游族网络
301332.SZ,德尔玛
603297.SH,永新光学
300768.SZ,迪普科技
300532.SZ,今天国际
002881.SZ,美格智能
300706.SZ,阿石创
600926.SH,杭州银行
300568.SZ,星源材质
603198.SH,迎驾贡酒
002946.SZ,新乳业
000830.SZ,鲁西化工
688085.SH,三友医疗
002120.SZ,韵达股份
603566.SH,普莱柯
603527.SH,众源新材
002128.SZ,电投能源
688088.SH,虹软科技
300952.SZ,恒辉安防
603355.SH,莱克电气
002312.SZ,川发龙蟒
601566.SH,九牧王
000723.SZ,美锦能源
300015.SZ,爱尔眼科
300181.SZ,佐力药业
688682.SH,霍莱沃
301289.SZ,国缆检测
603288.SH,海天味业
688107.SH,安路科技
300696.SZ,爱乐达
000567.SZ,海德股份
605296.SH,神农集团
300811.SZ,铂科新材
603365.SH,水星家纺
300631.SZ,久吾高科
603901.SH,永创智能
600285.SH,羚锐制药
300421.SZ,力星股份
002768.SZ,国恩股份
601222.SH,林洋能源
300863.SZ,卡倍亿
002009.SZ,天奇股份
688577.SH,浙海德曼
000065.SZ,北方国际
605108.SH,同庆楼
605599.SH,菜百股份
300428.SZ,立中集团
605598.SH,上海港湾
301004.SZ,嘉益股份
688172.SH,燕东微
300777.SZ,中简科技
301076.SZ,新瀚新材
002728.SZ,特一药业
002508.SZ,老板电器
300275.SZ,梅安森
300990.SZ,同飞股份
300003.SZ,乐普医疗
600968.SH,海油发展
688357.SH,建龙微纳
600967.SH,内蒙一机
300525.SZ,博思软件
300240.SZ,飞力达
603518.SH,锦泓集团
301080.SZ,百普赛斯
000498.SZ,山东路桥
300450.SZ,先导智能
605138.SH,盛泰集团
301090.SZ,华润材料
688580.SH,伟思医疗
300994.SZ,久祺股份
002674.SZ,兴业科技
601136.SH,首创证券
301103.SZ,何氏眼科
688200.SH,华峰测控
300035.SZ,中科电气
600918.SH,中泰证券
002416.SZ,爱施德
603898.SH,好莱客
301169.SZ,零点有数
601225.SH,陕西煤业
600562.SH,国睿科技
600378.SH,昊华科技
002560.SZ,通达股份
603185.SH,弘元绿能
600330.SH,天通股份
688287.SH,观典防务
002937.SZ,兴瑞科技
300510.SZ,金冠股份
601699.SH,潞安环能
688238.SH,和元生物
603138.SH,海量数据
300688.SZ,创业黑马
301050.SZ,雷电微力
300776.SZ,帝尔激光
000801.SZ,四川九洲
603313.SH,梦百合
603199.SH,九华旅游
002315.SZ,焦点科技
603366.SH,日出东方
603676.SH,卫信康
300031.SZ,宝通科技
688153.SH,唯捷创芯
300955.SZ,嘉亨家化
300123.SZ,亚光科技
603279.SH,景津装备
300871.SZ,回盛生物
688084.SH,晶品特装
600420.SH,国药现代
300170.SZ,汉得信息
603324.SH,盛剑环境
300806.SZ,斯迪克
301273.SZ,瑞晨环保
603018.SH,华设集团
688082.SH,盛美上海
002065.SZ,东华软件
000968.SZ,蓝焰控股
300502.SZ,新易盛
002841.SZ,视源股份
601006.SH,大秦铁路
600517.SH,国网英大
688032.SH,禾迈股份
603330.SH,天洋新材
300848.SZ,美瑞新材
603311.SH,金海高科
300065.SZ,海兰信
002651.SZ,利君股份
301339.SZ,通行宝
002743.SZ,富煌钢构
300577.SZ,开润股份
600927.SH,永安期货
300034.SZ,钢研高纳
832735.BJ,德源药业
300727.SZ,润禾材料
688345.SH,博力威
835892.BJ,中科美菱
002831.SZ,裕同科技
002163.SZ,海南发展
300166.SZ,东方国信
600163.SH,中闽能源
688711.SH,宏微科技
300487.SZ,蓝晓科技
301073.SZ,君亭酒店
300203.SZ,聚光科技
605018.SH,长华集团
603663.SH,三祥新材
601985.SH,中国核电
001228.SZ,永泰运
605080.SH,浙江自然
300424.SZ,航新科技
688202.SH,美迪西
002746.SZ,仙坛股份
603416.SH,信捷电气
688319.SH,欧林生物
002956.SZ,西麦食品
300762.SZ,上海瀚讯
301087.SZ,可孚医疗
603848.SH,好太太
300132.SZ,青松股份
603456.SH,九洲药业
300786.SZ,国林科技
300655.SZ,晶瑞电材
300740.SZ,水羊股份
300860.SZ,锋尚文化
603601.SH,再升科技
300569.SZ,天能重工
002597.SZ,金禾实业
600536.SH,中国软件
002582.SZ,好想你
002851.SZ,麦格米特
600706.SH,曲江文旅
300738.SZ,奥飞数据
301235.SZ,华康医疗
600019.SH,宝钢股份
603076.SH,乐惠国际
300802.SZ,矩子科技
300783.SZ,三只松鼠
002275.SZ,桂林三金
688031.SH,星环科技
600580.SH,卧龙电驱
603338.SH,浙江鼎力
003011.SZ,海象新材
600206.SH,有研新材
300928.SZ,华安鑫创
688663.SH,新风光
600741.SH,华域汽车
603277.SH,银都股份
002849.SZ,威星智能
603883.SH,老百姓
603233.SH,大参林
605003.SH,众望布艺
301337.SZ,亚华电子
688056.SH,莱伯泰科
001201.SZ,东瑞股份
605008.SH,长鸿高科
000822.SZ,山东海化
002446.SZ,盛路通信
603600.SH,永艺股份
000785.SZ,居然之家
601139.SH,深圳燃气
601229.SH,上海银行
301026.SZ,浩通科技
601012.SH,隆基绿能
603728.SH,鸣志电器
300200.SZ,高盟新材
600132.SH,重庆啤酒
300207.SZ,欣旺达
605376.SH,博迁新材
600642.SH,申能股份
600763.SH,通策医疗
000733.SZ,振华科技
603939.SH,益丰药房
688409.SH,富创精密
603017.SH,中衡设计
600197.SH,伊力特
603096.SH,新经典
603323.SH,苏农银行
002929.SZ,润建股份
300792.SZ,壹网壹创
600032.SH,浙江新能
002860.SZ,星帅尔
603808.SH,歌力思
002567.SZ,唐人神
600346.SH,恒力石化
000012.SZ,南玻A
301269.SZ,华大九天
603915.SH,国茂股份
601021.SH,春秋航空
600887.SH,伊利股份
688361.SH,中科飞测
603040.SH,新坐标
601098.SH,中南传媒
301177.SZ,迪阿股份
300782.SZ,卓胜微
688271.SH,联影医疗
688685.SH,迈信林
600886.SH,国投电力
300977.SZ,深圳瑞捷
300433.SZ,蓝思科技
002555.SZ,三七互娱
603858.SH,步长制药
301231.SZ,荣信文化
601567.SH,三星医疗
002170.SZ,芭田股份
002867.SZ,周大生
603506.SH,南都物业
600745.SH,闻泰科技
000998.SZ,隆平高科
300171.SZ,东富龙
603256.SH,宏和科技
300913.SZ,兆龙互连
688707.SH,振华新材
603337.SH,杰克股份
000887.SZ,中鼎股份
688581.SH,安杰思
300238.SZ,冠昊生物
600089.SH,特变电工
300702.SZ,天宇股份
002549.SZ,凯美特气
002726.SZ,龙大美食
603515.SH,欧普照明
300715.SZ,凯伦股份
600779.SH,水井坊
688035.SH,德邦科技
300837.SZ,浙矿股份
001324.SZ,长青科技
601958.SH,金钼股份
002737.SZ,葵花药业
601702.SH,华峰铝业
002100.SZ,天康生物
002570.SZ,贝因美
002601.SZ,龙佰集团
600826.SH,兰生股份
002221.SZ,东华能源
300642.SZ,透景生命
688529.SH,豪森股份
300735.SZ,光弘科技
300384.SZ,三联虹普
002153.SZ,石基信息
603667.SH,五洲新春
002024.SZ,ST易购
000950.SZ,重药控股
300094.SZ,国联水产
000333.SZ,美的集团
301398.SZ,星源卓镁
605123.SH,派克新材
001330.SZ,博纳影业
002244.SZ,滨江集团
605555.SH,德昌股份
002543.SZ,万和电气
603378.SH,亚士创能
002695.SZ,煌上煌
300444.SZ,双杰电气
688562.SH,航天软件
688365.SH,光云科技
603816.SH,顾家家居
002131.SZ,利欧股份
600500.SH,中化国际
600057.SH,厦门象屿
002468.SZ,申通快递
601020.SH,华钰矿业
002675.SZ,东诚药业
002268.SZ,电科网安
600993.SH,马应龙
600905.SH,三峡能源
000425.SZ,徐工机械
002064.SZ,华峰化学
600790.SH,轻纺城
603587.SH,地素时尚
002050.SZ,三花智控
301399.SZ,英特科技
003043.SZ,华亚智能
601009.SH,南京银行
603486.SH,科沃斯
601577.SH,长沙银行
688267.SH,中触媒
688065.SH,凯赛生物
000681.SZ,视觉中国
600383.SH,金地集团
002707.SZ,众信旅游
688468.SH,科美诊断
688396.SH,华润微
600335.SH,国机汽车
300660.SZ,江苏雷利
601555.SH,东吴证券
300459.SZ,汤姆猫
688330.SH,宏力达
600248.SH,陕西建工
301305.SZ,朗坤环境
688626.SH,翔宇医疗
688030.SH,山石网科
002291.SZ,遥望科技
002019.SZ,亿帆医药
600641.SH,万业企业
002314.SZ,南山控股
688001.SH,华兴源创
688567.SH,孚能科技
002043.SZ,兔宝宝
603730.SH,岱美股份
603737.SH,三棵树
601877.SH,正泰电器
002600.SZ,领益智造
300587.SZ,天铁股份
688023.SH,安恒信息
600185.SH,格力地产
688008.SH,澜起科技
002409.SZ,雅克科技
002497.SZ,雅化集团
301039.SZ,中集车辆
688236.SH,春立医疗
605268.SH,王力安防
603212.SH,赛伍技术
002607.SZ,中公教育
688109.SH,品茗科技
002215.SZ,诺普信
002928.SZ,华夏航空
300976.SZ,达瑞电子
688517.SH,金冠电气
601788.SH,光大证券
603778.SH,乾景园林
002829.SZ,星网宇达
002587.SZ,奥拓电子
603661.SH,恒林股份
600212.SH,绿能慧充
603668.SH,天马科技
600728.SH,佳都科技
000888.SZ,峨眉山A
300430.SZ,诚益通
688766.SH,普冉股份
600477.SH,杭萧钢构
002739.SZ,万达电影
603319.SH,湘油泵
002797.SZ,第一创业
601816.SH,京沪高铁
688226.SH,威腾电气
601326.SH,秦港股份
688388.SH,嘉元科技
601000.SH,唐山港
300182.SZ,捷成股份
003026.SZ,中晶科技
301266.SZ,宇邦新材
000657.SZ,中钨高新
600370.SH,三房巷
002068.SZ,黑猫股份
603098.SH,森特股份
001282.SZ,三联锻造
603489.SH,八方股份
000651.SZ,格力电器
000935.SZ,四川双马
601001.SH,晋控煤业
002668.SZ,奥马电器
600418.SH,江淮汽车
000552.SZ,甘肃能化
688208.SH,道通科技
300456.SZ,赛微电子
688225.SH,亚信安全
000032.SZ,深桑达A
002160.SZ,常铝股份
600848.SH,上海临港
603856.SH,东宏股份
603960.SH,克来机电
601016.SH,节能风电
002623.SZ,亚玛顿
600990.SH,四创电子
300369.SZ,绿盟科技
688458.SH,美芯晟
002487.SZ,大金重工
300360.SZ,炬华科技
000546.SZ,金圆股份
603050.SH,科林电气
601127.SH,赛力斯
301171.SZ,易点天下
600167.SH,联美控股
300679.SZ,电连技术
300947.SZ,德必集团
600704.SH,物产中大
600863.SH,内蒙华电
002724.SZ,海洋王
002925.SZ,盈趣科技
000997.SZ,新大陆
600686.SH,金龙汽车
002585.SZ,双星新材
603610.SH,麒盛科技
002250.SZ,联化科技
002573.SZ,清新环境
688173.SH,希荻微
430685.BJ,新芝生物
600577.SH,精达股份
300358.SZ,楚天科技
600456.SH,宝钛股份
605128.SH,上海沿浦
688401.SH,路维光电
300927.SZ,江天化学
002926.SZ,华西证券
002749.SZ,国光股份
002498.SZ,汉缆股份
301088.SZ,戎美股份
600143.SH,金发科技
000507.SZ,珠海港
601108.SH,财通证券
600533.SH,栖霞建设
002110.SZ,三钢闽光
002971.SZ,和远气体
688789.SH,宏华数科
000875.SZ,吉电股份
603633.SH,徕木股份
831726.BJ,朱老六
831087.BJ,秋乐种业
600475.SH,华光环能
688779.SH,长远锂科
002810.SZ,山东赫达
603777.SH,来伊份
688335.SH,复洁环保
688496.SH,清越科技
605186.SH,健麾信息
688231.SH,隆达股份
002559.SZ,亚威股份
300396.SZ,迪瑞医疗
002252.SZ,上海莱士
603516.SH,淳中科技
688297.SH,中无人机
603100.SH,川仪股份
688220.SH,翱捷科技
002540.SZ,亚太科技
002159.SZ,三特索道
688690.SH,纳微科技
688310.SH,迈得医疗
601609.SH,金田股份
000528.SZ,柳工
002976.SZ,瑞玛精密
688128.SH,中国电研
300513.SZ,恒实科技
600512.SH,腾达建设
002880.SZ,卫光生物
600567.SH,山鹰国际
688408.SH,中信博
601992.SH,金隅集团
300825.SZ,阿尔特
603380.SH,易德龙
000790.SZ,华神科技
300371.SZ,汇中股份
000881.SZ,中广核技
301257.SZ,普蕊斯
300494.SZ,盛天网络
002115.SZ,三维通信
688678.SH,福立旺
003004.SZ,声迅股份
300531.SZ,优博讯
002225.SZ,濮耐股份
600639.SH,浦东金桥
301128.SZ,强瑞技术
603229.SH,奥翔药业
688622.SH,禾信仪器
301333.SZ,诺思格
688198.SH,佰仁医疗
600581.SH,八一钢铁
839371.BJ,欧福蛋业
600488.SH,津药药业
836414.BJ,欧普泰
002396.SZ,星网锐捷
603533.SH,掌阅科技
688661.SH,和林微纳
301098.SZ,金埔园林
300185.SZ,通裕重工
600339.SH,中油工程
600458.SH,时代新材
301391.SZ,卡莱特
832471.BJ,美邦科技
688389.SH,普门科技
603061.SH,金海通
688244.SH,永信至诚
300773.SZ,拉卡拉
002935.SZ,天奥电子
835305.BJ,云创数据
688286.SH,敏芯股份
688551.SH,科威尔
603163.SH,圣晖集成
603322.SH,超讯通信
871478.BJ,巨能股份
605177.SH,东亚药业
000688.SZ,国城矿业
430017.BJ,星昊医药
000589.SZ,贵州轮胎
688593.SH,新相微
300697.SZ,电工合金
688288.SH,鸿泉物联
301239.SZ,普瑞眼科
002912.SZ,中新赛克
300872.SZ,天阳科技
835857.BJ,百甲科技
830799.BJ,艾融软件
000923.SZ,河钢资源
830779.BJ,武汉蓝电
603569.SH,长久物流
301310.SZ,鑫宏业
002897.SZ,意华股份
832662.BJ,方盛股份
430300.BJ,辰光医疗
688292.SH,浩瀚深度
688523.SH,航天环宇
300276.SZ,三丰智能
301323.SZ,新莱福
688570.SH,天玛智控
300743.SZ,天地数码
301353.SZ,普莱得
688026.SH,洁特生物
688279.SH,峰岹科技
002408.SZ,齐翔腾达
603567.SH,珍宝岛
600861.SH,北京人力
688110.SH,东芯股份
300677.SZ,英科医疗
600751.SH,海航科技
300402.SZ,宝色股份
002993.SZ,奥海科技
301028.SZ,东亚机械
688197.SH,首药控股
000413.SZ,东旭光电
002979.SZ,雷赛智能
833533.BJ,骏创科技
300049.SZ,福瑞股份
300989.SZ,蕾奥规划
301383.SZ,天键股份
301320.SZ,豪江智能
300236.SZ,上海新阳
001373.SZ,翔腾新材
601778.SH,晶科科技
688576.SH,西山科技
300148.SZ,天舟文化
688192.SH,迪哲医药
688623.SH,双元科技
301022.SZ,海泰科
000503.SZ,国新健康
603039.SH,泛微网络
301355.SZ,南王科技
832419.BJ,路斯股份
839729.BJ,永顺生物
002326.SZ,永太科技
000713.SZ,丰乐种业
688472.SH,阿特斯
688273.SH,麦澜德
603239.SH,浙江仙通
600259.SH,广晟有色
836221.BJ,易实精密
601678.SH,滨化股份
002820.SZ,桂发祥
301149.SZ,隆华新材
300893.SZ,松原股份
430476.BJ,海能技术
688590.SH,新致软件
839719.BJ,宁新新材
688339.SH,亿华通
002901.SZ,大博医疗
603299.SH,苏盐井神
600114.SH,东睦股份
301046.SZ,能辉科技
301232.SZ,飞沃科技
603967.SH,中创物流
002986.SZ,宇新股份
300493.SZ,润欣科技
301220.SZ,亚香股份
688328.SH,深科达
300672.SZ,国科微
688334.SH,西高院
871970.BJ,大禹生物
603065.SH,宿迁联盛
301356.SZ,天振股份
838275.BJ,驱动力
301225.SZ,恒勃股份
833751.BJ,惠同新材
300617.SZ,安靠智电
688312.SH,燕麦科技
838262.BJ,太湖雪
002919.SZ,名臣健康
000617.SZ,中油资本
688049.SH,炬芯科技
301262.SZ,海看股份
688443.SH,智翔金泰
834765.BJ,美之高
002544.SZ,普天科技
831445.BJ,龙竹科技
301315.SZ,威士顿
301376.SZ,致欧科技
301287.SZ,康力源
600603.SH,广汇物流
688543.SH,国科军工
301397.SZ,溯联股份
300594.SZ,朗进科技
838030.BJ,德众汽车
836149.BJ,旭杰科技
603187.SH,海容冷链
601179.SH,中国西电
600491.SH,龙元建设
430564.BJ,天润科技
688237.SH,超卓航科
002327.SZ,富安娜
000922.SZ,佳电股份
688289.SH,圣湘生物
600301.SH,华锡有色
002424.SZ,贵州百灵
300040.SZ,九洲集团
833171.BJ,国航远洋
600277.SH,亿利洁能
002864.SZ,盘龙药业
301295.SZ,美硕科技
831304.BJ,迪尔化工
605389.SH,长龄液压
603020.SH,爱普股份
300804.SZ,广康生化
688620.SH,安凯微
002321.SZ,华英农业
002608.SZ,江苏国信
430718.BJ,合肥高科
301170.SZ,锡南科技
600166.SH,福田汽车
300426.SZ,唐德影视
300675.SZ,建科院
300818.SZ,耐普矿机
688629.SH,华丰科技
832651.BJ,天罡股份
832149.BJ,利尔达
833455.BJ,汇隆活塞
872392.BJ,佳合科技
688429.SH,时创能源
688631.SH,莱斯信息
301395.SZ,仁信新材
301291.SZ,明阳电气
831278.BJ,泰德股份
300898.SZ,熊猫乳品
830839.BJ,万通液压
300712.SZ,永福股份
688582.SH,芯动联科
430090.BJ,同辉信息
300616.SZ,尚品宅配
301488.SZ,豪恩汽电
870866.BJ,绿亨科技
301210.SZ,金杨股份
002970.SZ,锐明技术
301292.SZ,海科新源
600710.SH,苏美达
834682.BJ,球冠电缆
870436.BJ,大地电气
301159.SZ,三维天地
837663.BJ,明阳科技
838163.BJ,方大新材
839946.BJ,华阳变速
872351.BJ,华光源海
300840.SZ,酷特智能
830964.BJ,润农节水
873305.BJ,九菱科技
838227.BJ,美登科技
836675.BJ,秉扬科技
688656.SH,浩欧博
833454.BJ,同心传动
688191.SH,智洋创新
301261.SZ,恒工精密
831010.BJ,凯添燃气
300846.SZ,首都在线
301202.SZ,朗威股份
839167.BJ,同享科技
837212.BJ,智新电子
838810.BJ,春光药装
600266.SH,城建发展
836717.BJ,瑞星股份
601665.SH,齐鲁银行
301025.SZ,读客文化
836260.BJ,中寰股份
831526.BJ,凯华材料
834639.BJ,晨光电缆
836826.BJ,盖世食品
301486.SZ,致尚科技
000969.SZ,安泰科技
603499.SH,翔港科技
832566.BJ,梓橦宫
301370.SZ,国科恒泰
688603.SH,天承科技
300458.SZ,全志科技
002780.SZ,三夫户外
839680.BJ,广道数字
870357.BJ,雅葆轩
833346.BJ,威贸电子
837821.BJ,则成电子
605180.SH,华生科技
835184.BJ,国源科技
301272.SZ,英华特
601333.SH,广深铁路
301456.SZ,盘古智能
001238.SZ,浙江正特
832089.BJ,禾昌聚合
600537.SH,亿晶光电
601177.SH,杭齿前进
000700.SZ,模塑科技
301329.SZ,信音电子
871245.BJ,威博液压
300302.SZ,同有科技
831855.BJ,浙江大农
002606.SZ,大连电瓷
837592.BJ,华信永道
688097.SH,博众精工
430418.BJ,苏轴股份
832171.BJ,志晟信息
837006.BJ,晟楠科技
834014.BJ,特瑞斯
833873.BJ,中设咨询
833427.BJ,华维设计
834415.BJ,恒拓开源
833580.BJ,科创新材
833943.BJ,优机股份
834475.BJ,三友科技
836892.BJ,广咨国际
300609.SZ,汇纳科技
832145.BJ,恒合股份
837242.BJ,建邦科技
301381.SZ,赛维时代
000795.SZ,英洛华
000426.SZ,兴业银锡
832225.BJ,利通科技
834770.BJ,艾能聚
000530.SZ,冰山冷热
836871.BJ,派特尔
688595.SH,芯海科技
430510.BJ,丰光精密
872925.BJ,锦好医疗
832278.BJ,鹿得医疗
002338.SZ,奥普光电
688610.SH,埃科光电
872895.BJ,花溪科技
836942.BJ,恒立钻具
839790.BJ,联迪信息
002688.SZ,金河生物
873576.BJ,天力复合
600703.SH,三安光电
301505.SZ,苏州规划
871753.BJ,天纺标
832175.BJ,东方碳素
833429.BJ,康比特
870199.BJ,倍益康
688627.SH,精智达
301503.SZ,智迪科技
301499.SZ,维科精密
603698.SH,航天工程
688563.SH,航材股份
603278.SH,大业股份
301263.SZ,泰恩康
600225.SH,卓朗科技
832023.BJ,田野股份
600216.SH,浙江医药
873122.BJ,中纺标
300757.SZ,罗博特科
600987.SH,航民股份
301515.SZ,港通医疗
600663.SH,陆家嘴
688387.SH,信科移动
300315.SZ,掌趣科技
603032.SH,德新科技
301217.SZ,铜冠铜箔
003041.SZ,真爱美家
002846.SZ,英联股份
002922.SZ,伊戈尔
688602.SH,康鹏科技
430198.BJ,微创光电
300901.SZ,中胤时尚
301172.SZ,君逸数码
688393.SH,安必平
873169.BJ,七丰精工
603839.SH,安正时尚
831834.BJ,三维股份
002092.SZ,中泰化学
688450.SH,光格科技
603629.SH,利通电子
870508.BJ,丰安股份
832982.BJ,锦波生物
600075.SH,新疆天业
832110.BJ,雷特科技
000680.SZ,山推股份
836247.BJ,华密新材
300745.SZ,欣锐科技
430425.BJ,乐创技术
870299.BJ,灿能电力
831305.BJ,海希通讯
300261.SZ,雅本化学
830832.BJ,齐鲁华信
836957.BJ,汉维科技
301512.SZ,智信精密
837046.BJ,亿能电力
834950.BJ,迅安科技
603206.SH,嘉环科技
605488.SH,福莱新材
832000.BJ,安徽凤凰
301446.SZ,福事特
301393.SZ,昊帆生物
002866.SZ,传艺科技
688651.SH,盛邦安全
688612.SH,威迈斯
301519.SZ,舜禹股份
300838.SZ,浙江力诺
300610.SZ,晨化股份
300643.SZ,万通智控
603326.SH,我乐家居
834407.BJ,驰诚股份
300375.SZ,鹏翎股份
831641.BJ,格利尔
603119.SH,浙江荣泰
873339.BJ,恒太照明
301371.SZ,敷尔佳
872541.BJ,铁大科技
688646.SH,逸飞激光
000526.SZ,学大教育
920099.BJ,瑞华技术
833230.BJ,欧康医药
300981.SZ,中红医疗
301518.SZ,长华化学
871396.BJ,常辅股份
300445.SZ,康斯特
600794.SH,保税科技
831689.BJ,克莱特
301509.SZ,金凯生科
002051.SZ,中工国际
836395.BJ,朗鸿科技
002973.SZ,侨银股份
601968.SH,宝钢包装
836807.BJ,奔朗新材
601163.SH,三角轮胎
873223.BJ,荣亿精密
831039.BJ,国义招标
301362.SZ,民爆光电
836433.BJ,大唐药业
688403.SH,汇成股份
837092.BJ,汉鑫科技
871553.BJ,凯腾精工
831370.BJ,新安洁
871981.BJ,晶赛科技
688625.SH,呈和科技
300192.SZ,科德教育
688347.SH,华虹公司
688425.SH,铁建重工
301207.SZ,华兰疫苗
000521.SZ,长虹美菱
603363.SH,傲农生物
300272.SZ,开能健康
838701.BJ,豪声电子
002723.SZ,小崧股份
833914.BJ,远航精密
688062.SH,迈威生物
301348.SZ,蓝箭电子
603296.SH,华勤技术
002324.SZ,普利特
301487.SZ,盟固利
688456.SH,有研粉材
003013.SZ,地铁设计
301372.SZ,科净源
300904.SZ,威力传动
603281.SH,江瀚新材
688671.SH,碧兴物联
688336.SH,三生国健
600215.SH,派斯林
600749.SH,西藏旅游
002036.SZ,联创电子
301533.SZ,威马农机
300644.SZ,南京聚隆
300572.SZ,安车检测
301510.SZ,固高科技
603160.SH,汇顶科技
001316.SZ,润贝航科
300536.SZ,农尚环境
301511.SZ,德福科技
301127.SZ,天源环保
688592.SH,司南导航
301418.SZ,协昌科技
300114.SZ,中航电测
605368.SH,蓝天燃气
688548.SH,广钢气体
300963.SZ,中洲特材
301498.SZ,乖宝宠物
603822.SH,嘉澳环保
837174.BJ,宏裕包材
688325.SH,赛微微电
300475.SZ,香农芯创
600008.SH,首创环保
688573.SH,信宇人
688416.SH,恒烁股份
300239.SZ,东宝生物
300246.SZ,宝莱特
688693.SH,锴威特
301469.SZ,恒达新材
603496.SH,恒为科技
871634.BJ,新威凌
002380.SZ,科远智慧
837748.BJ,路桥信息
871642.BJ,通易航天
000035.SZ,中国天楹
601918.SH,新集能源
301106.SZ,骏成科技
601019.SH,山东出版
600482.SH,中国动力
688061.SH,灿瑞科技
002083.SZ,孚日股份
872953.BJ,国子软件
300379.SZ,东方通
000931.SZ,中关村
002713.SZ,东易日盛
002061.SZ,浙江交科
688391.SH,钜泉科技
603275.SH,众辰科技
836504.BJ,博迅生物
600675.SH,中华企业
001207.SZ,联科科技
000560.SZ,我爱我家
601107.SH,四川成渝
000623.SZ,吉林敖东
301528.SZ,多浦乐
688510.SH,航亚科技
835179.BJ,凯德石英
301070.SZ,开勒股份
001368.SZ,通达创智
688591.SH,泰凌微
603528.SH,多伦科技
835207.BJ,众诚科技
603773.SH,沃格光电
600000.SH,浦发银行
870726.BJ,鸿智科技
831768.BJ,拾比佰
002340.SZ,格林美
603309.SH,维力医疗
002558.SZ,巨人网络
600971.SH,恒源煤电
688185.SH,康希诺
870204.BJ,沪江材料
834058.BJ,华洋赛车
301507.SZ,民生健康
301158.SZ,德石股份
300664.SZ,鹏鹞环保
300083.SZ,创世纪
301525.SZ,儒竞科技
600888.SH,新疆众和
301190.SZ,善水科技
301317.SZ,鑫磊股份
600059.SH,古越龙山
002602.SZ,世纪华通
688176.SH,亚虹医药
002196.SZ,方正电机
603270.SH,金帝股份
002857.SZ,三晖电气
002079.SZ,苏州固锝
600392.SH,盛和资源
000779.SZ,甘咨询
300174.SZ,元力股份
688183.SH,生益电子
301251.SZ,威尔高
688143.SH,长盈通
300042.SZ,朗科科技
300047.SZ,天源迪科
300731.SZ,科创新源
688549.SH,中巨芯
300332.SZ,天壕能源
002125.SZ,湘潭电化
603238.SH,诺邦股份
300342.SZ,天银机电
300815.SZ,玉禾田
301208.SZ,中亦科技
301529.SZ,福赛科技
605179.SH,一鸣食品
688277.SH,天智航
301378.SZ,通达海
300233.SZ,金城医药
003033.SZ,征和工业
603075.SH,热威股份
688117.SH,圣诺生物
002615.SZ,哈尔斯
300895.SZ,铜牛信息
301062.SZ,上海艾录
301297.SZ,富乐德
300615.SZ,欣天科技
688123.SH,聚辰股份
837344.BJ,三元基因
000404.SZ,长虹华意
300876.SZ,蒙泰高新
002892.SZ,科力尔
603308.SH,应流股份
600684.SH,珠江股份
835508.BJ,殷图网联
831856.BJ,浩淼科技
430047.BJ,诺思兰德
605056.SH,咸亨国际
002053.SZ,云南能投
688177.SH,百奥泰
301013.SZ,利和兴
600223.SH,福瑞达
688702.SH,盛科通信
300972.SZ,万辰生物
003010.SZ,若羽臣
301550.SZ,斯菱股份
601187.SH,厦门银行
600667.SH,太极实业
600508.SH,上海能源
000883.SZ,湖北能源
300100.SZ,双林股份
001313.SZ,粤海饲料
688108.SH,赛诺医疗
002917.SZ,金奥博
300695.SZ,兆丰股份
603535.SH,嘉诚国际
834021.BJ,流金科技
300480.SZ,光力科技
300024.SZ,机器人
600576.SH,祥源文旅
300613.SZ,富瀚微
600820.SH,隧道股份
002752.SZ,昇兴股份
601077.SH,渝农商行
831627.BJ,力王股份
603989.SH,艾华集团
688395.SH,正弦电气
300095.SZ,华伍股份
300691.SZ,联合光电
300946.SZ,恒而达
001309.SZ,德明利
603077.SH,和邦生物
300537.SZ,广信材料
600501.SH,航天晨光
688379.SH,华光新材
300915.SZ,海融科技
002548.SZ,金新农
688265.SH,南模生物
600186.SH,莲花健康
002367.SZ,康力电梯
002399.SZ,海普瑞
301226.SZ,祥明智能
300271.SZ,华宇软件
001218.SZ,丽臣实业
301219.SZ,腾远钴业
002708.SZ,光洋股份
002239.SZ,奥特佳
601928.SH,凤凰传媒
688600.SH,皖仪科技
300355.SZ,蒙草生态
301548.SZ,崇德科技
601900.SH,南方传媒
301003.SZ,江苏博云
300080.SZ,易成新能
603173.SH,福斯达
688716.SH,中研股份
301500.SZ,飞南资源
300151.SZ,昌红科技
002042.SZ,华孚时尚
605286.SH,同力日升
688216.SH,气派科技
600764.SH,中国海防
600248.SH,陕建股份
300573.SZ,兴齐眼药
003016.SZ,欣贺股份
603638.SH,艾迪精密
000906.SZ,浙商中拓
601811.SH,新华文轩
603738.SH,泰晶科技
832885.BJ,星辰科技
688428.SH,诺诚健华
603217.SH,元利科技
688135.SH,利扬芯片
000039.SZ,中集集团
688136.SH,科兴制药
600596.SH,新安股份
301520.SZ,万邦医药
688488.SH,艾迪药业
300429.SZ,强力新材
300648.SZ,星云股份
603276.SH,恒兴新材
603165.SH,荣晟环保
688380.SH,中微半导
688719.SH,爱科赛博
002983.SZ,芯瑞达
300201.SZ,海伦哲
600158.SH,中体产业
835237.BJ,力佳科技
300319.SZ,麦捷科技
002795.SZ,永和智控
601199.SH,江南水务
300611.SZ,美力科技
301558.SZ,三态股份
300479.SZ,神思电子
002171.SZ,楚江新材
600696.SH,岩石股份
603906.SH,龙蟠科技
688578.SH,艾力斯
873665.BJ,科强股份
688027.SH,国盾量子
688776.SH,国光电气
300629.SZ,新劲刚
300910.SZ,瑞丰新材
300051.SZ,琏升科技
603193.SH,润本股份
002669.SZ,康达新材
600125.SH,铁龙物流
301559.SZ,中集环科
688657.SH,浩辰软件
600867.SH,通化东宝
301419.SZ,阿莱德
688728.SH,格科微
301517.SZ,陕西华达
301033.SZ,迈普医学
688350.SH,富淼科技
601388.SH,怡球资源
601717.SH,郑煤机
603361.SH,浙江国祥
832469.BJ,富恒新材
600271.SH,航天信息
603936.SH,博敏电子
300382.SZ,斯莱克
603929.SH,亚翔集成
002197.SZ,证通电子
301322.SZ,绿通科技
600736.SH,苏州高新
002519.SZ,银河电子
301160.SZ,翔楼新材
300826.SZ,测绘股份
832786.BJ,骑士乳业
002375.SZ,亚厦股份
600527.SH,江南高纤
300112.SZ,万讯自控
002452.SZ,长高电新
002075.SZ,沙钢股份
301489.SZ,思泉新材
002102.SZ,冠福股份
603273.SH,天元智能
688662.SH,富信科技
300809.SZ,华辰装备
300017.SZ,网宿科技
600236.SH,桂冠电力
301238.SZ,瑞泰新材
300508.SZ,维宏股份
002320.SZ,海峡股份
300819.SZ,聚杰微纤
688275.SH,万润新能
300972.SZ,万辰集团
002274.SZ,华昌化工
688251.SH,井松智能
000551.SZ,创元科技
300789.SZ,唐源电气
603660.SH,苏州科达
002219.SZ,新里程
002127.SZ,南极电商
605398.SH,新炬网络
603958.SH,哈森股份
301252.SZ,同星科技
300346.SZ,南大光电
600595.SH,中孚实业
001378.SZ,德冠新材
301555.SZ,惠柏新材
000777.SZ,中核科技
603727.SH,博迈科
832978.BJ,开特股份
688667.SH,菱电电控
603768.SH,常青股份
603107.SH,上海汽配
688182.SH,灿勤科技
688118.SH,普元信息
873726.BJ,卓兆点胶
001376.SZ,百通能源
300756.SZ,金马游乐
300460.SZ,惠伦晶体
300085.SZ,银之杰
688327.SH,云从科技
002317.SZ,众生药业
300461.SZ,田中精机
603062.SH,麦加芯彩
603235.SH,天新药业
300401.SZ,花园生物
001326.SZ,联域股份
603087.SH,甘李药业
603890.SH,春秋电子
002664.SZ,信质集团
605287.SH,德才股份
688233.SH,神工股份
688377.SH,迪威尔
300016.SZ,北陆药业
300043.SZ,星辉娱乐
839493.BJ,并行科技
300520.SZ,科大国创
873693.BJ,阿为特
603970.SH,中农立华
002625.SZ,光启技术
002878.SZ,元隆雅图
300698.SZ,万马科技
688253.SH,英诺特
300551.SZ,古鳌科技
300447.SZ,全信股份
002014.SZ,永新股份
688648.SH,中邮科技
601298.SH,青岛港
300798.SZ,锦鸡股份
600372.SH,中航机载
002182.SZ,宝武镁业
601866.SH,中远海发
002073.SZ,软控股份
300160.SZ,秀强股份
002588.SZ,史丹利
603639.SH,海利尔
002413.SZ,雷科防务
002637.SZ,赞宇科技
300136.SZ,信维通信
002023.SZ,海特高新
300218.SZ,安利股份
002266.SZ,浙富控股
300890.SZ,翔丰华
001306.SZ,夏厦精密
301133.SZ,金钟股份
002394.SZ,联发股份
605077.SH,华康股份
600901.SH,江苏租赁
300583.SZ,赛托生物
601611.SH,中国核建
603324.SH,盛剑科技
688092.SH,爱科科技
605050.SH,福然德
000582.SZ,北部湾港
300213.SZ,佳讯飞鸿
002730.SZ,电光科技
300618.SZ,寒锐钴业
000707.SZ,双环科技
688653.SH,康希通信
300088.SZ,长信科技
002454.SZ,松芝股份
002456.SZ,欧菲光
600929.SH,雪天盐业
873132.BJ,泰鹏智能
300337.SZ,银邦股份
002889.SZ,东方嘉盛
301185.SZ,鸥玛软件
002467.SZ,二六三
601018.SH,宁波港
000917.SZ,电广传媒
002382.SZ,蓝帆医疗
002722.SZ,物产金轮
300542.SZ,新晨科技
002550.SZ,千红制药
300446.SZ,乐凯新材
002435.SZ,长江健康
873833.BJ,美心翼申
832522.BJ,纳科诺尔
001319.SZ,铭科精技
301508.SZ,中机认检
600685.SH,中船防务
300684.SZ,中石科技
688652.SH,京仪装备
301568.SZ,思泰克
000926.SZ,福星股份
300554.SZ,三超新材
301276.SZ,嘉曼服饰
002902.SZ,铭普光磁
603725.SH,天安新材
301258.SZ,富士莱
301516.SZ,中远通
000919.SZ,金陵药业
300980.SZ,祥源新材
601083.SH,锦江航运
688720.SH,艾森股份
600064.SH,南京高科
873570.BJ,坤博精工
002351.SZ,漫步者
002449.SZ,国星光电
601698.SH,中国卫通
300084.SZ,海默科技
835579.BJ,机科股份
000791.SZ,甘肃能源
600796.SH,钱江生化
001239.SZ,永达股份
000021.SZ,深科技
601929.SH,吉视传媒
603231.SH,索宝蛋白
300730.SZ,科创信息
688670.SH,金迪克
200625.SZ,长安B
301459.SZ,丰茂股份
688205.SH,德科立
688184.SH,帕瓦股份
300432.SZ,富临精工
000050.SZ,深天马A
301413.SZ,安培龙
603990.SH,麦迪科技
300781.SZ,因赛集团
603373.SH,安邦护卫
001358.SZ,兴欣新材
600246.SH,万通发展
836547.BJ,无锡晶海
002845.SZ,同兴达
300446.SZ,航天智造
601096.SH,宏盛华源
831175.BJ,派诺科技
300230.SZ,永利股份
600095.SH,湘财股份
833284.BJ,灵鸽科技
603353.SH,和顺石油
301526.SZ,国际复材
301085.SZ,亚康股份
603004.SH,鼎龙科技
605222.SH,起帆电缆
836961.BJ,西磁科技
301578.SZ,辰奕智能
600961.SH,株冶集团
002096.SZ,易普力
301566.SZ,达利凯普
002843.SZ,泰嘉股份
301005.SZ,超捷股份
688717.SH,艾罗能源
600480.SH,凌云股份
603519.SH,立霸股份
871263.BJ,莱赛激光
603003.SH,龙宇股份
688658.SH,悦康药业
300492.SZ,华图山鼎
300190.SZ,维尔利
603325.SH,博隆技术
603312.SH,西典新能
001387.SZ,雪祺电气
603041.SH,美思德
002045.SZ,国光电器
873690.BJ,捷众科技
002226.SZ,江南化工
838971.BJ,天马新材
002683.SZ,广东宏大
001379.SZ,腾达科技
002189.SZ,中光学
601033.SH,永兴股份
300606.SZ,金太阳
873806.BJ,云星宇
300514.SZ,友讯达
301567.SZ,贝隆精密
688021.SH,奥福环保
688138.SH,清溢光电
833075.BJ,柏星龙
600775.SH,南京熊猫
603375.SH,盛景微
600310.SH,广西能源
837403.BJ,康农种业
002322.SZ,理工能科
301313.SZ,凡拓数创
603082.SH,北自科技
600366.SH,宁波韵升
872190.BJ,雷神科技
301577.SZ,美信科技
688448.SH,磁谷科技
301002.SZ,崧盛股份
603201.SH,常润股份
605155.SH,西大门
002947.SZ,恒铭达
000981.SZ,山子股份
831396.BJ,许昌智能
603227.SH,雪峰科技
601101.SH,昊华能源
838924.BJ,广脉科技
000537.SZ,中绿电
301000.SZ,肇民科技
300264.SZ,佳创视讯
300010.SZ,ST豆神
300812.SZ,易天股份
301502.SZ,华阳智能
603992.SH,松霖科技
300115.SZ,长盈精密
688709.SH,成都华微
300682.SZ,朗新集团
688584.SH,上海合晶
600367.SH,红星发展
301589.SZ,诺瓦星云
870656.BJ,海昇药业
002884.SZ,凌霄泵业
301421.SZ,波长光电
300228.SZ,富瑞特装
603408.SH,建霖家居
605060.SH,联德股份
301321.SZ,翰博高新
603060.SH,国检集团
603341.SH,龙旗科技
301591.SZ,肯特股份
603221.SH,爱丽家居
000818.SZ,航锦科技
300545.SZ,联得装备
603291.SH,联合水务
002444.SZ,巨星科技
300488.SZ,恒锋工具
001213.SZ,中铁特货
000598.SZ,兴蓉环境
871857.BJ,泓禧科技
300522.SZ,世名科技
301588.SZ,美新科技
688695.SH,中创股份
000550.SZ,江铃汽车
300709.SZ,精研科技
600010.SH,包钢股份
873706.BJ,铁拓机械
002943.SZ,宇晶股份
601989.SH,中国重工
600733.SH,北汽蓝谷
603344.SH,星德胜
301538.SZ,骏鼎达
688525.SH,佰维存储
002093.SZ,国脉科技
002687.SZ,乔治白
688571.SH,杭华股份
001359.SZ,平安电工
300810.SZ,中科海讯
301536.SZ,星宸科技
001389.SZ,广合科技
002111.SZ,威海广泰
002130.SZ,沃尔核材
603327.SH,福蓉科技
835438.BJ,戈碧迦
605196.SH,华通线缆
603976.SH,正川股份
301587.SZ,中瑞股份
837023.BJ,芭薇股份
603360.SH,百傲化学
605259.SH,绿田机械
688691.SH,灿芯股份
301539.SZ,宏鑫科技
001203.SZ,大中矿业
600126.SH,杭钢股份
688329.SH,艾隆科技
301285.SZ,鸿日达
605319.SH,无锡振华
603825.SH,华扬联众
301280.SZ,珠城科技
600874.SH,创业环保
002923.SZ,润都股份
300562.SZ,乐心医疗
000156.SZ,华数传媒
872931.BJ,无锡鼎邦
688469.SH,芯联集成
000501.SZ,武商集团
870976.BJ,视声智能
603500.SH,祥和实业
301216.SZ,万凯新材
000949.SZ,新乡化纤
300711.SZ,广哈通信
001288.SZ,运机集团
301181.SZ,标榜股份
603009.SH,北特科技
603101.SH,汇嘉时代
002116.SZ,中国海诚
600858.SH,银座股份
601963.SH,重庆银行
300187.SZ,永清环保
600007.SH,中国国贸
300259.SZ,新天科技
603109.SH,神驰机电
301017.SZ,漱玉平民
000016.SZ,深康佳A
688506.SH,百利天恒
300641.SZ,正丹股份
301187.SZ,欧圣电气
300966.SZ,共同药业
002779.SZ,中坚科技
002060.SZ,广东建工
688321.SH,微芯生物
688530.SH,欧莱新材
300349.SZ,金卡智能
688607.SH,康众医疗
301286.SZ,侨源股份
000417.SZ,合肥百货
688633.SH,星球石墨
301596.SZ,瑞迪智驱
601608.SH,中信重工
601399.SH,国机重装
001296.SZ,长江材料
002272.SZ,川润股份
002261.SZ,拓维信息
300365.SZ,恒华科技
300540.SZ,蜀道装备
601118.SH,海南橡胶
300857.SZ,协创数据
600738.SH,丽尚国潮
000581.SZ,威孚高科
300243.SZ,瑞丰高材
003019.SZ,宸展光电
002659.SZ,凯文教育
600866.SH,星湖科技
001696.SZ,宗申动力
002500.SZ,山西证券
600717.SH,天津港
300455.SZ,航天智装
300765.SZ,新诺威
603681.SH,永冠新材
603583.SH,捷昌驱动
301380.SZ,挖金客
002404.SZ,嘉欣丝绸
002578.SZ,闽发铝业
603028.SH,赛福天
000783.SZ,长江证券
601860.SH,紫金银行
002423.SZ,中粮资本
600498.SH,烽火通信
603025.SH,大豪科技
600787.SH,中储股份
002062.SZ,宏润建设
605277.SH,新亚电子
603131.SH,上海沪工
600661.SH,昂立教育
002877.SZ,智能自控
002448.SZ,中原内配
301392.SZ,汇成真空
000862.SZ,银星能源
001317.SZ,三羊马
002879.SZ,长缆科技
920002.BJ,万达轴承
835174.BJ,五新隧装
688256.SH,寒武纪
001231.SZ,农心科技
300909.SZ,汇创达
603766.SH,隆鑫通用
605369.SH,拱东医疗
600894.SH,广日股份
002264.SZ,新华都
603823.SH,百合花
002150.SZ,通润装备
300304.SZ,云意电气
688692.SH,达梦数据
300784.SZ,利安科技
603530.SH,神马电力
600673.SH,东阳光
603683.SH,晶华新材
002106.SZ,莱宝高科
002393.SZ,力生制药
002090.SZ,金智科技
000762.SZ,西藏矿业
603167.SH,渤海轮渡
300905.SZ,宝丽迪
002755.SZ,奥赛康
301565.SZ,中仑新材
002668.SZ,TCL智家
688209.SH,英集芯
002383.SZ,合众思壮
301468.SZ,博盈特焊
603031.SH,安孚科技
603381.SH,永臻股份
301580.SZ,爱迪特
002204.SZ,大连重工
600664.SH,哈药股份
600326.SH,西藏天路
603350.SH,安乃达
603367.SH,辰欣药业
603285.SH,键邦股份
600020.SH,中原高速
688511.SH,天微电子
301603.SZ,乔锋智能
600521.SH,华海药业
600469.SH,风神股份
300556.SZ,丝路视觉
600327.SH,大东方
301552.SZ,科力装备
600186.SH,莲花控股
002598.SZ,山东章鼓
600221.SH,海航控股
603071.SH,物产环能
600509.SH,天富能源
300188.SZ,国投智能
600106.SH,重庆路桥
301116.SZ,益客食品
603356.SH,华菱精工
301606.SZ,绿联科技
002516.SZ,旷达科技
300397.SZ,天和防务
833523.BJ,德瑞锂电
301608.SZ,博实结
603391.SH,力聚热能
603689.SH,皖天然气
000415.SZ,渤海租赁
600720.SH,中交设计
003001.SZ,中岩大地
688721.SH,龙图光罩
000828.SZ,东莞控股
600623.SH,华谊集团
000650.SZ,仁和药业
603310.SH,巍华新材
301611.SZ,珂玛科技
001267.SZ,汇绿生态
301045.SZ,天禄科技
688606.SH,奥泰生物
600575.SH,淮河能源
300878.SZ,维康药业
000750.SZ,国海证券
300859.SZ,西域旅游
600230.SH,沧州大化
603207.SH,小方制药
301586.SZ,佳力奇
920118.BJ,太湖远大
600094.SH,大名城
000975.SZ,山金国际
873703.BJ,广厦环能
688585.SH,上纬新材
872374.BJ,云里物里
002157.SZ,正邦科技
600495.SH,晋西车轴
301338.SZ,凯格精机
600776.SH,东方通信
000691.SZ,亚太实业
688710.SH,益诺思
600373.SH,中文传媒
301607.SZ,富特科技
600368.SH,五洲交通
920008.BJ,成电光信
600835.SH,上海机电
601579.SH,会稽山
001277.SZ,速达股份
600184.SH,光电股份
603551.SH,奥普科技
601113.SH,华鼎股份
300307.SZ,慈星股份
603091.SH,众鑫股份
600839.SH,四川长虹
600744.SH,华银电力
600645.SH,中源协和
603112.SH,华翔股份
603013.SH,亚普股份
603680.SH,今创集团
920016.BJ,中草香料
002833.SZ,弘亚数控
301600.SZ,慧翰股份
603180.SH,金牌家居
603656.SH,泰禾智能
300194.SZ,福安药业
603598.SH,引力传媒
300497.SZ,富祥药业
600648.SH,外高桥
301551.SZ,无线传媒
000719.SZ,中原传媒
000885.SZ,城发环境
603161.SH,科华控股
688615.SH,合合信息
688155.SH,先惠技术
002666.SZ,德联集团
000544.SZ,中原环保
600777.SH,ST新潮
605228.SH,神通科技
600022.SH,山东钢铁
300746.SZ,汉嘉设计
600033.SH,福建高速
600753.SH,庚星股份
300796.SZ,贝斯美
002785.SZ,万里石
603700.SH,宁水集团
920019.BJ,铜冠矿建
001279.SZ,强邦新材
000755.SZ,山西高速
002613.SZ,北玻股份
301618.SZ,长联科技
603153.SH,上海建科
000985.SZ,大庆华科
300280.SZ,紫天科技
003009.SZ,中天火箭
301556.SZ,托普云农
301522.SZ,上大股份
000819.SZ,岳阳兴长
603085.SH,天成自控
600444.SH,国机通用
600268.SH,国电南自
301613.SZ,新铝时代
300657.SZ,弘信电子
600101.SH,明星电力
300523.SZ,辰安科技
603977.SH,国泰集团
601880.SH,辽港股份
301626.SZ,苏州天脉
688165.SH,埃夫特
000557.SZ,西部创业
301592.SZ,六九一二
002305.SZ,南国置业
688726.SH,拉普拉斯
688219.SH,会通股份
300533.SZ,冰川网络
300387.SZ,富邦股份
300652.SZ,雷迪克
301628.SZ,强达电路
000720.SZ,新能泰山
920088.BJ,科力股份
603205.SH,健尔康
603166.SH,福达股份
000958.SZ,电投产融
300102.SZ,乾照光电
920066.BJ,科拜尔
300409.SZ,道氏技术
002626.SZ,金达威
002296.SZ,辉煌科技
301633.SZ,港迪技术
301571.SZ,国科天成
920111.BJ,聚星科技
688779.SH,五矿新能
003005.SZ,竞业达
601226.SH,华电科工
300010.SZ,豆神教育
002010.SZ,传化智联
603800.SH,洪田股份
000798.SZ,中水渔业
301631.SZ,壹连科技
002553.SZ,南方精工
600099.SH,林海股份
688750.SH,金天钛业
600877.SH,电科芯片
300378.SZ,鼎捷数智
000417.SZ,合百集团
600237.SH,铜峰电子
603395.SH,红四方
600320.SH,振华重工
920060.BJ,万源通
300752.SZ,隆利科技
301622.SZ,英思特
688708.SH,佳驰科技
603328.SH,依顿电子
920128.BJ,胜业电气
002059.SZ,云南旅游
002753.SZ,永东股份
002862.SZ,实丰文化
600889.SH,南京化纤
688605.SH,先锋精科
002685.SZ,华东重机
920098.BJ,科隆新材
603636.SH,南威软件
603079.SH,圣达生物
301585.SZ,蓝宇股份
001314.SZ,亿道信息
300546.SZ,雄帝科技
603948.SH,建业股份
001332.SZ,锡装股份
002734.SZ,利民股份
603194.SH,中力股份
301598.SZ,博科测试
688068.SH,热景生物
920106.BJ,林泰新材
001391.SZ,国货航
603072.SH,天和磁材
920082.BJ,方正阀门
301175.SZ,中科环保
600694.SH,大商股份
000925.SZ,众合科技
603617.SH,君禾股份
301581.SZ,黄山谷捷
301458.SZ,钧崴电子
002432.SZ,九安医疗
603983.SH,丸美生物
601606.SH,长城军工
920116.BJ,星图测控
688151.SH,华强科技
300703.SZ,创源股份
688583.SH,思看科技
301601.SZ,惠通科技
002792.SZ,通宇通讯
601188.SH,龙江交通
002437.SZ,誉衡药业
002635.SZ,安洁科技
301602.SZ,超研股份
688613.SH,奥精医疗
301097.SZ,天益医疗
688545.SH,兴福电子
001356.SZ,富岭股份
002661.SZ,克明食品
603052.SH,可川科技
688181.SH,八亿时空
688411.SH,海博思创
600609.SH,金杯汽车
001395.SZ,亚联机械
002319.SZ,乐通股份
002899.SZ,英派斯
920108.BJ,宏海科技
000785.SZ,居然智家
301110.SZ,青木科技
603818.SH,曲美家居
000868.SZ,安凯客车
301173.SZ,毓恬冠佳
601777.SH,力帆科技
688758.SH,赛分科技
603409.SH,汇通控股
002103.SZ,广博股份
605198.SH,安德利
301557.SZ,常友科技
301196.SZ,唯科科技
603271.SH,永杰新材
301275.SZ,汉朔科技
301479.SZ,弘景光电
300248.SZ,新开普
601008.SH,连云港
688553.SH,汇宇制药
603665.SH,康隆达
302132.SZ,中航成飞
