ts_code,name_x,name_y,industry
688006.SH,杭可科技,杭可科技,电气设备
688557.SH,兰剑智能,兰剑智能,专用机械
688111.SH,金山办公,金山办公,软件服务
688141.SH,杰华特,杰华特,半导体
688697.SH,纽威数控,纽威数控,机床制造
600988.SH,赤峰黄金,赤峰黄金,黄金
688036.SH,传音控股,传音控股,通信设备
002594.SZ,比亚迪,比亚迪,汽车整车
688025.SH,杰普特,杰普特,专用机械
688559.SH,海目星,海目星,专用机械
688337.SH,普源精电,普源精电,电器仪表
688059.SH,华锐精密,华锐精密,机械基件
600955.SH,维远股份,维远股份,化工原料
688308.SH,欧科亿,欧科亿,机械基件
300790.SZ,宇瞳光学,宇瞳光学,元器件
688363.SH,华熙生物,华熙生物,医疗保健
688348.SH,昱能科技,昱能科技,电气设备
002332.SZ,仙琚制药,仙琚制药,化学制药
688169.SH,石头科技,石头科技,家用电器
688223.SH,晶科能源,晶科能源,电气设备
688326.SH,经纬恒润,经纬恒润-W,汽车配件
603605.SH,珀莱雅,珀莱雅,日用化工
000063.SZ,中兴通讯,中兴通讯,通信设备
688665.SH,四方光电,四方光电,电器仪表
688100.SH,威胜信息,威胜信息,通信设备
688147.SH,微导纳米,微导纳米,专用机械
300260.SZ,新莱应材,新莱应材,机械基件
601601.SH,中国太保,中国太保,保险
600549.SH,厦门钨业,厦门钨业,小金属
688122.SH,西部超导,西部超导,小金属
688793.SH,倍轻松,倍轻松,家用电器
688676.SH,金盘科技,金盘科技,电气设备
300737.SZ,科顺股份,科顺股份,其他建材
688029.SH,南微医学,南微医学,医疗保健
688246.SH,嘉和美康,嘉和美康,软件服务
600309.SH,万华化学,万华化学,化工原料
688598.SH,金博股份,金博股份,矿物制品
688400.SH,凌云光,凌云光,专用机械
688519.SH,南亚新材,南亚新材,元器件
003035.SZ,南网能源,南网能源,新型电力
002959.SZ,小熊电器,小熊电器,家用电器
688012.SH,中微公司,中微公司,半导体
835368.BJ,连城数控,连城数控,专用机械
000975.SZ,银泰黄金,山金国际,黄金
002595.SZ,豪迈科技,豪迈科技,专用机械
688037.SH,芯源微,芯源微,半导体
688305.SH,科德数控,科德数控,机床制造
300481.SZ,濮阳惠成,濮阳惠成,化工原料
002096.SZ,南岭民爆,易普力,化工原料
600329.SH,达仁堂,达仁堂,中成药
688320.SH,禾川科技,禾川科技,电器仪表
601901.SH,方正证券,方正证券,证券
688089.SH,嘉必优,嘉必优,食品
601636.SH,旗滨集团,旗滨集团,玻璃
300438.SZ,鹏辉能源,鹏辉能源,电气设备
688618.SH,三旺通信,三旺通信,通信设备
002557.SZ,洽洽食品,洽洽食品,食品
300496.SZ,中科创达,中科创达,软件服务
301345.SZ,涛涛车业,涛涛车业,摩托车
600183.SH,生益科技,生益科技,元器件
688556.SH,高测股份,高测股份,专用机械
688516.SH,奥特维,奥特维,专用机械
688355.SH,明志科技,明志科技,机械基件
002415.SZ,海康威视,海康威视,IT设备
002847.SZ,盐津铺子,盐津铺子,食品
300662.SZ,科锐国际,科锐国际,文教休闲
300393.SZ,中来股份,中来股份,塑料
688120.SH,华海清科,华海清科,半导体
688300.SH,联瑞新材,联瑞新材,矿物制品
603026.SH,胜华新材,石大胜华,化工原料
603379.SH,三美股份,三美股份,化工原料
002511.SZ,中顺洁柔,中顺洁柔,造纸
300908.SZ,仲景食品,仲景食品,食品
301330.SZ,熵基科技,熵基科技,IT设备
688498.SH,源杰科技,源杰科技,半导体
688392.SH,骄成超声,骄成超声,专用机械
688630.SH,芯碁微装,芯碁微装,专用机械
301246.SZ,宏源药业,宏源药业,化学制药
600416.SH,湘电股份,湘电股份,电气设备
688167.SH,炬光科技,炬光科技,元器件
688636.SH,智明达,智明达,元器件
603755.SH,日辰股份,日辰股份,食品
688239.SH,航宇科技,航宇科技,航空
002139.SZ,拓邦股份,拓邦股份,元器件
001308.SZ,康冠科技,康冠科技,元器件
600305.SH,恒顺醋业,恒顺醋业,食品
300308.SZ,中际旭创,中际旭创,通信设备
688071.SH,华依科技,华依科技,专用机械
002262.SZ,恩华药业,恩华药业,化学制药
688170.SH,德龙激光,德龙激光,专用机械
002705.SZ,新宝股份,新宝股份,家用电器
688019.SH,安集科技,安集科技,半导体
002955.SZ,鸿合科技,鸿合科技,IT设备
688112.SH,鼎阳科技,鼎阳科技,电器仪表
688375.SH,国博电子,国博电子,元器件
688080.SH,映翰通,映翰通,通信设备
300036.SZ,超图软件,超图软件,软件服务
688048.SH,长光华芯,长光华芯,半导体
688696.SH,极米科技,极米科技,家用电器
603908.SH,牧高笛,牧高笛,纺织
300404.SZ,博济医药,博济医药,医疗保健
002886.SZ,沃特股份,沃特股份,塑料
002078.SZ,太阳纸业,太阳纸业,造纸
002372.SZ,伟星新材,伟星新材,其他建材
688033.SH,天宜上佳,天宜上佳,电气设备
688052.SH,纳芯微,纳芯微,半导体
600428.SH,中远海特,中远海特,水运
600353.SH,旭光电子,旭光电子,元器件
000729.SZ,燕京啤酒,燕京啤酒,啤酒
688668.SH,鼎通科技,鼎通科技,通信设备
688105.SH,诺唯赞,诺唯赞,生物制药
688331.SH,荣昌生物,荣昌生物,生物制药
002714.SZ,牧原股份,牧原股份,农业综合
300012.SZ,华测检测,华测检测,电器仪表
688076.SH,诺泰生物,诺泰生物,生物制药
688499.SH,利元亨,利元亨,专用机械
300724.SZ,捷佳伟创,捷佳伟创,专用机械
688196.SH,卓越新能,卓越新能,环境保护
600050.SH,中国联通,中国联通,电信运营
688091.SH,上海谊众,上海谊众,化学制药
688526.SH,科前生物,科前生物,农业综合
605338.SH,巴比食品,巴比食品,食品
688152.SH,麒麟信安,麒麟信安,软件服务
002966.SZ,苏州银行,苏州银行,银行
688480.SH,赛恩斯,赛恩斯,环境保护
600422.SH,昆药集团,昆药集团,中成药
002727.SZ,一心堂,一心堂,医药商业
600027.SH,华电国际,华电国际,火力发电
301161.SZ,唯万密封,唯万密封,工程机械
300418.SZ,昆仑万维,昆仑万维,互联网
002241.SZ,歌尔股份,歌尔股份,元器件
002152.SZ,广电运通,广电运通,IT设备
688131.SH,皓元医药,皓元医药,化学制药
600284.SH,浦东建设,浦东建设,建筑工程
688222.SH,成都先导,成都先导,化学制药
688295.SH,中复神鹰,中复神鹰,化纤
002353.SZ,杰瑞股份,杰瑞股份,化工机械
300979.SZ,华利集团,华利集团,服饰
002649.SZ,博彦科技,博彦科技,软件服务
603986.SH,兆易创新,兆易创新,半导体
002158.SZ,汉钟精机,汉钟精机,工程机械
603708.SH,家家悦,家家悦,超市连锁
002138.SZ,顺络电子,顺络电子,元器件
603305.SH,旭升集团,旭升集团,汽车配件
688800.SH,瑞可达,瑞可达,元器件
688533.SH,上声电子,上声电子,汽车配件
300033.SZ,同花顺,同花顺,软件服务
872808.BJ,曙光数创,曙光数创,IT设备
688536.SH,思瑞浦,思瑞浦,半导体
600219.SH,南山铝业,南山铝业,铝
603059.SH,倍加洁,倍加洁,日用化工
688125.SH,安达智能,安达智能,专用机械
300978.SZ,东箭科技,东箭科技,汽车配件
002240.SZ,盛新锂能,盛新锂能,小金属
300622.SZ,博士眼镜,博士眼镜,其他商业
300443.SZ,金雷股份,金雷股份,电气设备
603590.SH,康辰药业,康辰药业,生物制药
600298.SH,安琪酵母,安琪酵母,食品
000625.SZ,长安汽车,长安汽车,汽车整车
833575.BJ,康乐卫士,康乐卫士,生物制药
300763.SZ,锦浪科技,锦浪科技,电气设备
688819.SH,天能股份,天能股份,电气设备
300755.SZ,华致酒行,华致酒行,其他商业
688281.SH,华秦科技,华秦科技,航空
000776.SZ,广发证券,广发证券,证券
600557.SH,康缘药业,康缘药业,中成药
002612.SZ,朗姿股份,朗姿股份,服饰
688002.SH,睿创微纳,睿创微纳,通信设备
688611.SH,杭州柯林,杭州柯林,电气设备
688261.SH,东微半导,东微半导,半导体
689009.SH,九号公司,九号公司-WD,摩托车
000400.SZ,许继电气,许继电气,电气设备
831832.BJ,科达自控,科达自控,软件服务
002254.SZ,泰和新材,泰和新材,化纤
688007.SH,光峰科技,光峰科技,元器件
301077.SZ,星华新材,星华新材,化工原料
300224.SZ,正海磁材,正海磁材,矿物制品
688132.SH,邦彦技术,邦彦技术,通信设备
002284.SZ,亚太股份,亚太股份,汽车配件
835985.BJ,海泰新能,海泰新能,电气设备
000726.SZ,鲁泰A,鲁泰A,纺织
000488.SZ,晨鸣纸业,ST晨鸣,造纸
603997.SH,继峰股份,继峰股份,汽车配件
300124.SZ,汇川技术,汇川技术,电器仪表
002007.SZ,华兰生物,华兰生物,生物制药
002475.SZ,立讯精密,立讯精密,元器件
301408.SZ,华人健康,华人健康,医药商业
688162.SH,巨一科技,巨一科技,专用机械
300026.SZ,红日药业,红日药业,中成药
002984.SZ,森麒麟,森麒麟,汽车配件
600587.SH,新华医疗,新华医疗,医疗保健
002028.SZ,思源电气,思源电气,电气设备
002063.SZ,远光软件,远光软件,软件服务
600732.SH,爱旭股份,爱旭股份,电气设备
601311.SH,骆驼股份,骆驼股份,电气设备
600200.SH,江苏吴中,江苏吴中,化学制药
688522.SH,纳睿雷达,纳睿雷达,通信设备
600809.SH,山西汾酒,山西汾酒,白酒
300957.SZ,贝泰妮,贝泰妮,日用化工
688017.SH,绿的谐波,绿的谐波,机械基件
600229.SH,城市传媒,城市传媒,出版业
600481.SH,双良节能,双良节能,电气设备
300761.SZ,立华股份,立华股份,农业综合
002405.SZ,四维图新,四维图新,软件服务
301439.SZ,泓淋电力,泓淋电力,电气设备
603317.SH,天味食品,天味食品,食品
600039.SH,四川路桥,四川路桥,建筑工程
688608.SH,恒玄科技,恒玄科技,半导体
688187.SH,时代电气,时代电气,运输设备
831906.BJ,舜宇精工,舜宇精工,汽车配件
688262.SH,国芯科技,国芯科技,半导体
002258.SZ,利尔化学,利尔化学,农药化肥
688020.SH,方邦股份,方邦股份,元器件
002885.SZ,京泉华,京泉华,元器件
600072.SH,中船科技,中船科技,船舶
002812.SZ,恩捷股份,恩捷股份,电气设备
300856.SZ,科思股份,科思股份,日用化工
601117.SH,中国化学,中国化学,建筑工程
001338.SZ,永顺泰,永顺泰,啤酒
600938.SH,中国海油,中国海油,石油开采
605337.SH,李子园,李子园,乳制品
601677.SH,明泰铝业,明泰铝业,铝
300144.SZ,宋城演艺,宋城演艺,旅游景点
000988.SZ,华工科技,华工科技,专用机械
601899.SH,紫金矿业,紫金矿业,铜
688077.SH,大地熊,大地熊,矿物制品
601600.SH,中国铝业,中国铝业,铝
688639.SH,华恒生物,华恒生物,化学制药
605299.SH,舒华体育,舒华体育,文教休闲
300708.SZ,聚灿光电,聚灿光电,半导体
601619.SH,嘉泽新能,嘉泽新能,新型电力
002459.SZ,晶澳科技,晶澳科技,电气设备
430489.BJ,佳先股份,佳先股份,化工原料
688680.SH,海优新材,海优新材,塑料
300138.SZ,晨光生物,晨光生物,食品
300926.SZ,博俊科技,博俊科技,汽车配件
002384.SZ,东山精密,东山精密,元器件
836077.BJ,吉林碳谷,吉林碳谷,化纤
688227.SH,品高股份,品高股份,软件服务
833819.BJ,颖泰生物,颖泰生物,农药化肥
301227.SZ,森鹰窗业,森鹰窗业,家居用品
600612.SH,老凤祥,老凤祥,服饰
301108.SZ,洁雅股份,洁雅股份,日用化工
603043.SH,广州酒家,广州酒家,食品
836270.BJ,天铭科技,天铭科技,汽车配件
301373.SZ,凌玮科技,凌玮科技,化工原料
000858.SZ,五粮液,五粮液,白酒
603801.SH,志邦家居,志邦家居,家居用品
688659.SH,元琛科技,元琛科技,环境保护
300316.SZ,晶盛机电,晶盛机电,专用机械
300129.SZ,泰胜风能,泰胜风能,电气设备
600861.SH,北京城乡,北京人力,文教休闲
603693.SH,江苏新能,江苏新能,新型电力
688166.SH,博瑞医药,博瑞医药,化学制药
430556.BJ,雅达股份,雅达股份,电器仪表
301115.SZ,建科股份,建科股份,建筑工程
600426.SH,华鲁恒升,华鲁恒升,农药化肥
601818.SH,光大银行,光大银行,银行
688426.SH,康为世纪,康为世纪,生物制药
688561.SH,奇安信,奇安信-U,软件服务
688296.SH,和达科技,和达科技,软件服务
688005.SH,容百科技,容百科技,电气设备
300896.SZ,爱美客,爱美客,医疗保健
603108.SH,润达医疗,润达医疗,医药商业
300705.SZ,九典制药,九典制药,化学制药
688160.SH,步科股份,步科股份,电器仪表
605117.SH,德业股份,德业股份,电气设备
688435.SH,英方软件,英方软件,软件服务
000951.SZ,中国重汽,中国重汽,汽车整车
300832.SZ,新产业,新产业,医疗保健
688383.SH,新益昌,新益昌,专用机械
300442.SZ,润泽科技,润泽科技,软件服务
600460.SH,士兰微,士兰微,半导体
600066.SH,宇通客车,宇通客车,汽车整车
300586.SZ,美联新材,美联新材,化工原料
300699.SZ,光威复材,光威复材,化纤
601800.SH,中国交建,中国交建,建筑工程
603439.SH,贵州三力,贵州三力,中成药
300118.SZ,东方日升,东方日升,电气设备
603859.SH,能科科技,能科科技,软件服务
300718.SZ,长盛轴承,长盛轴承,机械基件
603307.SH,扬州金泉,扬州金泉,文教休闲
002410.SZ,广联达,广联达,软件服务
605089.SH,味知香,味知香,食品
688235.SH,百济神州,百济神州-U,生物制药
300470.SZ,中密控股,中密控股,机械基件
000810.SZ,创维数字,创维数字,家用电器
603236.SH,移远通信,移远通信,通信设备
830809.BJ,安达科技,安达科技,电气设备
603169.SH,兰石重装,兰石重装,专用机械
300408.SZ,三环集团,三环集团,元器件
600873.SH,梅花生物,梅花生物,食品
300511.SZ,雪榕生物,雪榕生物,种植业
603871.SH,嘉友国际,嘉友国际,仓储物流
601003.SH,柳钢股份,柳钢股份,普钢
002603.SZ,以岭药业,以岭药业,中成药
603899.SH,晨光股份,晨光股份,文教休闲
688502.SH,茂莱光学,茂莱光学,元器件
600233.SH,圆通速递,圆通速递,仓储物流
002074.SZ,国轩高科,国轩高科,电气设备
603612.SH,索通发展,索通发展,矿物制品
300101.SZ,振芯科技,振芯科技,通信设备
301358.SZ,湖南裕能,湖南裕能,电气设备
002169.SZ,智光电气,智光电气,电气设备
301011.SZ,华立科技,华立科技,文教休闲
002536.SZ,飞龙股份,飞龙股份,汽车配件
603867.SH,新化股份,新化股份,化工原料
001301.SZ,尚太科技,尚太科技,电气设备
300389.SZ,艾比森,艾比森,元器件
000534.SZ,万泽股份,万泽股份,生物制药
688179.SH,阿拉丁,阿拉丁,化学制药
688501.SH,青达环保,青达环保,环境保护
600516.SH,方大炭素,方大炭素,矿物制品
300161.SZ,华中数控,华中数控,机床制造
600048.SH,保利发展,保利发展,全国地产
300413.SZ,芒果超媒,芒果超媒,影视音像
600895.SH,张江高科,张江高科,园区开发
603298.SH,杭叉集团,杭叉集团,工程机械
600256.SH,广汇能源,广汇能源,石油开采
003032.SZ,传智教育,传智教育,文教休闲
600176.SH,中国巨石,中国巨石,玻璃
002281.SZ,光迅科技,光迅科技,通信设备
301165.SZ,锐捷网络,锐捷网络,通信设备
605377.SH,华旺科技,华旺科技,造纸
688045.SH,必易微,必易微,半导体
605090.SH,九丰能源,九丰能源,供气供热
002741.SZ,光华科技,光华科技,化工原料
000002.SZ,万科A,万科A,全国地产
300002.SZ,神州泰岳,神州泰岳,互联网
605189.SH,富春染织,富春染织,纺织
002991.SZ,甘源食品,甘源食品,食品
000989.SZ,九芝堂,ST九芝,中成药
300498.SZ,温氏股份,温氏股份,农业综合
001337.SZ,四川黄金,四川黄金,黄金
600761.SH,安徽合力,安徽合力,工程机械
601633.SH,长城汽车,长城汽车,汽车整车
688372.SH,伟测科技,伟测科技,半导体
688266.SH,泽璟制药,泽璟制药-U,生物制药
002832.SZ,比音勒芬,比音勒芬,服饰
600199.SH,金种子酒,金种子酒,白酒
003000.SZ,劲仔食品,劲仔食品,食品
000001.SZ,平安银行,平安银行,银行
601186.SH,中国铁建,中国铁建,建筑工程
688099.SH,晶晨股份,晶晨股份,半导体
603517.SH,绝味食品,绝味食品,食品
601595.SH,上海电影,上海电影,影视音像
300547.SZ,川环科技,川环科技,汽车配件
000568.SZ,泸州老窖,泸州老窖,白酒
002698.SZ,博实股份,博实股份,化工机械
601238.SH,广汽集团,广汽集团,汽车整车
600301.SH,南化股份,华锡有色,小金属
002088.SZ,鲁阳节能,鲁阳节能,矿物制品
603529.SH,爱玛科技,爱玛科技,摩托车
300700.SZ,岱勒新材,岱勒新材,矿物制品
002129.SZ,TCL中环,TCL中环,电气设备
301386.SZ,未来电器,未来电器,电气设备
688588.SH,凌志软件,凌志软件,软件服务
601658.SH,邮储银行,邮储银行,银行
300130.SZ,新国都,新国都,IT设备
301198.SZ,喜悦智行,喜悦智行,塑料
300750.SZ,宁德时代,宁德时代,电气设备
000739.SZ,普洛药业,普洛药业,化学制药
002701.SZ,奥瑞金,奥瑞金,广告包装
603392.SH,万泰生物,万泰生物,生物制药
601669.SH,中国电建,中国电建,建筑工程
603606.SH,东方电缆,东方电缆,电气设备
300853.SZ,申昊科技,申昊科技,专用机械
001283.SZ,豪鹏科技,豪鹏科技,电气设备
600104.SH,上汽集团,上汽集团,汽车整车
600989.SH,宝丰能源,宝丰能源,化工原料
002387.SZ,维信诺,维信诺,元器件
603220.SH,中贝通信,中贝通信,通信设备
603103.SH,横店影视,横店影视,影视音像
002532.SZ,天山铝业,天山铝业,铝
300354.SZ,东华测试,东华测试,电器仪表
001979.SZ,招商蛇口,招商蛇口,全国地产
001205.SZ,盛航股份,盛航股份,水运
300654.SZ,世纪天鸿,世纪天鸿,出版业
688368.SH,晶丰明源,晶丰明源,半导体
834261.BJ,一诺威,一诺威,化工原料
600211.SH,西藏药业,西藏药业,生物制药
000915.SZ,华特达因,华特达因,化学制药
600433.SH,冠豪高新,冠豪高新,造纸
301071.SZ,力量钻石,力量钻石,矿物制品
601318.SH,中国平安,中国平安,保险
000848.SZ,承德露露,承德露露,软饮料
601933.SH,永辉超市,永辉超市,超市连锁
000426.SZ,兴业矿业,兴业银锡,铅锌
000999.SZ,华润三九,华润三九,中成药
300903.SZ,科翔股份,科翔股份,元器件
603039.SH,ST泛微,泛微网络,软件服务
688376.SH,美埃科技,美埃科技,专用机械
601808.SH,中海油服,中海油服,石油开采
600528.SH,中铁工业,中铁工业,运输设备
600859.SH,王府井,王府井,百货
688722.SH,同益中,同益中,化纤
301018.SZ,申菱环境,申菱环境,专用机械
601728.SH,中国电信,中国电信,电信运营
603596.SH,伯特利,伯特利,汽车配件
839792.BJ,东和新材,东和新材,其他建材
600109.SH,国金证券,国金证券,证券
603209.SH,兴通股份,兴通股份,水运
600496.SH,精工钢构,精工钢构,钢加工
603179.SH,新泉股份,新泉股份,汽车配件
301179.SZ,泽宇智能,泽宇智能,软件服务
688786.SH,悦安新材,悦安新材,小金属
000893.SZ,亚钾国际,亚钾国际,农药化肥
000066.SZ,中国长城,中国长城,IT设备
002747.SZ,埃斯顿,埃斯顿,机械基件
300887.SZ,谱尼测试,谱尼测试,电器仪表
300614.SZ,百川畅银,百川畅银,环境保护
600875.SH,东方电气,东方电气,电气设备
300567.SZ,精测电子,精测电子,电器仪表
601688.SH,华泰证券,华泰证券,证券
688083.SH,中望软件,中望软件,软件服务
601100.SH,恒立液压,恒立液压,工程机械
603345.SH,安井食品,安井食品,食品
603369.SH,今世缘,今世缘,白酒
603136.SH,天目湖,天目湖,旅游景点
601939.SH,建设银行,建设银行,银行
600522.SH,中天科技,中天科技,通信设备
688621.SH,阳光诺和,阳光诺和,医疗保健
603269.SH,海鸥股份,海鸥股份,机械基件
688521.SH,芯原股份,芯原股份,半导体
603162.SH,海通发展,海通发展,水运
603711.SH,香飘飘,香飘飘,软饮料
300726.SZ,宏达电子,宏达电子,元器件
600963.SH,岳阳林纸,岳阳林纸,造纸
600388.SH,ST龙净,龙净环保,环境保护
000928.SZ,中钢国际,中钢国际,建筑工程
688599.SH,天合光能,天合光能,电气设备
835640.BJ,富士达,富士达,通信设备
605388.SH,均瑶健康,均瑶健康,乳制品
430139.BJ,华岭股份,华岭股份,半导体
603303.SH,得邦照明,得邦照明,家用电器
601155.SH,新城控股,新城控股,区域地产
605098.SH,行动教育,行动教育,文教休闲
603008.SH,喜临门,喜临门,家居用品
301157.SZ,华塑科技,华塑科技,电气设备
600845.SH,宝信软件,宝信软件,软件服务
002203.SZ,海亮股份,海亮股份,铜
301078.SZ,孩子王,孩子王,其他商业
603881.SH,数据港,数据港,软件服务
300378.SZ,鼎捷软件,鼎捷数智,软件服务
002402.SZ,和而泰,和而泰,元器件
002997.SZ,瑞鹄模具,瑞鹄模具,专用机械
301069.SZ,凯盛新材,凯盛新材,化工原料
002915.SZ,中欣氟材,中欣氟材,化工原料
002517.SZ,恺英网络,恺英网络,互联网
603093.SH,南华期货,南华期货,多元金融
600348.SH,华阳股份,华阳股份,煤炭开采
603739.SH,蔚蓝生物,蔚蓝生物,农业综合
603619.SH,中曼石油,中曼石油,石油开采
300623.SZ,捷捷微电,捷捷微电,半导体
600801.SH,华新水泥,华新水泥,水泥
002916.SZ,深南电路,深南电路,元器件
603909.SH,建发合诚,建发合诚,建筑工程
600315.SH,上海家化,上海家化,日用化工
300858.SZ,科拓生物,科拓生物,食品
000933.SZ,神火股份,神火股份,铝
605122.SH,四方新材,四方新材,水泥
688531.SH,日联科技,日联科技,专用机械
000876.SZ,新希望,新希望,饲料
601138.SH,工业富联,工业富联,通信设备
688022.SH,瀚川智能,瀚川智能,专用机械
600976.SH,健民集团,健民集团,中成药
603393.SH,新天然气,新天然气,供气供热
688390.SH,固德威,固德威,电气设备
603186.SH,华正新材,华正新材,元器件
688515.SH,裕太微,裕太微-U,半导体
000408.SZ,藏格矿业,藏格矿业,农药化肥
601872.SH,招商轮船,招商轮船,水运
601888.SH,中国中免,中国中免,旅游服务
300294.SZ,博雅生物,博雅生物,生物制药
603799.SH,华友钴业,华友钴业,小金属
603889.SH,新澳股份,新澳股份,纺织
300973.SZ,立高食品,立高食品,食品
600941.SH,中国移动,中国移动,电信运营
688203.SH,海正生材,海正生材,塑料
605366.SH,宏柏新材,宏柏新材,化工原料
300723.SZ,一品红,一品红,化学制药
600765.SH,中航重机,中航重机,航空
002782.SZ,可立克,可立克,元器件
000921.SZ,海信家电,海信家电,家用电器
600123.SH,兰花科创,兰花科创,煤炭开采
603237.SH,五芳斋,五芳斋,食品
603105.SH,芯能科技,芯能科技,电气设备
002179.SZ,中航光电,中航光电,元器件
600438.SH,通威股份,通威股份,电气设备
301141.SZ,中科磁业,中科磁业,矿物制品
600547.SH,山东黄金,山东黄金,黄金
600705.SH,中航产融,中航产融,多元金融
831961.BJ,创远信科,创远信科,电器仪表
300014.SZ,亿纬锂能,亿纬锂能,电气设备
688018.SH,乐鑫科技,乐鑫科技,半导体
601089.SH,福元医药,福元医药,化学制药
002568.SZ,百润股份,百润股份,红黄酒
600862.SH,中航高科,中航高科,航空
688566.SH,吉贝尔,吉贝尔,化学制药
002223.SZ,鱼跃医疗,鱼跃医疗,医疗保健
003816.SZ,中国广核,中国广核,新型电力
600699.SH,均胜电子,均胜电子,汽车配件
002123.SZ,梦网科技,梦网科技,互联网
603272.SH,联翔股份,联翔股份,家居用品
600660.SH,福耀玻璃,福耀玻璃,汽车配件
831152.BJ,昆工科技,昆工科技,小金属
603800.SH,道森股份,洪田股份,专用机械
600566.SH,济川药业,济川药业,中成药
603056.SH,德邦股份,德邦股份,仓储物流
600038.SH,中直股份,中直股份,航空
301203.SZ,国泰环保,国泰环保,环境保护
002236.SZ,大华股份,大华股份,IT设备
000028.SZ,国药一致,国药一致,医药商业
001255.SZ,博菲电气,博菲电气,新型电力
002034.SZ,旺能环境,旺能环境,环境保护
688343.SH,云天励飞,云天励飞-U,软件服务
300760.SZ,迈瑞医疗,迈瑞医疗,医疗保健
688586.SH,江航装备,江航装备,航空
601825.SH,沪农商行,沪农商行,银行
000860.SZ,顺鑫农业,顺鑫农业,白酒
834033.BJ,康普化学,康普化学,化工原料
603983.SH,丸美股份,丸美生物,日用化工
688508.SH,芯朋微,芯朋微,半导体
002865.SZ,钧达股份,钧达股份,电气设备
600372.SH,中航电子,中航机载,航空
603589.SH,口子窖,口子窖,白酒
688535.SH,华海诚科,华海诚科,半导体
300059.SZ,东方财富,东方财富,证券
601500.SH,通用股份,通用股份,汽车配件
002419.SZ,天虹股份,天虹股份,百货
002773.SZ,康弘药业,康弘药业,化学制药
688484.SH,南芯科技,南芯科技,半导体
001914.SZ,招商积余,招商积余,房产服务
603180.SH,金牌厨柜,金牌家居,家居用品
301281.SZ,科源制药,科源制药,化学制药
603995.SH,甬金股份,甬金股份,特种钢
001287.SZ,中电港,中电港,元器件
605016.SH,百龙创园,百龙创园,食品
603259.SH,药明康德,药明康德,化学制药
834062.BJ,科润智控,科润智控,电气设备
001367.SZ,海森药业,海森药业,化学制药
688195.SH,腾景科技,腾景科技,元器件
688047.SH,龙芯中科,龙芯中科,半导体
688301.SH,奕瑞科技,奕瑞科技,医疗保健
600316.SH,洪都航空,洪都航空,航空
600486.SH,扬农化工,扬农化工,农药化肥
688569.SH,铁科轨道,铁科轨道,运输设备
000603.SZ,盛达资源,盛达资源,铅锌
605088.SH,冠盛股份,冠盛股份,汽车配件
605111.SH,新洁能,新洁能,半导体
300491.SZ,通合科技,通合科技,电气设备
688323.SH,瑞华泰,瑞华泰,塑料
002840.SZ,华统股份,华统股份,食品
301153.SZ,中科江南,中科江南,软件服务
002233.SZ,塔牌集团,塔牌集团,水泥
605339.SH,南侨食品,南侨食品,食品
000937.SZ,冀中能源,冀中能源,煤炭开采
300748.SZ,金力永磁,金力永磁,矿物制品
002777.SZ,久远银海,久远银海,软件服务
000708.SZ,中信特钢,中信特钢,特种钢
600572.SH,康恩贝,康恩贝,中成药
002080.SZ,中材科技,中材科技,玻璃
600487.SH,亨通光电,亨通光电,通信设备
600507.SH,方大特钢,方大特钢,特种钢
600479.SH,千金药业,千金药业,中成药
603993.SH,洛阳钼业,洛阳钼业,小金属
600756.SH,浪潮软件,浪潮软件,软件服务
600028.SH,中国石化,中国石化,石油加工
688133.SH,泰坦科技,泰坦科技,化工原料
001328.SZ,登康口腔,登康口腔,日用化工
688303.SH,大全能源,大全能源,电气设备
300693.SZ,盛弘股份,盛弘股份,电气设备
603055.SH,台华新材,台华新材,纺织
603125.SH,常青科技,常青科技,化工原料
688568.SH,中科星图,中科星图,软件服务
600872.SH,中炬高新,中炬高新,食品
300146.SZ,汤臣倍健,汤臣倍健,食品
600195.SH,中牧股份,中牧股份,农业综合
300682.SZ,朗新科技,朗新集团,软件服务
002756.SZ,永兴材料,永兴材料,小金属
601882.SH,海天精工,海天精工,机床制造
603135.SH,中重科技,中重科技,专用机械
688290.SH,景业智能,景业智能,专用机械
688248.SH,南网科技,南网科技,电气设备
601061.SH,中信金属,中信金属,商贸代理
300226.SZ,上海钢联,上海钢联,互联网
603283.SH,赛腾股份,赛腾股份,专用机械
300122.SZ,智飞生物,智飞生物,生物制药
600583.SH,海油工程,海油工程,石油开采
600312.SH,平高电气,平高电气,电气设备
002283.SZ,天润工业,天润工业,汽车配件
301302.SZ,华如科技,华如科技,软件服务
000661.SZ,长春高新,长春高新,生物制药
002035.SZ,华帝股份,华帝股份,家用电器
603558.SH,健盛集团,健盛集团,纺织
688686.SH,奥普特,奥普特,电器仪表
600478.SH,科力远,科力远,电气设备
000552.SZ,靖远煤电,甘肃能化,煤炭开采
603306.SH,华懋科技,华懋科技,汽车配件
600325.SH,华发股份,华发股份,区域地产
601689.SH,拓普集团,拓普集团,汽车配件
600388.SH,龙净环保,龙净环保,环境保护
600702.SH,舍得酒业,舍得酒业,白酒
000553.SZ,安道麦A,安道麦A,农药化肥
603377.SH,东方时尚,ST东时,汽车服务
601065.SH,江盐集团,江盐集团,化工原料
003038.SZ,鑫铂股份,鑫铂股份,铝
001286.SZ,陕西能源,陕西能源,火力发电
600515.SH,海南机场,海南机场,机场
000807.SZ,云铝股份,云铝股份,铝
002985.SZ,北摩高科,北摩高科,航空
601133.SH,柏诚股份,柏诚股份,建筑工程
600011.SH,华能国际,华能国际,火力发电
688601.SH,力芯微,力芯微,半导体
001360.SZ,南矿集团,南矿集团,工程机械
603215.SH,比依股份,比依股份,家用电器
600141.SH,兴发集团,兴发集团,农药化肥
603876.SH,鼎胜新材,鼎胜新材,铝
002318.SZ,久立特材,久立特材,特种钢
688041.SH,海光信息,海光信息,半导体
002003.SZ,伟星股份,伟星股份,服饰
603713.SH,密尔克卫,密尔克卫,仓储物流
300087.SZ,荃银高科,荃银高科,种植业
601668.SH,中国建筑,中国建筑,建筑工程
002273.SZ,水晶光电,水晶光电,元器件
600900.SH,长江电力,长江电力,水力发电
000429.SZ,粤高速A,粤高速A,路桥
600597.SH,光明乳业,光明乳业,乳制品
000786.SZ,北新建材,北新建材,其他建材
600755.SH,厦门国贸,厦门国贸,仓储物流
301308.SZ,江波龙,江波龙,半导体
600882.SH,妙可蓝多,妙可蓝多,乳制品
688677.SH,海泰新光,海泰新光,医疗保健
002046.SZ,国机精工,国机精工,机械基件
688439.SH,振华风光,振华风光,元器件
601456.SH,国联证券,国联民生,证券
002648.SZ,卫星化学,卫星化学,化工原料
001339.SZ,智微智能,智微智能,IT设备
600511.SH,国药股份,国药股份,医药商业
688520.SH,神州细胞,神州细胞-U,生物制药
000403.SZ,派林生物,派林生物,生物制药
603219.SH,富佳股份,富佳股份,家用电器
600157.SH,永泰能源,永泰能源,火力发电
000877.SZ,天山股份,天山股份,水泥
002121.SZ,科陆电子,科陆电子,电器仪表
688579.SH,山大地纬,山大地纬,软件服务
300119.SZ,瑞普生物,瑞普生物,农业综合
600600.SH,青岛啤酒,青岛啤酒,啤酒
000543.SZ,皖能电力,皖能电力,火力发电
603688.SH,石英股份,石英股份,矿物制品
603919.SH,金徽酒,金徽酒,白酒
838670.BJ,恒进感应,恒进感应,机床制造
301193.SZ,家联科技,家联科技,家居用品
300490.SZ,华自科技,华自科技,专用机械
000852.SZ,石化机械,石化机械,化工机械
600332.SH,白云山,白云山,中成药
002085.SZ,万丰奥威,万丰奥威,汽车配件
600720.SH,祁连山,中交设计,建筑工程
605499.SH,东鹏饮料,东鹏饮料,软饮料
600933.SH,爱柯迪,爱柯迪,汽车配件
300054.SZ,鼎龙股份,鼎龙股份,化工原料
301030.SZ,仕净科技,仕净科技,环境保护
603719.SH,良品铺子,良品铺子,食品
300364.SZ,中文在线,中文在线,出版业
603019.SH,中科曙光,中科曙光,IT设备
601998.SH,中信银行,中信银行,银行
601128.SH,常熟银行,常熟银行,银行
001215.SZ,千味央厨,千味央厨,食品
300830.SZ,金现代,金现代,软件服务
600970.SH,中材国际,中材国际,建筑工程
603866.SH,桃李面包,桃李面包,食品
831195.BJ,三祥科技,三祥科技,汽车配件
002803.SZ,吉宏股份,吉宏股份,互联网
688385.SH,复旦微电,复旦微电,半导体
688475.SH,萤石网络,萤石网络,IT设备
601898.SH,中煤能源,中煤能源,煤炭开采
601231.SH,环旭电子,环旭电子,元器件
600688.SH,上海石化,上海石化,石油加工
002610.SZ,爱康科技,,
603758.SH,秦安股份,秦安股份,汽车配件
600729.SH,重庆百货,重庆百货,百货
002027.SZ,分众传媒,分众传媒,广告包装
000932.SZ,华菱钢铁,华菱钢铁,普钢
600079.SH,人福医药,人福医药,化学制药
002056.SZ,横店东磁,横店东磁,电气设备
301095.SZ,广立微,广立微,半导体
002738.SZ,中矿资源,中矿资源,小金属
600519.SH,贵州茅台,贵州茅台,白酒
603127.SH,昭衍新药,昭衍新药,医疗保健
301155.SZ,海力风电,海力风电,电气设备
002345.SZ,潮宏基,潮宏基,服饰
002438.SZ,江苏神通,江苏神通,机械基件
002466.SZ,天齐锂业,天齐锂业,小金属
300999.SZ,金龙鱼,金龙鱼,食品
002805.SZ,丰元股份,丰元股份,电气设备
300673.SZ,佩蒂股份,佩蒂股份,饲料
601319.SH,中国人保,中国人保,保险
600188.SH,兖矿能源,兖矿能源,煤炭开采
688302.SH,海创药业,海创药业-U,生物制药
600655.SH,豫园股份,豫园股份,百货
300453.SZ,三鑫医疗,三鑫医疗,医疗保健
002507.SZ,涪陵榨菜,涪陵榨菜,食品
003006.SZ,百亚股份,百亚股份,造纸
002304.SZ,洋河股份,洋河股份,白酒
002407.SZ,多氟多,多氟多,化工原料
830946.BJ,森萱医药,森萱医药,化学制药
601339.SH,百隆东方,百隆东方,纺织
601088.SH,中国神华,中国神华,煤炭开采
600588.SH,用友网络,用友网络,软件服务
300332.SZ,天壕环境,天壕能源,供气供热
605567.SH,春雪食品,春雪食品,食品
836720.BJ,吉冈精密,吉冈精密,机械基件
300548.SZ,博创科技,博创科技,通信设备
688314.SH,康拓医疗,康拓医疗,医疗保健
688159.SH,有方科技,有方科技,通信设备
000409.SZ,云鼎科技,云鼎科技,软件服务
300759.SZ,康龙化成,康龙化成,化学制药
688687.SH,凯因科技,凯因科技,生物制药
300019.SZ,硅宝科技,硅宝科技,化工原料
001322.SZ,箭牌家居,箭牌家居,家居用品
603956.SH,威派格,威派格,专用机械
600956.SH,新天绿能,新天绿能,供气供热
002463.SZ,沪电股份,沪电股份,元器件
838402.BJ,硅烷科技,硅烷科技,化工原料
002352.SZ,顺丰控股,顺丰控股,仓储物流
300589.SZ,江龙船艇,江龙船艇,船舶
688698.SH,伟创电气,伟创电气,电气设备
600054.SH,黄山旅游,黄山旅游,旅游景点
600063.SH,皖维高新,皖维高新,化纤
600535.SH,天士力,天士力,中成药
300045.SZ,华力创通,华力创通,IT设备
601168.SH,西部矿业,西部矿业,铜
600750.SH,江中药业,江中药业,中成药
600276.SH,恒瑞医药,恒瑞医药,化学制药
003020.SZ,立方制药,立方制药,化学制药
600803.SH,新奥股份,新奥股份,供气供热
688353.SH,华盛锂电,华盛锂电,化工原料
002930.SZ,宏川智慧,宏川智慧,仓储物流
603348.SH,文灿股份,文灿股份,汽车配件
830879.BJ,基康仪器,基康仪器,电器仪表
600548.SH,深高速,深高速,路桥
300363.SZ,博腾股份,博腾股份,化学制药
301377.SZ,鼎泰高科,鼎泰高科,机械基件
600489.SH,中金黄金,中金黄金,黄金
601121.SH,宝地矿业,宝地矿业,普钢
600036.SH,招商银行,招商银行,银行
688322.SH,奥比中光,奥比中光-UW,元器件
688366.SH,昊海生科,昊海生科,医疗保健
839273.BJ,一致魔芋,一致魔芋,食品
000060.SZ,中金岭南,中金岭南,铅锌
000799.SZ,酒鬼酒,酒鬼酒,白酒
002243.SZ,力合科创,力合科创,广告包装
002531.SZ,天顺风能,天顺风能,电气设备
600150.SH,中国船舶,中国船舶,船舶
688098.SH,申联生物,申联生物,农业综合
000423.SZ,东阿阿胶,东阿阿胶,中成药
600398.SH,海澜之家,海澜之家,服饰
601975.SH,招商南油,招商南油,水运
002839.SZ,张家港行,张家港行,银行
002876.SZ,三利谱,三利谱,元器件
301168.SZ,通灵股份,通灵股份,电气设备
000910.SZ,大亚圣象,大亚圣象,家居用品
601865.SH,福莱特,福莱特,玻璃
002975.SZ,博杰股份,博杰股份,专用机械
600999.SH,招商证券,招商证券,证券
002151.SZ,北斗星通,北斗星通,通信设备
688433.SH,华曙高科,华曙高科,专用机械
603005.SH,晶方科技,晶方科技,半导体
300274.SZ,阳光电源,阳光电源,电气设备
600827.SH,百联股份,百联股份,超市连锁
002478.SZ,常宝股份,常宝股份,钢加工
000728.SZ,国元证券,国元证券,证券
002873.SZ,新天药业,新天药业,中成药
603357.SH,设计总院,设计总院,建筑工程
601916.SH,浙商银行,浙商银行,银行
300009.SZ,安科生物,安科生物,生物制药
002465.SZ,海格通信,海格通信,通信设备
002398.SZ,垒知集团,垒知集团,其他建材
300894.SZ,火星人,火星人,家用电器
002807.SZ,江阴银行,江阴银行,银行
300638.SZ,广和通,广和通,通信设备
002493.SZ,荣盛石化,荣盛石化,化纤
600585.SH,海螺水泥,海螺水泥,水泥
002185.SZ,华天科技,华天科技,半导体
600449.SH,宁夏建材,宁夏建材,水泥
300037.SZ,新宙邦,新宙邦,化工原料
301429.SZ,森泰股份,森泰股份,其他建材
603255.SH,鼎际得,鼎际得,化工原料
301035.SZ,润丰股份,润丰股份,农药化肥
300602.SZ,飞荣达,飞荣达,元器件
605168.SH,三人行,三人行,互联网
603659.SH,璞泰来,璞泰来,化工原料
600085.SH,同仁堂,同仁堂,中成药
600546.SH,山煤国际,山煤国际,煤炭开采
601628.SH,中国人寿,中国人寿,保险
000738.SZ,航发控制,航发控制,航空
603701.SH,德宏股份,德宏股份,汽车配件
002166.SZ,莱茵生物,莱茵生物,中成药
001270.SZ,铖昌科技,铖昌科技,半导体
601528.SH,瑞丰银行,瑞丰银行,银行
300347.SZ,泰格医药,泰格医药,医疗保健
301387.SZ,光大同创,光大同创,元器件
600029.SH,南方航空,南方航空,空运
600377.SH,宁沪高速,宁沪高速,路桥
601991.SH,大唐发电,大唐发电,火力发电
603368.SH,柳药集团,柳药集团,医药商业
600754.SH,锦江酒店,锦江酒店,酒店餐饮
002439.SZ,启明星辰,启明星辰,软件服务
301357.SZ,北方长龙,北方长龙,专用机械
603137.SH,恒尚节能,恒尚节能,装修装饰
688139.SH,海尔生物,海尔生物,医疗保健
603208.SH,江山欧派,江山欧派,家居用品
603191.SH,望变电气,望变电气,电气设备
002960.SZ,青鸟消防,青鸟消防,专用机械
601969.SH,海南矿业,海南矿业,普钢
300986.SZ,志特新材,志特新材,建筑工程
002385.SZ,大北农,大北农,饲料
002392.SZ,北京利尔,北京利尔,其他建材
000401.SZ,冀东水泥,冀东水泥,水泥
002968.SZ,新大正,新大正,房产服务
600016.SH,民生银行,民生银行,银行
603035.SH,常熟汽饰,常熟汽饰,汽车配件
873593.BJ,鼎智科技,鼎智科技,机械基件
300206.SZ,理邦仪器,理邦仪器,医疗保健
688351.SH,微电生理,微电生理-U,医疗保健
600171.SH,上海贝岭,上海贝岭,半导体
002287.SZ,奇正藏药,奇正藏药,中成药
688489.SH,三未信安,三未信安,IT设备
300553.SZ,集智股份,集智股份,电器仪表
002765.SZ,蓝黛科技,蓝黛科技,元器件
603678.SH,火炬电子,火炬电子,元器件
600196.SH,复星医药,复星医药,化学制药
603358.SH,华达科技,华达科技,汽车配件
603886.SH,元祖股份,元祖股份,食品
600985.SH,淮北矿业,淮北矿业,煤炭开采
605099.SH,共创草坪,共创草坪,文教休闲
600995.SH,南网储能,南网储能,水力发电
301096.SZ,百诚医药,百诚医药,医疗保健
002299.SZ,圣农发展,圣农发展,农业综合
002472.SZ,双环传动,双环传动,汽车配件
600559.SH,老白干酒,老白干酒,白酒
300474.SZ,景嘉微,景嘉微,元器件
605266.SH,健之佳,健之佳,医药商业
688507.SH,索辰科技,索辰科技,软件服务
603477.SH,巨星农牧,巨星农牧,农业综合
002461.SZ,珠江啤酒,珠江啤酒,啤酒
688352.SH,颀中科技,颀中科技,半导体
300327.SZ,中颖电子,中颖电子,半导体
002156.SZ,通富微电,通富微电,半导体
836208.BJ,青矩技术,青矩技术,建筑工程
600598.SH,北大荒,北大荒,种植业
000895.SZ,双汇发展,双汇发展,食品
601615.SH,明阳智能,明阳智能,电气设备
002060.SZ,粤水电,广东建工,建筑工程
600502.SH,安徽建工,安徽建工,建筑工程
002978.SZ,安宁股份,安宁股份,小金属
002506.SZ,协鑫集成,协鑫集成,电气设备
603707.SH,健友股份,健友股份,生物制药
300575.SZ,中旗股份,中旗股份,农药化肥
001223.SZ,欧克科技,欧克科技,专用机械
301367.SZ,怡和嘉业,怡和嘉业,医疗保健
000629.SZ,钒钛股份,钒钛股份,小金属
603225.SH,新凤鸣,新凤鸣,化纤
002460.SZ,赣锋锂业,赣锋锂业,小金属
600876.SH,凯盛新能,凯盛新能,玻璃
300824.SZ,北鼎股份,北鼎股份,家用电器
001289.SZ,龙源电力,龙源电力,新型电力
601015.SH,陕西黑猫,陕西黑猫,焦炭加工
688293.SH,奥浦迈,奥浦迈,生物制药
688733.SH,壹石通,壹石通,矿物制品
600908.SH,无锡银行,无锡银行,银行
600282.SH,南钢股份,南钢股份,普钢
002484.SZ,江海股份,江海股份,元器件
002920.SZ,德赛西威,德赛西威,汽车配件
003022.SZ,联泓新科,联泓新科,化工原料
601038.SH,一拖股份,一拖股份,农用机械
601886.SH,江河集团,江河集团,装修装饰
301236.SZ,软通动力,软通动力,软件服务
688539.SH,高华科技,高华科技,电器仪表
601857.SH,中国石油,中国石油,石油开采
300143.SZ,盈康生命,盈康生命,医疗保健
300925.SZ,法本信息,法本信息,软件服务
002389.SZ,航天彩虹,航天彩虹,航空
603267.SH,鸿远电子,鸿远电子,元器件
688009.SH,中国通号,中国通号,运输设备
001206.SZ,依依股份,依依股份,造纸
603733.SH,仙鹤股份,仙鹤股份,造纸
601208.SH,东材科技,东材科技,化工原料
601618.SH,中国中冶,中国中冶,建筑工程
002234.SZ,民和股份,民和股份,农业综合
002801.SZ,微光股份,微光股份,电气设备
002049.SZ,紫光国微,紫光国微,半导体
003021.SZ,兆威机电,兆威机电,元器件
688016.SH,心脉医疗,心脉医疗,医疗保健
688156.SH,路德环境,路德环境,饲料
300841.SZ,康华生物,康华生物,生物制药
301047.SZ,义翘神州,义翘神州,生物制药
601211.SH,国泰君安,国泰君安,证券
001311.SZ,多利科技,多利科技,汽车配件
003028.SZ,振邦智能,振邦智能,元器件
002039.SZ,黔源电力,黔源电力,水力发电
688386.SH,泛亚微透,泛亚微透,化工原料
688777.SH,中控技术,中控技术,专用机械
301029.SZ,怡合达,怡合达,专用机械
601360.SH,三六零,三六零,互联网
600299.SH,安迪苏,安迪苏,饲料
000970.SZ,中科三环,中科三环,矿物制品
300314.SZ,戴维医疗,戴维医疗,医疗保健
603697.SH,有友食品,有友食品,食品
603722.SH,阿科力,阿科力,化工原料
600584.SH,长电科技,长电科技,半导体
301031.SZ,中熔电气,中熔电气,电气设备
301162.SZ,国能日新,国能日新,软件服务
603300.SH,华铁应急,海南华铁,多元金融
600223.SH,鲁商发展,福瑞达,日用化工
002020.SZ,京新药业,京新药业,化学制药
600153.SH,建发股份,建发股份,仓储物流
002401.SZ,中远海科,中远海科,软件服务
603258.SH,电魂网络,电魂网络,互联网
601827.SH,三峰环境,三峰环境,环境保护
600436.SH,片仔癀,片仔癀,中成药
000737.SZ,北方铜业,北方铜业,铜
600363.SH,联创光电,联创光电,元器件
601336.SH,新华保险,新华保险,保险
300570.SZ,太辰光,太辰光,通信设备
688157.SH,松井股份,松井股份,染料涂料
601988.SH,中国银行,中国银行,银行
688278.SH,特宝生物,特宝生物,生物制药
300482.SZ,万孚生物,万孚生物,医疗保健
600690.SH,海尔智家,海尔智家,家用电器
300835.SZ,龙磁科技,龙磁科技,矿物制品
301268.SZ,铭利达,铭利达,机械基件
688660.SH,电气风电,电气风电,电气设备
601799.SH,星宇股份,星宇股份,汽车配件
603896.SH,寿仙谷,寿仙谷,中成药
601111.SH,中国国航,中国国航,空运
000538.SZ,云南白药,云南白药,中成药
600602.SH,云赛智联,云赛智联,软件服务
000938.SZ,紫光股份,紫光股份,IT设备
600030.SH,中信证券,中信证券,证券
601328.SH,交通银行,交通银行,银行
600958.SH,东方证券,东方证券,证券
601398.SH,工商银行,工商银行,银行
603658.SH,安图生物,安图生物,医疗保健
300529.SZ,健帆生物,健帆生物,医疗保健
688066.SH,航天宏图,航天宏图,软件服务
000089.SZ,深圳机场,深圳机场,机场
688373.SH,盟科药业,盟科药业-U,化学制药
002430.SZ,杭氧股份,杭氧股份,化工机械
300373.SZ,扬杰科技,扬杰科技,半导体
000963.SZ,华东医药,华东医药,化学制药
002918.SZ,蒙娜丽莎,蒙娜丽莎,陶瓷
300795.SZ,米奥会展,米奥会展,文教休闲
688276.SH,百克生物,百克生物,生物制药
002032.SZ,苏泊尔,苏泊尔,家用电器
603444.SH,吉比特,吉比特,互联网
001269.SZ,欧晶科技,欧晶科技,矿物制品
603687.SH,大胜达,大胜达,广告包装
601878.SH,浙商证券,浙商证券,证券
300993.SZ,玉马遮阳,玉马科技,家居用品
300788.SZ,中信出版,中信出版,出版业
301360.SZ,荣旗科技,荣旗科技,专用机械
600026.SH,中远海能,中远海能,水运
002294.SZ,信立泰,信立泰,化学制药
601126.SH,四方股份,四方股份,电气设备
601166.SH,兴业银行,兴业银行,银行
600415.SH,小商品城,小商品城,商品城
688180.SH,君实生物,君实生物-U,生物制药
603938.SH,三孚股份,三孚股份,化工原料
000157.SZ,中联重科,中联重科,工程机械
600129.SH,太极集团,太极集团,中成药
600258.SH,首旅酒店,首旅酒店,酒店餐饮
002961.SZ,瑞达期货,瑞达期货,多元金融
688318.SH,财富趋势,财富趋势,软件服务
002155.SZ,湖南黄金,湖南黄金,黄金
601288.SH,农业银行,农业银行,银行
002245.SZ,蔚蓝锂芯,蔚蓝锂芯,电气设备
300674.SZ,宇信科技,宇信科技,软件服务
000792.SZ,盐湖股份,盐湖股份,农药化肥
002690.SZ,美亚光电,美亚光电,专用机械
000555.SZ,神州信息,神州信息,软件服务
600419.SH,天润乳业,天润乳业,乳制品
002821.SZ,凯莱英,凯莱英,生物制药
600570.SH,恒生电子,恒生电子,软件服务
002658.SZ,雪迪龙,雪迪龙,环境保护
600115.SH,中国东航,中国东航,空运
600885.SH,宏发股份,宏发股份,电气设备
002732.SZ,燕塘乳业,燕塘乳业,乳制品
603998.SH,方盛制药,方盛制药,中成药
301307.SZ,美利信,美利信,通信设备
600893.SH,航发动力,航发动力,航空
000513.SZ,丽珠集团,丽珠集团,化学制药
300595.SZ,欧普康视,欧普康视,医疗保健
000524.SZ,岭南控股,岭南控股,旅游服务
688333.SH,铂力特,铂力特,机械基件
601330.SH,绿色动力,绿色动力,环境保护
002967.SZ,广电计量,广电计量,电器仪表
688146.SH,中船特气,中船特气,半导体
600021.SH,上海电力,上海电力,火力发电
300571.SZ,平治信息,平治信息,互联网
600138.SH,中青旅,中青旅,旅游景点
601995.SH,中金公司,中金公司,证券
600629.SH,华建集团,华建集团,建筑工程
830896.BJ,旺成科技,旺成科技,汽车配件
688478.SH,晶升股份,晶升股份,半导体
605300.SH,佳禾食品,佳禾食品,乳制品
688268.SH,华特气体,华特气体,化工原料
600350.SH,山东高速,山东高速,路桥
603067.SH,振华股份,振华股份,化工原料
002541.SZ,鸿路钢构,鸿路钢构,钢加工
600563.SH,法拉电子,法拉电子,元器件
601390.SH,中国中铁,中国中铁,建筑工程
688981.SH,中芯国际,中芯国际,半导体
002996.SZ,顺博合金,顺博合金,铝
603556.SH,海兴电力,海兴电力,电器仪表
600362.SH,江西铜业,江西铜业,铜
003030.SZ,祖名股份,祖名股份,食品
603885.SH,吉祥航空,吉祥航空,空运
002436.SZ,兴森科技,兴森科技,元器件
605399.SH,晨光新材,晨光新材,化工原料
688772.SH,珠海冠宇,珠海冠宇,电气设备
300457.SZ,赢合科技,赢合科技,专用机械
603222.SH,济民医疗,济民健康,医疗保健
601869.SH,长飞光纤,长飞光纤,通信设备
000155.SZ,川能动力,川能动力,新型电力
002533.SZ,金杯电工,金杯电工,电气设备
002140.SZ,东华科技,东华科技,建筑工程
003040.SZ,楚天龙,楚天龙,通信设备
002706.SZ,良信股份,良信股份,电气设备
688617.SH,惠泰医疗,惠泰医疗,医疗保健
601058.SH,赛轮轮胎,赛轮轮胎,汽车配件
601828.SH,美凯龙,美凯龙,其他商业
603609.SH,禾丰股份,禾丰股份,饲料
600814.SH,杭州解百,杭州解百,百货
601868.SH,中国能建,中国能建,建筑工程
000338.SZ,潍柴动力,潍柴动力,汽车配件
688190.SH,云路股份,云路股份,矿物制品
002242.SZ,九阳股份,九阳股份,家用电器
000539.SZ,粤电力A,粤电力A,火力发电
002206.SZ,海利得,海利得,化纤
601919.SH,中远海控,中远海控,水运
601966.SH,玲珑轮胎,玲珑轮胎,汽车配件
688161.SH,威高骨科,威高骨科,医疗保健
600821.SH,金开新能,金开新能,新型电力
601607.SH,上海医药,上海医药,医药商业
300667.SZ,必创科技,必创科技,电器仪表
600118.SH,中国卫星,中国卫星,航空
002938.SZ,鹏鼎控股,鹏鼎控股,元器件
300769.SZ,德方纳米,德方纳米,化工原料
300850.SZ,新强联,新强联,机械基件
301052.SZ,果麦文化,果麦文化,出版业
600031.SH,三一重工,三一重工,工程机械
000800.SZ,一汽解放,一汽解放,汽车整车
002913.SZ,奥士康,奥士康,元器件
300298.SZ,三诺生物,三诺生物,医疗保健
002530.SZ,金财互联,金财互联,专用机械
002202.SZ,金风科技,金风科技,电气设备
603712.SH,七一二,七一二,通信设备
000596.SZ,古井贡酒,古井贡酒,白酒
688619.SH,罗普特,罗普特,软件服务
300188.SZ,美亚柏科,国投智能,软件服务
002641.SZ,公元股份,公元股份,塑料
600060.SH,海信视像,海信视像,家用电器
600977.SH,中国电影,中国电影,影视音像
600879.SH,航天电子,航天电子,航空
688269.SH,凯立新材,凯立新材,化工原料
601965.SH,中国汽研,中国汽研,汽车服务
301188.SZ,力诺特玻,力诺药包,玻璃
002563.SZ,森马服饰,森马服饰,服饰
002895.SZ,川恒股份,川恒股份,化工原料
002818.SZ,富森美,富森美,其他商业
601881.SH,中国银河,中国银河,证券
600837.SH,海通证券,海通证券,证券
300092.SZ,科新机电,科新机电,专用机械
000034.SZ,神州数码,神州数码,软件服务
688486.SH,龙迅股份,龙迅股份,半导体
002837.SZ,英维克,英维克,专用机械
000683.SZ,远兴能源,远兴能源,化工原料
600925.SH,苏能股份,苏能股份,煤炭开采
603151.SH,邦基科技,邦基科技,饲料
300938.SZ,信测标准,信测标准,电器仪表
600012.SH,皖通高速,皖通高速,路桥
002995.SZ,天地在线,天地在线,互联网
601028.SH,玉龙股份,玉龙股份,黄金
300296.SZ,利亚德,利亚德,元器件
603197.SH,保隆科技,保隆科技,汽车配件
688213.SH,思特威,思特威-W,半导体
688410.SH,山外山,山外山,医疗保健
000960.SZ,锡业股份,锡业股份,小金属
688700.SH,东威科技,东威科技,专用机械
605020.SH,永和股份,永和股份,化工原料
601007.SH,金陵饭店,金陵饭店,酒店餐饮
605167.SH,利柏特,利柏特,建筑工程
300007.SZ,汉威科技,汉威科技,电器仪表
002335.SZ,科华数据,科华数据,电气设备
300559.SZ,佳发教育,佳发教育,软件服务
688356.SH,键凯科技,键凯科技,化学制药
300223.SZ,北京君正,北京君正,半导体
300105.SZ,龙源技术,龙源技术,电器仪表
000821.SZ,京山轻机,京山轻机,电气设备
002434.SZ,万里扬,万里扬,汽车配件
001965.SZ,招商公路,招商公路,路桥
300953.SZ,震裕科技,震裕科技,电气设备
603538.SH,美诺华,美诺华,化学制药
300217.SZ,东方电热,东方电热,家用电器
601375.SH,中原证券,中原证券,证券
600582.SH,天地科技,天地科技,专用机械
002483.SZ,润邦股份,润邦股份,专用机械
002149.SZ,西部材料,西部材料,小金属
601598.SH,中国外运,中国外运,仓储物流
300291.SZ,百纳千成,百纳千成,影视音像
688252.SH,天德钰,天德钰,半导体
002368.SZ,太极股份,太极股份,软件服务
002033.SZ,丽江股份,丽江股份,旅游景点
300398.SZ,飞凯材料,飞凯材料,化工原料
002142.SZ,宁波银行,宁波银行,银行
002518.SZ,科士达,科士达,电气设备
600391.SH,航发科技,航发科技,航空
603158.SH,腾龙股份,腾龙股份,汽车配件
601666.SH,平煤股份,平煤股份,煤炭开采
003012.SZ,东鹏控股,东鹏控股,陶瓷
002583.SZ,海能达,海能达,通信设备
600909.SH,华安证券,华安证券,证券
002599.SZ,盛通股份,盛通股份,广告包装
603878.SH,武进不锈,武进不锈,钢加工
300127.SZ,银河磁体,银河磁体,矿物制品
601066.SH,中信建投,中信建投,证券
600323.SH,瀚蓝环境,瀚蓝环境,环境保护
300133.SZ,华策影视,华策影视,影视音像
600207.SH,安彩高科,安彩高科,电气设备
001872.SZ,招商港口,招商港口,港口
301312.SZ,智立方,智立方,专用机械
688150.SH,莱特光电,莱特光电,元器件
300870.SZ,欧陆通,欧陆通,电气设备
688221.SH,前沿生物,前沿生物-U,生物制药
300339.SZ,润和软件,润和软件,软件服务
300596.SZ,利安隆,利安隆,化工原料
603128.SH,华贸物流,华贸物流,仓储物流
002292.SZ,奥飞娱乐,奥飞娱乐,影视音像
603690.SH,至纯科技,至纯科技,半导体
688115.SH,思林杰,思林杰,电器仪表
300676.SZ,华大基因,华大基因,医疗保健
603290.SH,斯达半导,斯达半导,半导体
300353.SZ,东土科技,东土科技,通信设备
605133.SH,嵘泰股份,嵘泰股份,汽车配件
600817.SH,宇通重工,宇通重工,专用机械
003031.SZ,中瓷电子,中瓷电子,元器件
300592.SZ,华凯易佰,华凯易佰,互联网
603027.SH,千禾味业,千禾味业,食品
601766.SH,中国中车,中国中车,运输设备
002624.SZ,完美世界,完美世界,互联网
002302.SZ,西部建设,西部建设,水泥
002182.SZ,云海金属,宝武镁业,小金属
002180.SZ,纳思达,纳思达,IT设备
300435.SZ,中泰股份,中泰股份,供气供热
688206.SH,概伦电子,概伦电子,半导体
600665.SH,天地源,天地源,全国地产
002605.SZ,姚记科技,姚记科技,互联网
300827.SZ,上能电气,上能电气,电气设备
688010.SH,福光股份,福光股份,元器件
605136.SH,丽人丽妆,丽人丽妆,其他商业
002539.SZ,云图控股,云图控股,农药化肥
839725.BJ,惠丰钻石,惠丰钻石,矿物制品
600674.SH,川投能源,川投能源,水力发电
002948.SZ,青岛银行,青岛银行,银行
301102.SZ,兆讯传媒,兆讯传媒,广告包装
688158.SH,优刻得,优刻得-W,软件服务
603833.SH,欧派家居,欧派家居,家居用品
603501.SH,韦尔股份,韦尔股份,半导体
600361.SH,创新新材,创新新材,铝
003029.SZ,吉大正元,吉大正元,软件服务
688050.SH,爱博医疗,爱博医疗,医疗保健
301326.SZ,捷邦科技,捷邦科技,元器件
603063.SH,禾望电气,禾望电气,电气设备
300452.SZ,山河药辅,山河药辅,化学制药
002572.SZ,索菲亚,索菲亚,家居用品
603786.SH,科博达,科博达,汽车配件
300484.SZ,蓝海华腾,蓝海华腾,电气设备
601226.SH,华电重工,华电科工,建筑工程
603195.SH,公牛集团,公牛集团,家用电器
002237.SZ,恒邦股份,恒邦股份,黄金
002133.SZ,广宇发展,广宇集团,全国地产
301306.SZ,西测测试,西测测试,航空
002697.SZ,红旗连锁,红旗连锁,超市连锁
688053.SH,思科瑞,思科瑞,元器件
603214.SH,爱婴室,爱婴室,百货
300666.SZ,江丰电子,江丰电子,半导体
300073.SZ,当升科技,当升科技,电气设备
002011.SZ,盾安环境,盾安环境,家用电器
688063.SH,派能科技,派能科技,电气设备
601169.SH,北京银行,北京银行,银行
603912.SH,佳力图,佳力图,专用机械
002982.SZ,湘佳股份,湘佳股份,农业综合
688126.SH,沪硅产业,沪硅产业,半导体
000541.SZ,佛山照明,佛山照明,家用电器
600406.SH,国电南瑞,国电南瑞,电气设备
000519.SZ,中兵红箭,中兵红箭,专用机械
300416.SZ,苏试试验,苏试试验,电器仪表
301122.SZ,采纳股份,采纳股份,医疗保健
688188.SH,柏楚电子,柏楚电子,专用机械
688078.SH,龙软科技,龙软科技,软件服务
301101.SZ,明月镜片,明月镜片,文教休闲
603383.SH,顶点软件,顶点软件,软件服务
300624.SZ,万兴科技,万兴科技,软件服务
301195.SZ,北路智控,北路智控,软件服务
300969.SZ,恒帅股份,恒帅股份,汽车配件
300168.SZ,万达信息,万达信息,软件服务
300057.SZ,万顺新材,万顺新材,铝
605218.SH,伟时电子,伟时电子,元器件
002154.SZ,报喜鸟,报喜鸟,服饰
600006.SH,东风股份,东风股份,汽车整车
688003.SH,天准科技,天准科技,专用机械
002429.SZ,兆驰股份,兆驰股份,家用电器
603893.SH,瑞芯微,瑞芯微,半导体
002008.SZ,大族激光,大族激光,专用机械
603069.SH,海汽集团,海汽集团,公共交通
300627.SZ,华测导航,华测导航,通信设备
300196.SZ,长海股份,长海股份,玻璃
688768.SH,容知日新,容知日新,电器仪表
871694.BJ,中裕科技,中裕科技,塑料
002709.SZ,天赐材料,天赐材料,化工原料
300653.SZ,正海生物,正海生物,医疗保健
600273.SH,嘉化能源,嘉化能源,化工原料
603078.SH,江化微,江化微,半导体
603170.SH,宝立食品,宝立食品,食品
002488.SZ,金固股份,金固股份,汽车配件
002859.SZ,洁美科技,洁美科技,元器件
002081.SZ,金螳螂,金螳螂,装修装饰
002057.SZ,中钢天源,中钢天源,矿物制品
688106.SH,金宏气体,金宏气体,化工原料
688102.SH,斯瑞新材,斯瑞新材,铜
000636.SZ,风华高科,风华高科,元器件
300982.SZ,苏文电能,苏文电能,建筑工程
300505.SZ,川金诺,川金诺,农药化肥
300766.SZ,每日互动,每日互动,互联网
688121.SH,卓然股份,卓然股份,专用机械
000977.SZ,浪潮信息,浪潮信息,IT设备
688004.SH,博汇科技,博汇科技,软件服务
000778.SZ,新兴铸管,新兴铸管,钢加工
605166.SH,聚合顺,聚合顺,化纤
002819.SZ,东方中科,东方中科,电器仪表
300861.SZ,美畅股份,美畅股份,矿物制品
000837.SZ,秦川机床,秦川机床,机床制造
600586.SH,金晶科技,金晶科技,玻璃
300633.SZ,开立医疗,开立医疗,医疗保健
600461.SH,洪城环境,洪城环境,水务
603115.SH,海星股份,海星股份,铝
002987.SZ,京北方,京北方,软件服务
000100.SZ,TCL科技,TCL科技,元器件
300351.SZ,永贵电器,永贵电器,运输设备
301328.SZ,维峰电子,维峰电子,元器件
300785.SZ,值得买,值得买,互联网
688168.SH,安博通,安博通,软件服务
000962.SZ,东方钽业,东方钽业,小金属
000591.SZ,太阳能,太阳能,新型电力
300058.SZ,蓝色光标,蓝色光标,广告包装
688558.SH,国盛智科,国盛智科,机床制造
002271.SZ,东方雨虹,东方雨虹,其他建材
002646.SZ,天佑德酒,天佑德酒,白酒
688095.SH,福昕软件,福昕软件,软件服务
688249.SH,晶合集成,晶合集成,半导体
000811.SZ,冰轮环境,冰轮环境,工程机械
688315.SH,诺禾致源,诺禾致源,医疗保健
603508.SH,思维列控,思维列控,IT设备
000576.SZ,甘化科工,甘化科工,电气设备
688513.SH,苑东生物,苑东生物,化学制药
300454.SZ,深信服,深信服,软件服务
300820.SZ,英杰电气,英杰电气,电气设备
300997.SZ,欢乐家,欢乐家,软饮料
600161.SH,天坛生物,天坛生物,生物制药
600633.SH,浙数文化,浙数文化,互联网
688232.SH,新点软件,新点软件,软件服务
603613.SH,国联股份,国联股份,互联网
000725.SZ,京东方A,京东方A,元器件
688369.SH,致远互联,致远互联,软件服务
301215.SZ,中汽股份,中汽股份,汽车服务
300244.SZ,迪安诊断,迪安诊断,医疗保健
002334.SZ,英威腾,英威腾,电气设备
603181.SH,皇马科技,皇马科技,化工原料
603877.SH,太平鸟,太平鸟,服饰
601156.SH,东航物流,东航物流,仓储物流
603662.SH,柯力传感,柯力传感,电器仪表
301237.SZ,和顺科技,和顺科技,塑料
002371.SZ,北方华创,北方华创,半导体
300021.SZ,大禹节水,大禹节水,建筑工程
603927.SH,中科软,中科软,软件服务
600552.SH,凯盛科技,凯盛科技,元器件
603650.SH,彤程新材,彤程新材,化工原料
688349.SH,三一重能,三一重能,电气设备
002126.SZ,银轮股份,银轮股份,汽车配件
600249.SH,两面针,两面针,日用化工
000090.SZ,天健集团,天健集团,建筑工程
603966.SH,法兰泰克,法兰泰克,专用机械
301293.SZ,三博脑科,三博脑科,医疗保健
688015.SH,交控科技,交控科技,运输设备
603155.SH,新亚强,新亚强,化工原料
603666.SH,亿嘉和,亿嘉和,专用机械
300251.SZ,光线传媒,光线传媒,影视音像
002391.SZ,长青股份,长青股份,农药化肥
002469.SZ,三维化学,三维化学,化工原料
000048.SZ,京基智农,京基智农,区域地产
301389.SZ,隆扬电子,隆扬电子,元器件
688628.SH,优利德,优利德,电器仪表
002354.SZ,天娱数科,天娱数科,互联网
300552.SZ,万集科技,万集科技,IT设备
688291.SH,金橙子,金橙子,软件服务
688148.SH,芳源股份,芳源股份,电气设备
300001.SZ,特锐德,特锐德,电气设备
603565.SH,中谷物流,中谷物流,水运
600380.SH,健康元,健康元,化学制药
300620.SZ,光库科技,光库科技,通信设备
300451.SZ,创业慧康,创业慧康,软件服务
603699.SH,纽威股份,纽威股份,机械基件
600795.SH,国电电力,国电电力,火力发电
605333.SH,沪光股份,沪光股份,汽车配件
000026.SZ,飞亚达,飞亚达,服饰
300779.SZ,惠城环保,惠城环保,环境保护
688070.SH,纵横股份,纵横股份,航空
603985.SH,恒润股份,恒润股份,电气设备
603129.SH,春风动力,春风动力,摩托车
002297.SZ,博云新材,博云新材,航空
300263.SZ,隆华科技,隆华科技,专用机械
300919.SZ,中伟股份,中伟股份,电气设备
600499.SH,科达制造,科达制造,专用机械
605116.SH,奥锐特,奥锐特,化学制药
000682.SZ,东方电子,东方电子,电气设备
002949.SZ,华阳国际,华阳国际,建筑工程
301009.SZ,可靠股份,可靠股份,造纸
002990.SZ,盛视科技,盛视科技,软件服务
300685.SZ,艾德生物,艾德生物,医疗保健
300183.SZ,东软载波,东软载波,通信设备
002311.SZ,海大集团,海大集团,饲料
002609.SZ,捷顺科技,捷顺科技,软件服务
300639.SZ,凯普生物,凯普生物,医疗保健
688398.SH,赛特新材,赛特新材,矿物制品
300634.SZ,彩讯股份,彩讯股份,软件服务
002791.SZ,坚朗五金,坚朗五金,其他建材
603551.SH,奥普家居,奥普科技,家居用品
603132.SH,金徽股份,金徽股份,铅锌
603686.SH,福龙马,福龙马,环境保护
300945.SZ,曼卡龙,曼卡龙,服饰
838837.BJ,华原股份,华原股份,汽车配件
605507.SH,国邦医药,国邦医药,化学制药
603507.SH,振江股份,振江股份,电气设备
300996.SZ,普联软件,普联软件,软件服务
600718.SH,东软集团,东软集团,软件服务
600483.SH,福能股份,福能股份,火力发电
300582.SZ,英飞特,英飞特,元器件
002270.SZ,华明装备,华明装备,电气设备
002850.SZ,科达利,科达利,电气设备
000913.SZ,钱江摩托,钱江摩托,摩托车
605009.SH,豪悦护理,豪悦护理,造纸
300229.SZ,拓尔思,拓尔思,软件服务
000829.SZ,天音控股,天音控股,其他商业
300767.SZ,震安科技,震安科技,橡胶
300075.SZ,数字政通,数字政通,软件服务
300415.SZ,伊之密,伊之密,专用机械
000422.SZ,湖北宜化,湖北宜化,农药化肥
600023.SH,浙能电力,浙能电力,火力发电
835185.BJ,贝特瑞,贝特瑞,化工原料
688798.SH,艾为电子,艾为电子,半导体
603466.SH,风语筑,风语筑,文教休闲
301327.SZ,华宝新能,华宝新能,电气设备
000869.SZ,张裕A,张裕A,红黄酒
603920.SH,世运电路,世运电路,元器件
688072.SH,拓荆科技,拓荆科技,半导体
600760.SH,中航沈飞,中航沈飞,航空
002276.SZ,万马股份,万马股份,电气设备
000630.SZ,铜陵有色,铜陵有色,铜
600869.SH,远东股份,远东股份,电气设备
300719.SZ,安达维尔,安达维尔,航空
000902.SZ,新洋丰,新洋丰,农药化肥
300285.SZ,国瓷材料,国瓷材料,陶瓷
603282.SH,亚光股份,亚光股份,专用机械
000789.SZ,万年青,万年青,水泥
002903.SZ,宇环数控,宇环数控,机床制造
002790.SZ,瑞尔特,瑞尔特,家居用品
300232.SZ,洲明科技,洲明科技,元器件
300839.SZ,博汇股份,博汇股份,石油加工
301129.SZ,瑞纳智能,瑞纳智能,电器仪表
002870.SZ,香山股份,香山股份,汽车配件
000561.SZ,烽火电子,烽火电子,通信设备
002852.SZ,道道全,道道全,食品
002390.SZ,信邦制药,信邦制药,医药商业
603520.SH,司太立,司太立,化学制药
600409.SH,三友化工,三友化工,化纤
600096.SH,云天化,云天化,农药化肥
000301.SZ,东方盛虹,东方盛虹,化纤
603787.SH,新日股份,新日股份,摩托车
002458.SZ,益生股份,益生股份,农业综合
300680.SZ,隆盛科技,隆盛科技,汽车配件
603203.SH,快克智能,快克智能,专用机械
000690.SZ,宝新能源,宝新能源,火力发电
000686.SZ,东北证券,东北证券,证券
301363.SZ,美好医疗,美好医疗,医疗保健
603611.SH,诺力股份,诺力股份,专用机械
605006.SH,山东玻纤,山东玻纤,玻璃
002745.SZ,木林森,木林森,元器件
301301.SZ,川宁生物,川宁生物,化学制药
002025.SZ,航天电器,航天电器,元器件
603171.SH,税友股份,税友股份,软件服务
603568.SH,伟明环保,伟明环保,环境保护
000768.SZ,中航西飞,中航西飞,航空
300048.SZ,合康新能,合康新能,电气设备
688469.SH,中芯集成,芯联集成-U,半导体
688358.SH,祥生医疗,祥生医疗,医疗保健
688283.SH,坤恒顺维,坤恒顺维,电器仪表
002184.SZ,海得控制,海得控制,机械基件
300884.SZ,狄耐克,狄耐克,IT设备
600152.SH,维科技术,维科技术,电气设备
688575.SH,亚辉龙,亚辉龙,医疗保健
300286.SZ,安科瑞,安科瑞,电器仪表
300284.SZ,苏交科,苏交科,建筑工程
603301.SH,振德医疗,振德医疗,医疗保健
300253.SZ,卫宁健康,卫宁健康,软件服务
002422.SZ,科伦药业,科伦药业,化学制药
300041.SZ,回天新材,回天新材,化工原料
300855.SZ,图南股份,图南股份,小金属
300348.SZ,长亮科技,长亮科技,软件服务
300881.SZ,盛德鑫泰,盛德鑫泰,钢加工
605589.SH,圣泉集团,圣泉集团,化工原料
002183.SZ,怡亚通,怡亚通,仓储物流
603172.SH,万丰股份,万丰股份,染料涂料
301325.SZ,曼恩斯特,曼恩斯特,专用机械
688201.SH,信安世纪,信安世纪,软件服务
688127.SH,蓝特光学,蓝特光学,元器件
688609.SH,九联科技,九联科技,家用电器
600105.SH,永鼎股份,永鼎股份,通信设备
300803.SZ,指南针,指南针,软件服务
600782.SH,新钢股份,新钢股份,普钢
002330.SZ,得利斯,得利斯,食品
002908.SZ,德生科技,德生科技,软件服务
600004.SH,白云机场,白云机场,机场
300866.SZ,安克创新,安克创新,元器件
688503.SH,聚和材料,聚和材料,电气设备
600131.SH,国网信通,国网信通,通信设备
301221.SZ,光庭信息,光庭信息,软件服务
688073.SH,毕得医药,毕得医药,化学制药
688210.SH,统联精密,统联精密,元器件
002653.SZ,海思科,海思科,化学制药
688116.SH,天奈科技,天奈科技,化工原料
600170.SH,上海建工,上海建工,建筑工程
300879.SZ,大叶股份,大叶股份,农用机械
603099.SH,长白山,长白山,旅游景点
002891.SZ,中宠股份,中宠股份,饲料
600399.SH,抚顺特钢,抚顺特钢,特种钢
688258.SH,卓易信息,卓易信息,软件服务
002378.SZ,章源钨业,章源钨业,小金属
300580.SZ,贝斯特,贝斯特,汽车配件
300772.SZ,运达股份,运达股份,电气设备
301296.SZ,新巨丰,新巨丰,广告包装
600884.SH,杉杉股份,杉杉股份,电气设备
600395.SH,盘江股份,盘江股份,煤炭开采
002906.SZ,华阳集团,华阳集团,汽车配件
688046.SH,药康生物,药康生物,生物制药
688382.SH,益方生物,益方生物-U,生物制药
600446.SH,金证股份,金证股份,软件服务
601369.SH,陕鼓动力,陕鼓动力,机械基件
000803.SZ,山高环能,山高环能,环境保护
688378.SH,奥来德,奥来德,专用机械
600116.SH,三峡水利,三峡水利,水力发电
000703.SZ,恒逸石化,恒逸石化,化纤
000516.SZ,国际医学,国际医学,医疗保健
601952.SH,苏垦农发,苏垦农发,种植业
300406.SZ,九强生物,九强生物,医疗保健
300395.SZ,菲利华,菲利华,玻璃
603916.SH,苏博特,苏博特,化工原料
301068.SZ,大地海洋,大地海洋,环境保护
603228.SH,景旺电子,景旺电子,元器件
002222.SZ,福晶科技,福晶科技,元器件
300687.SZ,赛意信息,赛意信息,软件服务
002293.SZ,罗莱生活,罗莱生活,纺织
301335.SZ,天元宠物,天元宠物,文教休闲
300797.SZ,钢研纳克,钢研纳克,电器仪表
605183.SH,确成股份,确成股份,化工原料
300212.SZ,易华录,易华录,软件服务
002815.SZ,崇达技术,崇达技术,元器件
300394.SZ,天孚通信,天孚通信,通信设备
603855.SH,华荣股份,华荣股份,专用机械
002643.SZ,万润股份,万润股份,化工原料
300476.SZ,胜宏科技,胜宏科技,元器件
600201.SH,生物股份,生物股份,农业综合
603868.SH,飞科电器,飞科电器,家用电器
838171.BJ,邦德股份,邦德股份,汽车配件
688028.SH,沃尔德,沃尔德,机械基件
688589.SH,力合微,力合微,半导体
688362.SH,甬矽电子,甬矽电子,半导体
000672.SZ,上峰水泥,上峰水泥,水泥
002230.SZ,科大讯飞,科大讯飞,软件服务
832491.BJ,奥迪威,奥迪威,元器件
002001.SZ,新和成,新和成,化学制药
300791.SZ,仙乐健康,仙乐健康,医疗保健
300774.SZ,倍杰特,倍杰特,环境保护
300465.SZ,高伟达,高伟达,软件服务
300486.SZ,东杰智能,东杰智能,专用机械
300951.SZ,博硕科技,博硕科技,元器件
603081.SH,大丰实业,大丰实业,专用机械
300775.SZ,三角防务,三角防务,航空
301349.SZ,信德新材,信德新材,化工原料
688299.SH,长阳科技,长阳科技,元器件
002896.SZ,中大力德,中大力德,机械基件
603505.SH,金石资源,金石资源,化工原料
688207.SH,格灵深瞳,格灵深瞳,软件服务
300357.SZ,我武生物,我武生物,生物制药
600160.SH,巨化股份,巨化股份,化工原料
600435.SH,北方导航,北方导航,专用机械
600352.SH,浙江龙盛,浙江龙盛,染料涂料
002015.SZ,协鑫能科,协鑫能科,新型电力
688418.SH,震有科技,震有科技,通信设备
833509.BJ,同惠电子,同惠电子,电器仪表
301061.SZ,匠心家居,匠心家居,家居用品
300911.SZ,亿田智能,亿田智能,家用电器
688270.SH,臻镭科技,臻镭科技,半导体
300604.SZ,长川科技,长川科技,半导体
603260.SH,合盛硅业,合盛硅业,化工原料
000059.SZ,华锦股份,华锦股份,石油加工
603156.SH,养元饮品,养元饮品,软饮料
300258.SZ,精锻科技,精锻科技,汽车配件
688313.SH,仕佳光子,仕佳光子,通信设备
603057.SH,紫燕食品,紫燕食品,食品
688186.SH,广大特材,广大特材,特种钢
300504.SZ,天邑股份,天邑股份,通信设备
600916.SH,中国黄金,中国黄金,服饰
000878.SZ,云南铜业,云南铜业,铜
002376.SZ,新北洋,新北洋,IT设备
300578.SZ,会畅通讯,会畅通讯,通信设备
300661.SZ,圣邦股份,圣邦股份,半导体
301099.SZ,雅创电子,雅创电子,元器件
600737.SH,中粮糖业,中粮糖业,食品
605007.SH,五洲特纸,五洲特纸,造纸
301382.SZ,蜂助手,蜂助手,互联网
600966.SH,博汇纸业,博汇纸业,造纸
001380.SZ,华纬科技,华纬科技,汽车配件
605336.SH,帅丰电器,帅丰电器,家用电器
002858.SZ,力盛体育,力盛体育,文教休闲
002677.SZ,浙江美大,浙江美大,家用电器
300725.SZ,药石科技,药石科技,化学制药
603579.SH,荣泰健康,荣泰健康,家用电器
688552.SH,航天南湖,航天南湖,通信设备
605358.SH,立昂微,立昂微,半导体
301319.SZ,唯特偶,唯特偶,元器件
300842.SZ,帝科股份,帝科股份,电气设备
603657.SH,春光科技,春光科技,家用电器
605305.SH,中际联合,中际联合,工程机械
600025.SH,华能水电,华能水电,水力发电
601233.SH,桐昆股份,桐昆股份,化纤
688512.SH,慧智微,慧智微-U,半导体
833394.BJ,民士达,民士达,造纸
600901.SH,江苏金租,江苏金租,多元金融
301117.SZ,佳缘科技,佳缘科技,软件服务
300873.SZ,海晨股份,海晨股份,仓储物流
603806.SH,福斯特,福斯特,塑料
601377.SH,兴业证券,兴业证券,证券
300303.SZ,聚飞光电,聚飞光电,半导体
836699.BJ,海达尔,海达尔,家用电器
002212.SZ,天融信,天融信,软件服务
688381.SH,帝奥微,帝奥微,半导体
600425.SH,青松建化,青松建化,水泥
300628.SZ,亿联网络,亿联网络,通信设备
688060.SH,云涌科技,云涌科技,IT设备
688311.SH,盟升电子,盟升电子,元器件
688419.SH,耐科装备,耐科装备,半导体
300068.SZ,南都电源,南都电源,电气设备
688332.SH,中科蓝讯,中科蓝讯,半导体
000948.SZ,南天信息,南天信息,软件服务
300145.SZ,中金环境,中金环境,机械基件
002301.SZ,齐心集团,齐心集团,文教休闲
603987.SH,康德莱,康德莱,医疗保健
000831.SZ,中国稀土,中国稀土,小金属
688103.SH,国力股份,国力股份,元器件
002373.SZ,千方科技,千方科技,软件服务
688550.SH,瑞联新材,瑞联新材,化工原料
002381.SZ,双箭股份,双箭股份,橡胶
688778.SH,厦钨新能,厦钨新能,电气设备
603918.SH,金桥信息,金桥信息,软件服务
600061.SH,国投资本,国投资本,证券
603118.SH,共进股份,共进股份,通信设备
300121.SZ,阳谷华泰,阳谷华泰,化工原料
688466.SH,金科环境,金科环境,环境保护
600662.SH,外服控股,外服控股,文教休闲
002343.SZ,慈文传媒,慈文传媒,影视音像
601137.SH,博威合金,博威合金,小金属
000027.SZ,深圳能源,深圳能源,火力发电
600400.SH,红豆股份,红豆股份,服饰
301230.SZ,泓博医药,泓博医药,生物制药
301267.SZ,华厦眼科,华厦眼科,医疗保健
603757.SH,大元泵业,大元泵业,机械基件
300729.SZ,乐歌股份,乐歌股份,家居用品
300383.SZ,光环新网,光环新网,软件服务
301260.SZ,格力博,格力博,专用机械
600009.SH,上海机场,上海机场,机场
300593.SZ,新雷能,新雷能,电气设备
300601.SZ,康泰生物,康泰生物,生物制药
002006.SZ,精工科技,精工科技,专用机械
603113.SH,金能科技,金能科技,焦炭加工
603809.SH,豪能股份,豪能股份,汽车配件
300179.SZ,四方达,四方达,矿物制品
834599.BJ,同力股份,同力股份,工程机械
601512.SH,中新集团,中新集团,园区开发
600111.SH,北方稀土,北方稀土,小金属
002414.SZ,高德红外,高德红外,电器仪表
833781.BJ,瑞奇智造,瑞奇智造,专用机械
300681.SZ,英搏尔,英搏尔,汽车配件
600497.SH,驰宏锌锗,驰宏锌锗,铅锌
600850.SH,电科数字,电科数字,软件服务
300770.SZ,新媒股份,新媒股份,影视音像
300888.SZ,稳健医疗,稳健医疗,医疗保健
601890.SH,亚星锚链,亚星锚链,船舶
002041.SZ,登海种业,登海种业,种植业
600986.SH,浙文互联,浙文互联,互联网
301093.SZ,华兰股份,华兰股份,医疗保健
301278.SZ,快可电子,快可电子,电气设备
600529.SH,山东药玻,山东药玻,医疗保健
688359.SH,三孚新科,三孚新科,化工原料
301283.SZ,聚胶股份,聚胶股份,日用化工
688259.SH,创耀科技,创耀科技,半导体
300463.SZ,迈克生物,迈克生物,医疗保健
000983.SZ,山西焦煤,山西焦煤,煤炭开采
002515.SZ,金字火腿,金字火腿,食品
688087.SH,英科再生,英科再生,环境保护
600975.SH,新五丰,新五丰,农业综合
603588.SH,高能环境,高能环境,环境保护
600740.SH,山西焦化,山西焦化,焦炭加工
301205.SZ,联特科技,联特科技,通信设备
601801.SH,皖新传媒,皖新传媒,出版业
600556.SH,天下秀,天下秀,互联网
300113.SZ,顺网科技,顺网科技,互联网
601838.SH,成都银行,成都银行,银行
002044.SZ,美年健康,美年健康,医疗保健
002824.SZ,和胜股份,和胜股份,铝
600998.SH,九州通,九州通,医药商业
002249.SZ,大洋电机,大洋电机,电气设备
688093.SH,世华科技,世华科技,化工原料
301058.SZ,中粮科工,中粮科工,建筑工程
002988.SZ,豪美新材,豪美新材,铝
002101.SZ,广东鸿图,广东鸿图,汽车配件
688596.SH,正帆科技,正帆科技,专用机械
002545.SZ,东方铁塔,东方铁塔,农药化肥
601686.SH,友发集团,友发集团,钢加工
600110.SH,诺德股份,诺德股份,电气设备
300751.SZ,迈为股份,迈为股份,专用机械
688234.SH,天岳先进,天岳先进,半导体
300900.SZ,广联航空,广联航空,航空
301191.SZ,菲菱科思,菲菱科思,通信设备
001222.SZ,源飞宠物,源飞宠物,文教休闲
002965.SZ,祥鑫科技,祥鑫科技,汽车配件
300636.SZ,同和药业,同和药业,化学制药
300607.SZ,拓斯达,拓斯达,专用机械
600919.SH,江苏银行,江苏银行,银行
002135.SZ,东南网架,东南网架,钢加工
002441.SZ,众业达,众业达,电气设备
300630.SZ,普利制药,*ST普利,化学制药
300558.SZ,贝达药业,贝达药业,化学制药
603599.SH,广信股份,广信股份,农药化肥
688257.SH,新锐股份,新锐股份,机械基件
603218.SH,日月股份,日月股份,电气设备
603882.SH,金域医学,金域医学,医疗保健
301015.SZ,百洋医药,百洋医药,医药商业
001323.SZ,慕思股份,慕思股份,家居用品
300590.SZ,移为通信,移为通信,通信设备
300833.SZ,浩洋股份,浩洋股份,专用机械
300366.SZ,创意信息,创意信息,软件服务
603979.SH,金诚信,金诚信,铜
688212.SH,澳华内镜,澳华内镜,医疗保健
605068.SH,明新旭腾,明新旭腾,汽车配件
300747.SZ,锐科激光,锐科激光,专用机械
301428.SZ,世纪恒通,世纪恒通,互联网
300829.SZ,金丹科技,金丹科技,食品
688114.SH,华大智造,华大智造,医疗保健
301006.SZ,迈拓股份,迈拓股份,电器仪表
002216.SZ,三全食品,三全食品,食品
688518.SH,联赢激光,联赢激光,专用机械
300918.SZ,南山智尚,南山智尚,纺织
002174.SZ,游族网络,游族网络,互联网
301332.SZ,德尔玛,德尔玛,家用电器
603297.SH,永新光学,永新光学,元器件
300768.SZ,迪普科技,迪普科技,软件服务
300532.SZ,今天国际,今天国际,软件服务
002881.SZ,美格智能,美格智能,元器件
300706.SZ,阿石创,阿石创,元器件
600926.SH,杭州银行,杭州银行,银行
300568.SZ,星源材质,星源材质,化工原料
603198.SH,迎驾贡酒,迎驾贡酒,白酒
002946.SZ,新乳业,新乳业,乳制品
000830.SZ,鲁西化工,鲁西化工,化工原料
688085.SH,三友医疗,三友医疗,医疗保健
002120.SZ,韵达股份,韵达股份,仓储物流
603566.SH,普莱柯,普莱柯,农业综合
603527.SH,众源新材,众源新材,铜
002128.SZ,电投能源,电投能源,铝
688088.SH,虹软科技,虹软科技,软件服务
300952.SZ,恒辉安防,恒辉安防,纺织
603355.SH,莱克电气,莱克电气,家用电器
002312.SZ,川发龙蟒,川发龙蟒,化工原料
601566.SH,九牧王,九牧王,服饰
000723.SZ,美锦能源,美锦能源,焦炭加工
300015.SZ,爱尔眼科,爱尔眼科,医疗保健
300181.SZ,佐力药业,佐力药业,中成药
688682.SH,霍莱沃,霍莱沃,软件服务
301289.SZ,国缆检测,国缆检测,电器仪表
603288.SH,海天味业,海天味业,食品
688107.SH,安路科技,安路科技,半导体
300696.SZ,爱乐达,爱乐达,航空
000567.SZ,海德股份,海德股份,多元金融
605296.SH,神农集团,神农集团,农业综合
300811.SZ,铂科新材,铂科新材,矿物制品
603365.SH,水星家纺,水星家纺,纺织
300631.SZ,久吾高科,久吾高科,环境保护
603901.SH,永创智能,永创智能,专用机械
600285.SH,羚锐制药,羚锐制药,中成药
300421.SZ,力星股份,力星股份,机械基件
002768.SZ,国恩股份,国恩股份,塑料
601222.SH,林洋能源,林洋能源,新型电力
300863.SZ,卡倍亿,卡倍亿,汽车配件
002009.SZ,天奇股份,天奇股份,工程机械
688577.SH,浙海德曼,浙海德曼,机床制造
000065.SZ,北方国际,北方国际,建筑工程
605108.SH,同庆楼,同庆楼,酒店餐饮
605599.SH,菜百股份,菜百股份,服饰
300428.SZ,立中集团,立中集团,汽车配件
605598.SH,上海港湾,上海港湾,建筑工程
301004.SZ,嘉益股份,嘉益股份,家居用品
688172.SH,燕东微,燕东微,半导体
300777.SZ,中简科技,中简科技,化纤
301076.SZ,新瀚新材,新瀚新材,化工原料
002728.SZ,特一药业,特一药业,中成药
002508.SZ,老板电器,老板电器,家用电器
300275.SZ,梅安森,梅安森,工程机械
300990.SZ,同飞股份,同飞股份,专用机械
300003.SZ,乐普医疗,乐普医疗,医疗保健
600968.SH,海油发展,海油发展,石油开采
688357.SH,建龙微纳,建龙微纳,化工原料
600967.SH,内蒙一机,内蒙一机,运输设备
300525.SZ,博思软件,博思软件,软件服务
300240.SZ,飞力达,飞力达,仓储物流
603518.SH,锦泓集团,锦泓集团,服饰
301080.SZ,百普赛斯,百普赛斯,生物制药
000498.SZ,山东路桥,山东路桥,建筑工程
300450.SZ,先导智能,先导智能,专用机械
605138.SH,盛泰集团,盛泰集团,服饰
301090.SZ,华润材料,华润材料,化工原料
688580.SH,伟思医疗,伟思医疗,医疗保健
300994.SZ,久祺股份,久祺股份,文教休闲
002674.SZ,兴业科技,兴业科技,纺织
601136.SH,首创证券,首创证券,证券
301103.SZ,何氏眼科,何氏眼科,医疗保健
688200.SH,华峰测控,华峰测控,半导体
300035.SZ,中科电气,中科电气,电气设备
600918.SH,中泰证券,中泰证券,证券
002416.SZ,爱施德,爱施德,电器连锁
603898.SH,好莱客,好莱客,家居用品
301169.SZ,零点有数,零点有数,文教休闲
601225.SH,陕西煤业,陕西煤业,煤炭开采
600562.SH,国睿科技,国睿科技,通信设备
600378.SH,昊华科技,昊华科技,化工原料
002560.SZ,通达股份,通达股份,电气设备
603185.SH,弘元绿能,弘元绿能,电气设备
600330.SH,天通股份,天通股份,专用机械
688287.SH,观典防务,ST观典,航空
002937.SZ,兴瑞科技,兴瑞科技,元器件
300510.SZ,金冠股份,金冠股份,电气设备
601699.SH,潞安环能,潞安环能,煤炭开采
688238.SH,和元生物,和元生物,医疗保健
603138.SH,海量数据,海量数据,软件服务
300688.SZ,创业黑马,创业黑马,文教休闲
301050.SZ,雷电微力,雷电微力,航空
300776.SZ,帝尔激光,帝尔激光,专用机械
000801.SZ,四川九洲,四川九洲,家用电器
603313.SH,梦百合,梦百合,家居用品
603199.SH,九华旅游,九华旅游,旅游景点
002315.SZ,焦点科技,焦点科技,互联网
603366.SH,日出东方,日出东方,家用电器
603676.SH,卫信康,卫信康,化学制药
300031.SZ,宝通科技,宝通科技,互联网
688153.SH,唯捷创芯,唯捷创芯,半导体
300955.SZ,嘉亨家化,嘉亨家化,日用化工
300123.SZ,亚光科技,亚光科技,半导体
603279.SH,景津装备,景津装备,环境保护
300871.SZ,回盛生物,回盛生物,农业综合
688084.SH,晶品特装,晶品特装,专用机械
600420.SH,国药现代,国药现代,化学制药
300170.SZ,汉得信息,汉得信息,软件服务
603324.SH,盛剑环境,盛剑科技,环境保护
300806.SZ,斯迪克,斯迪克,塑料
301273.SZ,瑞晨环保,瑞晨环保,机械基件
603018.SH,华设集团,华设集团,建筑工程
688082.SH,盛美上海,盛美上海,半导体
002065.SZ,东华软件,东华软件,软件服务
000968.SZ,蓝焰控股,蓝焰控股,石油开采
300502.SZ,新易盛,新易盛,通信设备
002841.SZ,视源股份,视源股份,元器件
601006.SH,大秦铁路,大秦铁路,铁路
600517.SH,国网英大,国网英大,多元金融
688032.SH,禾迈股份,禾迈股份,电气设备
603330.SH,天洋新材,天洋新材,塑料
300848.SZ,美瑞新材,美瑞新材,化工原料
603311.SH,金海高科,金海高科,家用电器
300065.SZ,海兰信,海兰信,船舶
002651.SZ,利君股份,利君股份,航空
301339.SZ,通行宝,通行宝,IT设备
002743.SZ,富煌钢构,富煌钢构,钢加工
300577.SZ,开润股份,开润股份,纺织
600927.SH,永安期货,永安期货,多元金融
300034.SZ,钢研高纳,钢研高纳,航空
832735.BJ,德源药业,德源药业,化学制药
300727.SZ,润禾材料,润禾材料,化工原料
688345.SH,博力威,博力威,电气设备
835892.BJ,中科美菱,中科美菱,医疗保健
002831.SZ,裕同科技,裕同科技,广告包装
002163.SZ,海南发展,海南发展,装修装饰
300166.SZ,东方国信,东方国信,软件服务
600163.SH,中闽能源,中闽能源,新型电力
688711.SH,宏微科技,宏微科技,半导体
300487.SZ,蓝晓科技,蓝晓科技,化工原料
301073.SZ,君亭酒店,君亭酒店,酒店餐饮
300203.SZ,聚光科技,聚光科技,电器仪表
605018.SH,长华集团,长华集团,汽车配件
603663.SH,三祥新材,三祥新材,小金属
601985.SH,中国核电,中国核电,新型电力
001228.SZ,永泰运,永泰运,仓储物流
605080.SH,浙江自然,浙江自然,文教休闲
300424.SZ,航新科技,航新科技,航空
688202.SH,美迪西,美迪西,医疗保健
002746.SZ,仙坛股份,仙坛股份,农业综合
603416.SH,信捷电气,信捷电气,电器仪表
688319.SH,欧林生物,欧林生物,生物制药
002956.SZ,西麦食品,西麦食品,食品
300762.SZ,上海瀚讯,上海瀚讯,通信设备
301087.SZ,可孚医疗,可孚医疗,医疗保健
603848.SH,好太太,好太太,家居用品
300132.SZ,青松股份,青松股份,化工原料
603456.SH,九洲药业,九洲药业,医疗保健
300786.SZ,国林科技,国林科技,环境保护
300655.SZ,晶瑞电材,晶瑞电材,半导体
300740.SZ,水羊股份,水羊股份,日用化工
300860.SZ,锋尚文化,锋尚文化,文教休闲
603601.SH,再升科技,再升科技,玻璃
300569.SZ,天能重工,天能重工,电气设备
002597.SZ,金禾实业,金禾实业,食品
600536.SH,中国软件,中国软件,软件服务
002582.SZ,好想你,好想你,食品
002851.SZ,麦格米特,麦格米特,电气设备
600706.SH,曲江文旅,曲江文旅,旅游景点
300738.SZ,奥飞数据,奥飞数据,软件服务
301235.SZ,华康医疗,华康医疗,医疗保健
600019.SH,宝钢股份,宝钢股份,普钢
603076.SH,乐惠国际,乐惠国际,专用机械
300802.SZ,矩子科技,矩子科技,专用机械
300783.SZ,三只松鼠,三只松鼠,食品
002275.SZ,桂林三金,桂林三金,中成药
688031.SH,星环科技,星环科技-U,软件服务
600580.SH,卧龙电驱,卧龙电驱,电气设备
603338.SH,浙江鼎力,浙江鼎力,工程机械
003011.SZ,海象新材,海象新材,家居用品
600206.SH,有研新材,有研新材,半导体
300928.SZ,华安鑫创,华安鑫创,汽车配件
688663.SH,新风光,新风光,电气设备
600741.SH,华域汽车,华域汽车,汽车配件
603277.SH,银都股份,银都股份,专用机械
002849.SZ,威星智能,威星智能,电器仪表
603883.SH,老百姓,老百姓,医药商业
603233.SH,大参林,大参林,医药商业
605003.SH,众望布艺,众望布艺,纺织
301337.SZ,亚华电子,亚华电子,软件服务
688056.SH,莱伯泰科,莱伯泰科,电器仪表
001201.SZ,东瑞股份,东瑞股份,农业综合
605008.SH,长鸿高科,长鸿高科,橡胶
000822.SZ,山东海化,山东海化,化工原料
002446.SZ,盛路通信,盛路通信,通信设备
603600.SH,永艺股份,永艺股份,家居用品
000785.SZ,居然之家,居然智家,百货
601139.SH,深圳燃气,深圳燃气,供气供热
601229.SH,上海银行,上海银行,银行
301026.SZ,浩通科技,浩通科技,小金属
601012.SH,隆基绿能,隆基绿能,电气设备
603728.SH,鸣志电器,鸣志电器,电气设备
300200.SZ,高盟新材,高盟新材,化工原料
600132.SH,重庆啤酒,重庆啤酒,啤酒
300207.SZ,欣旺达,欣旺达,电气设备
605376.SH,博迁新材,博迁新材,小金属
600642.SH,申能股份,申能股份,火力发电
600763.SH,通策医疗,通策医疗,医疗保健
000733.SZ,振华科技,振华科技,元器件
603939.SH,益丰药房,益丰药房,医药商业
688409.SH,富创精密,富创精密,半导体
603017.SH,中衡设计,中衡设计,建筑工程
600197.SH,伊力特,伊力特,白酒
603096.SH,新经典,新经典,出版业
603323.SH,苏农银行,苏农银行,银行
002929.SZ,润建股份,润建股份,通信设备
300792.SZ,壹网壹创,壹网壹创,互联网
600032.SH,浙江新能,浙江新能,新型电力
002860.SZ,星帅尔,星帅尔,家用电器
603808.SH,歌力思,歌力思,服饰
002567.SZ,唐人神,唐人神,饲料
600346.SH,恒力石化,恒力石化,石油加工
000012.SZ,南玻A,南玻A,玻璃
301269.SZ,华大九天,华大九天,半导体
603915.SH,国茂股份,国茂股份,机械基件
601021.SH,春秋航空,春秋航空,空运
600887.SH,伊利股份,伊利股份,乳制品
688361.SH,中科飞测,中科飞测,半导体
603040.SH,新坐标,新坐标,汽车配件
601098.SH,中南传媒,中南传媒,出版业
301177.SZ,迪阿股份,迪阿股份,服饰
300782.SZ,卓胜微,卓胜微,半导体
688271.SH,联影医疗,联影医疗,医疗保健
688685.SH,迈信林,迈信林,航空
600886.SH,国投电力,国投电力,水力发电
300977.SZ,深圳瑞捷,深圳瑞捷,建筑工程
300433.SZ,蓝思科技,蓝思科技,元器件
002555.SZ,三七互娱,三七互娱,互联网
603858.SH,步长制药,步长制药,中成药
301231.SZ,荣信文化,荣信文化,出版业
601567.SH,三星医疗,三星医疗,电气设备
002170.SZ,芭田股份,芭田股份,农药化肥
002867.SZ,周大生,周大生,服饰
603506.SH,南都物业,南都物业,房产服务
600745.SH,闻泰科技,闻泰科技,半导体
000998.SZ,隆平高科,隆平高科,种植业
300171.SZ,东富龙,东富龙,医疗保健
603256.SH,宏和科技,宏和科技,玻璃
300913.SZ,兆龙互连,兆龙互连,通信设备
688707.SH,振华新材,振华新材,电气设备
603337.SH,杰克股份,杰克股份,纺织机械
000887.SZ,中鼎股份,中鼎股份,汽车配件
688581.SH,安杰思,安杰思,医疗保健
300238.SZ,冠昊生物,冠昊生物,医疗保健
600089.SH,特变电工,特变电工,电气设备
300702.SZ,天宇股份,天宇股份,化学制药
002549.SZ,凯美特气,凯美特气,环境保护
002726.SZ,龙大美食,龙大美食,食品
603515.SH,欧普照明,欧普照明,家用电器
300715.SZ,凯伦股份,凯伦股份,其他建材
600779.SH,水井坊,水井坊,白酒
688035.SH,德邦科技,德邦科技,半导体
300837.SZ,浙矿股份,浙矿股份,专用机械
001324.SZ,长青科技,长青科技,运输设备
601958.SH,金钼股份,金钼股份,小金属
002737.SZ,葵花药业,葵花药业,中成药
601702.SH,华峰铝业,华峰铝业,铝
002100.SZ,天康生物,天康生物,饲料
002570.SZ,贝因美,贝因美,乳制品
002601.SZ,龙佰集团,龙佰集团,化工原料
600826.SH,兰生股份,兰生股份,文教休闲
002221.SZ,东华能源,东华能源,石油加工
300642.SZ,透景生命,透景生命,医疗保健
688529.SH,豪森股份,豪森智能,专用机械
300735.SZ,光弘科技,光弘科技,元器件
300384.SZ,三联虹普,三联虹普,建筑工程
002153.SZ,石基信息,石基信息,软件服务
603667.SH,五洲新春,五洲新春,机械基件
002024.SZ,ST易购,ST易购,电器连锁
000950.SZ,重药控股,重药控股,医药商业
300094.SZ,国联水产,国联水产,渔业
000333.SZ,美的集团,美的集团,家用电器
301398.SZ,星源卓镁,星源卓镁,汽车配件
605123.SH,派克新材,派克新材,航空
001330.SZ,博纳影业,博纳影业,影视音像
002244.SZ,滨江集团,滨江集团,区域地产
605555.SH,德昌股份,德昌股份,家用电器
002543.SZ,万和电气,万和电气,家用电器
603378.SH,亚士创能,亚士创能,染料涂料
002695.SZ,煌上煌,煌上煌,食品
300444.SZ,双杰电气,双杰电气,电气设备
688562.SH,航天软件,航天软件,软件服务
688365.SH,光云科技,光云科技,软件服务
603816.SH,顾家家居,顾家家居,家居用品
002131.SZ,利欧股份,利欧股份,互联网
600500.SH,中化国际,中化国际,塑料
600057.SH,厦门象屿,厦门象屿,仓储物流
002468.SZ,申通快递,申通快递,仓储物流
601020.SH,华钰矿业,华钰矿业,铅锌
002675.SZ,东诚药业,东诚药业,化学制药
002268.SZ,电科网安,电科网安,IT设备
600993.SH,马应龙,马应龙,中成药
600905.SH,三峡能源,三峡能源,新型电力
000425.SZ,徐工机械,徐工机械,工程机械
002064.SZ,华峰化学,华峰化学,化纤
600790.SH,轻纺城,轻纺城,商品城
603587.SH,地素时尚,地素时尚,服饰
002050.SZ,三花智控,三花智控,家用电器
301399.SZ,英特科技,英特科技,机械基件
003043.SZ,华亚智能,华亚智能,半导体
601009.SH,南京银行,南京银行,银行
603486.SH,科沃斯,科沃斯,家用电器
601577.SH,长沙银行,长沙银行,银行
688267.SH,中触媒,中触媒,化工原料
688065.SH,凯赛生物,凯赛生物,化工原料
000681.SZ,视觉中国,视觉中国,互联网
600383.SH,金地集团,金地集团,全国地产
002707.SZ,众信旅游,众信旅游,旅游服务
688468.SH,科美诊断,科美诊断,医疗保健
688396.SH,华润微,华润微,半导体
600335.SH,国机汽车,国机汽车,汽车服务
300660.SZ,江苏雷利,江苏雷利,电气设备
601555.SH,东吴证券,东吴证券,证券
300459.SZ,汤姆猫,汤姆猫,互联网
688330.SH,宏力达,宏力达,电气设备
600248.SH,陕西建工,陕建股份,建筑工程
301305.SZ,朗坤环境,朗坤环境,环境保护
688626.SH,翔宇医疗,翔宇医疗,医疗保健
688030.SH,山石网科,山石网科,软件服务
002291.SZ,遥望科技,遥望科技,广告包装
002019.SZ,亿帆医药,亿帆医药,化学制药
600641.SH,万业企业,万业企业,区域地产
002314.SZ,南山控股,南山控股,区域地产
688001.SH,华兴源创,华兴源创,专用机械
688567.SH,孚能科技,孚能科技,电气设备
002043.SZ,兔宝宝,兔宝宝,其他建材
603730.SH,岱美股份,岱美股份,汽车配件
603737.SH,三棵树,三棵树,染料涂料
601877.SH,正泰电器,正泰电器,电气设备
002600.SZ,领益智造,领益智造,元器件
300587.SZ,天铁股份,天铁科技,橡胶
688023.SH,安恒信息,安恒信息,软件服务
600185.SH,格力地产,格力地产,区域地产
688008.SH,澜起科技,澜起科技,半导体
002409.SZ,雅克科技,雅克科技,半导体
002497.SZ,雅化集团,雅化集团,小金属
301039.SZ,中集车辆,中集车辆,汽车整车
688236.SH,春立医疗,春立医疗,医疗保健
605268.SH,王力安防,王力安防,家居用品
603212.SH,赛伍技术,赛伍技术,塑料
002607.SZ,中公教育,中公教育,文教休闲
688109.SH,品茗科技,品茗科技,软件服务
002215.SZ,诺普信,诺普信,农药化肥
002928.SZ,华夏航空,华夏航空,空运
300976.SZ,达瑞电子,达瑞电子,元器件
688517.SH,金冠电气,金冠电气,电气设备
601788.SH,光大证券,光大证券,证券
603778.SH,乾景园林,国晟科技,电气设备
002829.SZ,星网宇达,星网宇达,航空
002587.SZ,奥拓电子,奥拓电子,元器件
603661.SH,恒林股份,恒林股份,家居用品
600212.SH,绿能慧充,绿能慧充,电气设备
603668.SH,天马科技,天马科技,饲料
600728.SH,佳都科技,佳都科技,软件服务
000888.SZ,峨眉山A,峨眉山A,旅游景点
300430.SZ,诚益通,诚益通,电器仪表
688766.SH,普冉股份,普冉股份,半导体
600477.SH,杭萧钢构,杭萧钢构,钢加工
002739.SZ,万达电影,万达电影,影视音像
603319.SH,湘油泵,湘油泵,汽车配件
002797.SZ,第一创业,第一创业,证券
601816.SH,京沪高铁,京沪高铁,铁路
688226.SH,威腾电气,威腾电气,电气设备
601326.SH,秦港股份,秦港股份,港口
688388.SH,嘉元科技,嘉元科技,电气设备
601000.SH,唐山港,唐山港,港口
300182.SZ,捷成股份,捷成股份,影视音像
003026.SZ,中晶科技,中晶科技,半导体
301266.SZ,宇邦新材,宇邦新材,电气设备
000657.SZ,中钨高新,中钨高新,小金属
600370.SH,三房巷,三房巷,化工原料
002068.SZ,黑猫股份,黑猫股份,化工原料
603098.SH,森特股份,森特股份,装修装饰
001282.SZ,三联锻造,三联锻造,汽车配件
603489.SH,八方股份,八方股份,电气设备
000651.SZ,格力电器,格力电器,家用电器
000935.SZ,四川双马,四川双马,水泥
601001.SH,晋控煤业,晋控煤业,煤炭开采
002668.SZ,奥马电器,TCL智家,家用电器
600418.SH,江淮汽车,江淮汽车,汽车整车
000552.SZ,甘肃能化,甘肃能化,煤炭开采
688208.SH,道通科技,道通科技,IT设备
300456.SZ,赛微电子,赛微电子,半导体
688225.SH,亚信安全,亚信安全,软件服务
000032.SZ,深桑达A,深桑达A,建筑工程
002160.SZ,常铝股份,常铝股份,铝
600848.SH,上海临港,上海临港,园区开发
603856.SH,东宏股份,东宏股份,塑料
603960.SH,克来机电,克来机电,汽车配件
601016.SH,节能风电,节能风电,新型电力
002623.SZ,亚玛顿,亚玛顿,玻璃
600990.SH,四创电子,四创电子,通信设备
300369.SZ,绿盟科技,绿盟科技,软件服务
688458.SH,美芯晟,美芯晟,半导体
002487.SZ,大金重工,大金重工,电气设备
300360.SZ,炬华科技,炬华科技,电器仪表
000546.SZ,金圆股份,金圆股份,环境保护
603050.SH,科林电气,科林电气,电气设备
601127.SH,赛力斯,赛力斯,汽车整车
301171.SZ,易点天下,易点天下,互联网
600167.SH,联美控股,联美控股,供气供热
300679.SZ,电连技术,电连技术,元器件
300947.SZ,德必集团,德必集团,房产服务
600704.SH,物产中大,物产中大,仓储物流
600863.SH,内蒙华电,内蒙华电,火力发电
002724.SZ,海洋王,海洋王,元器件
002925.SZ,盈趣科技,盈趣科技,元器件
000997.SZ,新大陆,新大陆,IT设备
600686.SH,金龙汽车,金龙汽车,汽车整车
002585.SZ,双星新材,双星新材,塑料
603610.SH,麒盛科技,麒盛科技,家居用品
002250.SZ,联化科技,联化科技,化工原料
002573.SZ,清新环境,清新环境,环境保护
688173.SH,希荻微,希荻微,半导体
430685.BJ,新芝生物,新芝生物,电器仪表
600577.SH,精达股份,精达股份,电气设备
300358.SZ,楚天科技,楚天科技,医疗保健
600456.SH,宝钛股份,宝钛股份,小金属
605128.SH,上海沿浦,上海沿浦,汽车配件
688401.SH,路维光电,路维光电,半导体
300927.SZ,江天化学,江天化学,化工原料
002926.SZ,华西证券,华西证券,证券
002749.SZ,国光股份,国光股份,农药化肥
002498.SZ,汉缆股份,汉缆股份,电气设备
301088.SZ,戎美股份,戎美股份,服饰
600143.SH,金发科技,金发科技,塑料
000507.SZ,珠海港,珠海港,港口
601108.SH,财通证券,财通证券,证券
600533.SH,栖霞建设,栖霞建设,区域地产
002110.SZ,三钢闽光,三钢闽光,普钢
002971.SZ,和远气体,和远气体,化工原料
688789.SH,宏华数科,宏华数科,专用机械
000875.SZ,吉电股份,吉电股份,火力发电
603633.SH,徕木股份,徕木股份,汽车配件
831726.BJ,朱老六,朱老六,食品
831087.BJ,秋乐种业,秋乐种业,种植业
600475.SH,华光环能,华光环能,环境保护
688779.SH,长远锂科,五矿新能,电气设备
002810.SZ,山东赫达,山东赫达,化工原料
603777.SH,来伊份,来伊份,食品
688335.SH,复洁环保,复洁环保,环境保护
688496.SH,清越科技,清越科技,元器件
605186.SH,健麾信息,健麾信息,专用机械
688231.SH,隆达股份,隆达股份,航空
002559.SZ,亚威股份,亚威股份,机床制造
300396.SZ,迪瑞医疗,迪瑞医疗,医疗保健
002252.SZ,上海莱士,上海莱士,生物制药
603516.SH,淳中科技,淳中科技,IT设备
688297.SH,中无人机,中无人机,航空
603100.SH,川仪股份,川仪股份,电器仪表
688220.SH,翱捷科技,翱捷科技-U,半导体
002540.SZ,亚太科技,亚太科技,铝
002159.SZ,三特索道,三特索道,旅游服务
688690.SH,纳微科技,纳微科技,化工原料
688310.SH,迈得医疗,迈得医疗,医疗保健
601609.SH,金田股份,金田股份,铜
000528.SZ,柳工,柳工,工程机械
002976.SZ,瑞玛精密,瑞玛精密,汽车配件
688128.SH,中国电研,中国电研,专用机械
300513.SZ,恒实科技,恒实科技,软件服务
600512.SH,腾达建设,腾达建设,建筑工程
002880.SZ,卫光生物,卫光生物,生物制药
600567.SH,山鹰国际,山鹰国际,造纸
688408.SH,中信博,中信博,电气设备
601992.SH,金隅集团,金隅集团,水泥
300825.SZ,阿尔特,阿尔特,汽车服务
603380.SH,易德龙,易德龙,元器件
000790.SZ,华神科技,华神科技,中成药
300371.SZ,汇中股份,汇中股份,电器仪表
000881.SZ,中广核技,中广核技,化工原料
301257.SZ,普蕊斯,普蕊斯,医疗保健
300494.SZ,盛天网络,盛天网络,互联网
002115.SZ,三维通信,三维通信,互联网
688678.SH,福立旺,福立旺,元器件
003004.SZ,声迅股份,声迅股份,IT设备
300531.SZ,优博讯,优博讯,IT设备
002225.SZ,濮耐股份,濮耐股份,其他建材
600639.SH,浦东金桥,浦东金桥,园区开发
301128.SZ,强瑞技术,强瑞技术,专用机械
603229.SH,奥翔药业,奥翔药业,化学制药
688622.SH,禾信仪器,禾信仪器,电器仪表
301333.SZ,诺思格,诺思格,医疗保健
688198.SH,佰仁医疗,佰仁医疗,医疗保健
600581.SH,八一钢铁,八一钢铁,普钢
839371.BJ,欧福蛋业,欧福蛋业,食品
600488.SH,津药药业,津药药业,化学制药
836414.BJ,欧普泰,欧普泰,电器仪表
002396.SZ,星网锐捷,星网锐捷,通信设备
603533.SH,掌阅科技,掌阅科技,互联网
688661.SH,和林微纳,和林微纳,元器件
301098.SZ,金埔园林,金埔园林,建筑工程
300185.SZ,通裕重工,通裕重工,工程机械
600339.SH,中油工程,中油工程,石油开采
600458.SH,时代新材,时代新材,塑料
301391.SZ,卡莱特,卡莱特,IT设备
832471.BJ,美邦科技,美邦科技,化工原料
688389.SH,普门科技,普门科技,医疗保健
603061.SH,金海通,金海通,半导体
688244.SH,永信至诚,永信至诚,软件服务
300773.SZ,拉卡拉,拉卡拉,软件服务
002935.SZ,天奥电子,天奥电子,航空
835305.BJ,云创数据,云创数据,软件服务
688286.SH,敏芯股份,敏芯股份,半导体
688551.SH,科威尔,科威尔,专用机械
603163.SH,圣晖集成,圣晖集成,建筑工程
603322.SH,超讯通信,超讯通信,通信设备
871478.BJ,巨能股份,巨能股份,专用机械
605177.SH,东亚药业,东亚药业,化学制药
000688.SZ,国城矿业,国城矿业,铅锌
430017.BJ,星昊医药,星昊医药,化学制药
000589.SZ,贵州轮胎,贵州轮胎,汽车配件
688593.SH,新相微,新相微,半导体
300697.SZ,电工合金,电工合金,铜
688288.SH,鸿泉物联,鸿泉物联,IT设备
301239.SZ,普瑞眼科,普瑞眼科,医疗保健
002912.SZ,中新赛克,中新赛克,IT设备
300872.SZ,天阳科技,天阳科技,软件服务
835857.BJ,百甲科技,百甲科技,钢加工
830799.BJ,艾融软件,艾融软件,软件服务
000923.SZ,河钢资源,河钢资源,普钢
830779.BJ,武汉蓝电,武汉蓝电,电器仪表
603569.SH,长久物流,长久物流,公路
301310.SZ,鑫宏业,鑫宏业,汽车配件
002897.SZ,意华股份,意华股份,元器件
832662.BJ,方盛股份,方盛股份,机械基件
430300.BJ,辰光医疗,辰光医疗,医疗保健
688292.SH,浩瀚深度,浩瀚深度,通信设备
688523.SH,航天环宇,航天环宇,航空
300276.SZ,三丰智能,三丰智能,专用机械
301323.SZ,新莱福,新莱福,橡胶
688570.SH,天玛智控,天玛智控,专用机械
300743.SZ,天地数码,天地数码,IT设备
301353.SZ,普莱得,普莱得,专用机械
688026.SH,洁特生物,洁特生物,医疗保健
688279.SH,峰岹科技,峰岹科技,半导体
002408.SZ,齐翔腾达,齐翔腾达,化工原料
603567.SH,珍宝岛,珍宝岛,中成药
600861.SH,北京人力,北京人力,文教休闲
688110.SH,东芯股份,东芯股份,半导体
300677.SZ,英科医疗,英科医疗,医疗保健
600751.SH,海航科技,海航科技,水运
300402.SZ,宝色股份,宝色股份,专用机械
002993.SZ,奥海科技,奥海科技,元器件
301028.SZ,东亚机械,东亚机械,专用机械
688197.SH,首药控股,首药控股-U,化学制药
000413.SZ,东旭光电,,
002979.SZ,雷赛智能,雷赛智能,专用机械
833533.BJ,骏创科技,骏创科技,汽车配件
300049.SZ,福瑞股份,福瑞股份,医疗保健
300989.SZ,蕾奥规划,蕾奥规划,建筑工程
301383.SZ,天键股份,天键股份,元器件
301320.SZ,豪江智能,豪江智能,电气设备
300236.SZ,上海新阳,上海新阳,半导体
001373.SZ,翔腾新材,翔腾新材,元器件
601778.SH,晶科科技,晶科科技,新型电力
688576.SH,西山科技,西山科技,医疗保健
300148.SZ,天舟文化,天舟文化,出版业
688192.SH,迪哲医药,迪哲医药-U,生物制药
688623.SH,双元科技,双元科技,专用机械
301022.SZ,海泰科,海泰科,专用机械
000503.SZ,国新健康,国新健康,软件服务
603039.SH,泛微网络,泛微网络,软件服务
301355.SZ,南王科技,南王科技,广告包装
832419.BJ,路斯股份,路斯股份,饲料
839729.BJ,永顺生物,永顺生物,农业综合
002326.SZ,永太科技,永太科技,化工原料
000713.SZ,丰乐种业,丰乐种业,种植业
688472.SH,阿特斯,阿特斯,电气设备
688273.SH,麦澜德,麦澜德,医疗保健
603239.SH,浙江仙通,浙江仙通,汽车配件
600259.SH,广晟有色,广晟有色,小金属
836221.BJ,易实精密,易实精密,汽车配件
601678.SH,滨化股份,滨化股份,化工原料
002820.SZ,桂发祥,桂发祥,食品
301149.SZ,隆华新材,隆华新材,化工原料
300893.SZ,松原股份,松原安全,汽车配件
430476.BJ,海能技术,海能技术,电器仪表
688590.SH,新致软件,新致软件,软件服务
839719.BJ,宁新新材,宁新新材,化工原料
688339.SH,亿华通,亿华通-U,汽车配件
002901.SZ,大博医疗,大博医疗,医疗保健
603299.SH,苏盐井神,苏盐井神,食品
600114.SH,东睦股份,东睦股份,机械基件
301046.SZ,能辉科技,能辉科技,建筑工程
301232.SZ,飞沃科技,飞沃科技,机械基件
603967.SH,中创物流,中创物流,仓储物流
002986.SZ,宇新股份,宇新股份,化工原料
300493.SZ,润欣科技,润欣科技,元器件
301220.SZ,亚香股份,亚香股份,化工原料
688328.SH,深科达,深科达,专用机械
300672.SZ,国科微,国科微,半导体
688334.SH,西高院,西高院,电气设备
871970.BJ,大禹生物,大禹生物,化学制药
603065.SH,宿迁联盛,宿迁联盛,化工原料
301356.SZ,天振股份,天振股份,家居用品
838275.BJ,驱动力,驱动力,农业综合
301225.SZ,恒勃股份,恒勃股份,汽车配件
833751.BJ,惠同新材,惠同新材,小金属
300617.SZ,安靠智电,安靠智电,电气设备
688312.SH,燕麦科技,燕麦科技,专用机械
838262.BJ,太湖雪,太湖雪,纺织
002919.SZ,名臣健康,名臣健康,互联网
000617.SZ,中油资本,中油资本,多元金融
688049.SH,炬芯科技,炬芯科技,半导体
301262.SZ,海看股份,海看股份,影视音像
688443.SH,智翔金泰,智翔金泰-U,生物制药
834765.BJ,美之高,美之高,家居用品
002544.SZ,普天科技,普天科技,通信设备
831445.BJ,龙竹科技,龙竹科技,家居用品
301315.SZ,威士顿,威士顿,软件服务
301376.SZ,致欧科技,致欧科技,家居用品
301287.SZ,康力源,康力源,文教休闲
600603.SH,广汇物流,ST广物,区域地产
688543.SH,国科军工,国科军工,专用机械
301397.SZ,溯联股份,溯联股份,汽车配件
300594.SZ,朗进科技,朗进科技,运输设备
838030.BJ,德众汽车,德众汽车,汽车服务
836149.BJ,旭杰科技,旭杰科技,建筑工程
603187.SH,海容冷链,海容冷链,机械基件
601179.SH,中国西电,中国西电,电气设备
600491.SH,龙元建设,龙元建设,建筑工程
430564.BJ,天润科技,天润科技,软件服务
688237.SH,超卓航科,超卓航科,航空
002327.SZ,富安娜,富安娜,纺织
000922.SZ,佳电股份,佳电股份,电气设备
688289.SH,圣湘生物,圣湘生物,医疗保健
600301.SH,华锡有色,华锡有色,小金属
002424.SZ,贵州百灵,ST百灵,中成药
300040.SZ,九洲集团,九洲集团,新型电力
833171.BJ,国航远洋,国航远洋,水运
600277.SH,亿利洁能,,
002864.SZ,盘龙药业,盘龙药业,中成药
301295.SZ,美硕科技,美硕科技,电气设备
831304.BJ,迪尔化工,迪尔化工,化工原料
605389.SH,长龄液压,长龄液压,机械基件
603020.SH,爱普股份,爱普股份,食品
300804.SZ,广康生化,广康生化,农药化肥
688620.SH,安凯微,安凯微,半导体
002321.SZ,华英农业,华英农业,农业综合
002608.SZ,江苏国信,江苏国信,火力发电
430718.BJ,合肥高科,合肥高科,家用电器
301170.SZ,锡南科技,锡南科技,汽车配件
600166.SH,福田汽车,福田汽车,汽车整车
300426.SZ,唐德影视,唐德影视,影视音像
300675.SZ,建科院,建科院,建筑工程
300818.SZ,耐普矿机,耐普矿机,专用机械
688629.SH,华丰科技,华丰科技,元器件
832651.BJ,天罡股份,天罡股份,电器仪表
832149.BJ,利尔达,利尔达,元器件
833455.BJ,汇隆活塞,汇隆活塞,专用机械
872392.BJ,佳合科技,佳合科技,广告包装
688429.SH,时创能源,时创能源,电气设备
688631.SH,莱斯信息,莱斯信息,软件服务
301395.SZ,仁信新材,仁信新材,化工原料
301291.SZ,明阳电气,明阳电气,电气设备
831278.BJ,泰德股份,泰德股份,汽车配件
300898.SZ,熊猫乳品,熊猫乳品,乳制品
830839.BJ,万通液压,万通液压,工程机械
300712.SZ,永福股份,永福股份,建筑工程
688582.SH,芯动联科,芯动联科,电器仪表
430090.BJ,同辉信息,同辉信息,IT设备
300616.SZ,尚品宅配,尚品宅配,家居用品
301488.SZ,豪恩汽电,豪恩汽电,汽车配件
870866.BJ,绿亨科技,绿亨科技,农药化肥
301210.SZ,金杨股份,金杨股份,电气设备
002970.SZ,锐明技术,锐明技术,IT设备
301292.SZ,海科新源,海科新源,化工原料
600710.SH,苏美达,苏美达,商贸代理
834682.BJ,球冠电缆,球冠电缆,电气设备
870436.BJ,大地电气,大地电气,汽车配件
301159.SZ,三维天地,三维天地,软件服务
837663.BJ,明阳科技,明阳科技,汽车配件
838163.BJ,方大新材,方大新材,塑料
839946.BJ,华阳变速,华阳变速,汽车配件
872351.BJ,华光源海,华光源海,仓储物流
300840.SZ,酷特智能,酷特智能,服饰
830964.BJ,润农节水,润农节水,建筑工程
873305.BJ,九菱科技,九菱科技,机械基件
838227.BJ,美登科技,美登科技,软件服务
836675.BJ,秉扬科技,秉扬科技,矿物制品
688656.SH,浩欧博,浩欧博,医疗保健
833454.BJ,同心传动,同心传动,汽车配件
688191.SH,智洋创新,智洋创新,软件服务
301261.SZ,恒工精密,恒工精密,机械基件
831010.BJ,凯添燃气,凯添燃气,供气供热
300846.SZ,首都在线,首都在线,软件服务
301202.SZ,朗威股份,朗威股份,机械基件
839167.BJ,同享科技,同享科技,小金属
837212.BJ,智新电子,智新电子,元器件
838810.BJ,春光药装,春光药装,专用机械
600266.SH,城建发展,城建发展,区域地产
836717.BJ,瑞星股份,瑞星股份,专用机械
601665.SH,齐鲁银行,齐鲁银行,银行
301025.SZ,读客文化,读客文化,出版业
836260.BJ,中寰股份,中寰股份,专用机械
831526.BJ,凯华材料,凯华材料,化工原料
834639.BJ,晨光电缆,晨光电缆,电气设备
836826.BJ,盖世食品,盖世食品,食品
301486.SZ,致尚科技,致尚科技,元器件
000969.SZ,安泰科技,安泰科技,小金属
603499.SH,翔港科技,翔港科技,广告包装
832566.BJ,梓橦宫,梓橦宫,化学制药
301370.SZ,国科恒泰,国科恒泰,医药商业
688603.SH,天承科技,天承科技,化工原料
300458.SZ,全志科技,全志科技,半导体
002780.SZ,三夫户外,三夫户外,服饰
839680.BJ,广道数字,广道数字,软件服务
870357.BJ,雅葆轩,雅葆轩,元器件
833346.BJ,威贸电子,威贸电子,元器件
837821.BJ,则成电子,则成电子,元器件
605180.SH,华生科技,华生科技,纺织
835184.BJ,国源科技,国源科技,软件服务
301272.SZ,英华特,英华特,专用机械
601333.SH,广深铁路,广深铁路,铁路
301456.SZ,盘古智能,盘古智能,电气设备
001238.SZ,浙江正特,浙江正特,家居用品
832089.BJ,禾昌聚合,禾昌聚合,塑料
600537.SH,亿晶光电,亿晶光电,电气设备
601177.SH,杭齿前进,杭齿前进,机械基件
000700.SZ,模塑科技,模塑科技,汽车配件
301329.SZ,信音电子,信音电子,元器件
871245.BJ,威博液压,威博液压,机械基件
300302.SZ,同有科技,同有科技,IT设备
831855.BJ,浙江大农,浙江大农,机床制造
002606.SZ,大连电瓷,大连电瓷,电气设备
837592.BJ,华信永道,华信永道,软件服务
688097.SH,博众精工,博众精工,专用机械
430418.BJ,苏轴股份,苏轴股份,汽车配件
832171.BJ,志晟信息,志晟信息,软件服务
837006.BJ,晟楠科技,晟楠科技,航空
834014.BJ,特瑞斯,特瑞斯,专用机械
833873.BJ,中设咨询,中设咨询,建筑工程
833427.BJ,华维设计,华维设计,建筑工程
834415.BJ,恒拓开源,恒拓开源,软件服务
833580.BJ,科创新材,科创新材,其他建材
833943.BJ,优机股份,优机股份,机械基件
834475.BJ,三友科技,三友科技,专用机械
836892.BJ,广咨国际,广咨国际,建筑工程
300609.SZ,汇纳科技,汇纳科技,软件服务
832145.BJ,恒合股份,恒合股份,环境保护
837242.BJ,建邦科技,建邦科技,汽车配件
301381.SZ,赛维时代,赛维时代,互联网
000795.SZ,英洛华,英洛华,矿物制品
000426.SZ,兴业银锡,兴业银锡,铅锌
832225.BJ,利通科技,利通科技,橡胶
834770.BJ,艾能聚,艾能聚,电气设备
000530.SZ,冰山冷热,冰山冷热,机械基件
836871.BJ,派特尔,派特尔,塑料
688595.SH,芯海科技,芯海科技,半导体
430510.BJ,丰光精密,丰光精密,机械基件
872925.BJ,锦好医疗,锦好医疗,医疗保健
832278.BJ,鹿得医疗,鹿得医疗,医疗保健
002338.SZ,奥普光电,奥普光电,电器仪表
688610.SH,埃科光电,埃科光电,电器仪表
872895.BJ,花溪科技,花溪科技,农用机械
836942.BJ,恒立钻具,恒立钻具,机械基件
839790.BJ,联迪信息,联迪信息,软件服务
002688.SZ,金河生物,金河生物,农业综合
873576.BJ,天力复合,天力复合,小金属
600703.SH,三安光电,三安光电,半导体
301505.SZ,苏州规划,苏州规划,建筑工程
871753.BJ,天纺标,天纺标,纺织
832175.BJ,东方碳素,东方碳素,化工原料
833429.BJ,康比特,康比特,食品
870199.BJ,倍益康,倍益康,家用电器
688627.SH,精智达,精智达,专用机械
301503.SZ,智迪科技,智迪科技,IT设备
301499.SZ,维科精密,维科精密,汽车配件
603698.SH,航天工程,航天工程,专用机械
688563.SH,航材股份,航材股份,航空
603278.SH,大业股份,大业股份,钢加工
301263.SZ,泰恩康,泰恩康,医药商业
600225.SH,卓朗科技,退卓朗,
832023.BJ,田野股份,田野股份,食品
600216.SH,浙江医药,浙江医药,化学制药
873122.BJ,中纺标,中纺标,综合类
300757.SZ,罗博特科,罗博特科,专用机械
600987.SH,航民股份,航民股份,纺织
301515.SZ,港通医疗,港通医疗,医疗保健
600663.SH,陆家嘴,陆家嘴,园区开发
688387.SH,信科移动,信科移动-U,通信设备
300315.SZ,掌趣科技,掌趣科技,互联网
603032.SH,德新科技,德新科技,专用机械
301217.SZ,铜冠铜箔,铜冠铜箔,元器件
003041.SZ,真爱美家,真爱美家,纺织
002846.SZ,英联股份,英联股份,广告包装
002922.SZ,伊戈尔,伊戈尔,电气设备
688602.SH,康鹏科技,康鹏科技,化工原料
430198.BJ,微创光电,微创光电,IT设备
300901.SZ,中胤时尚,中胤时尚,服饰
301172.SZ,君逸数码,君逸数码,软件服务
688393.SH,安必平,安必平,医疗保健
873169.BJ,七丰精工,七丰精工,机械基件
603839.SH,安正时尚,安正时尚,服饰
831834.BJ,三维股份,三维股份,塑料
002092.SZ,中泰化学,ST中泰,化工原料
688450.SH,光格科技,光格科技,电器仪表
603629.SH,利通电子,利通电子,元器件
870508.BJ,丰安股份,丰安股份,机械基件
832982.BJ,锦波生物,锦波生物,医疗保健
600075.SH,新疆天业,新疆天业,化工原料
832110.BJ,雷特科技,雷特科技,电气设备
000680.SZ,山推股份,山推股份,工程机械
836247.BJ,华密新材,华密新材,橡胶
300745.SZ,欣锐科技,欣锐科技,汽车配件
430425.BJ,乐创技术,乐创技术,专用机械
870299.BJ,灿能电力,灿能电力,电气设备
831305.BJ,海希通讯,海希通讯,电器仪表
300261.SZ,雅本化学,雅本化学,农药化肥
830832.BJ,齐鲁华信,齐鲁华信,化工原料
836957.BJ,汉维科技,汉维科技,化工原料
301512.SZ,智信精密,智信精密,专用机械
837046.BJ,亿能电力,亿能电力,电气设备
834950.BJ,迅安科技,迅安科技,元器件
603206.SH,嘉环科技,嘉环科技,通信设备
605488.SH,福莱新材,福莱新材,塑料
832000.BJ,安徽凤凰,安徽凤凰,汽车配件
301446.SZ,福事特,福事特,机械基件
301393.SZ,昊帆生物,昊帆生物,化工原料
002866.SZ,传艺科技,传艺科技,IT设备
688651.SH,盛邦安全,盛邦安全,软件服务
688612.SH,威迈斯,威迈斯,汽车配件
301519.SZ,舜禹股份,舜禹股份,专用机械
300838.SZ,浙江力诺,浙江力诺,机械基件
300610.SZ,晨化股份,晨化股份,化工原料
300643.SZ,万通智控,万通智控,汽车配件
603326.SH,我乐家居,我乐家居,家居用品
834407.BJ,驰诚股份,驰诚股份,电器仪表
300375.SZ,鹏翎股份,鹏翎股份,汽车配件
831641.BJ,格利尔,格利尔,矿物制品
603119.SH,浙江荣泰,浙江荣泰,汽车配件
873339.BJ,恒太照明,恒太照明,家用电器
301371.SZ,敷尔佳,敷尔佳,日用化工
872541.BJ,铁大科技,铁大科技,运输设备
688646.SH,逸飞激光,逸飞激光,专用机械
000526.SZ,学大教育,学大教育,文教休闲
920099.BJ,瑞华技术,瑞华技术,
833230.BJ,欧康医药,欧康医药,生物制药
300981.SZ,中红医疗,中红医疗,医疗保健
301518.SZ,长华化学,长华化学,化工原料
871396.BJ,常辅股份,常辅股份,电器仪表
300445.SZ,康斯特,康斯特,电器仪表
600794.SH,保税科技,保税科技,仓储物流
831689.BJ,克莱特,克莱特,专用机械
301509.SZ,金凯生科,金凯生科,化学制药
002051.SZ,中工国际,中工国际,建筑工程
836395.BJ,朗鸿科技,朗鸿科技,IT设备
002973.SZ,侨银股份,侨银股份,环境保护
601968.SH,宝钢包装,宝钢包装,广告包装
836807.BJ,奔朗新材,奔朗新材,机械基件
601163.SH,三角轮胎,三角轮胎,汽车配件
873223.BJ,荣亿精密,荣亿精密,机械基件
831039.BJ,国义招标,国义招标,建筑工程
301362.SZ,民爆光电,民爆光电,电气设备
836433.BJ,大唐药业,大唐药业,中成药
688403.SH,汇成股份,汇成股份,半导体
837092.BJ,汉鑫科技,汉鑫科技,软件服务
871553.BJ,凯腾精工,凯腾精工,专用机械
831370.BJ,新安洁,新安洁,环境保护
871981.BJ,晶赛科技,晶赛科技,元器件
688625.SH,呈和科技,呈和科技,化工原料
300192.SZ,科德教育,科德教育,文教休闲
688347.SH,华虹公司,华虹公司,半导体
688425.SH,铁建重工,铁建重工,工程机械
301207.SZ,华兰疫苗,华兰疫苗,生物制药
000521.SZ,长虹美菱,长虹美菱,家用电器
603363.SH,傲农生物,*ST傲农,饲料
300272.SZ,开能健康,开能健康,家用电器
838701.BJ,豪声电子,豪声电子,元器件
002723.SZ,小崧股份,小崧股份,家用电器
833914.BJ,远航精密,远航精密,小金属
688062.SH,迈威生物,迈威生物-U,生物制药
301348.SZ,蓝箭电子,蓝箭电子,半导体
603296.SH,华勤技术,华勤技术,元器件
002324.SZ,普利特,普利特,塑料
301487.SZ,盟固利,盟固利,化工原料
688456.SH,有研粉材,有研粉材,铜
003013.SZ,地铁设计,地铁设计,建筑工程
301372.SZ,科净源,科净源,环境保护
300904.SZ,威力传动,威力传动,电气设备
603281.SH,江瀚新材,江瀚新材,化工原料
688671.SH,碧兴物联,碧兴物联,环境保护
688336.SH,三生国健,三生国健,生物制药
600215.SH,派斯林,派斯林,专用机械
600749.SH,西藏旅游,西藏旅游,旅游景点
002036.SZ,联创电子,联创电子,元器件
301533.SZ,威马农机,威马农机,农用机械
300644.SZ,南京聚隆,南京聚隆,塑料
300572.SZ,安车检测,安车检测,电器仪表
301510.SZ,固高科技,固高科技,电器仪表
603160.SH,汇顶科技,汇顶科技,半导体
001316.SZ,润贝航科,润贝航科,批发业
300536.SZ,农尚环境,*ST农尚,建筑工程
301511.SZ,德福科技,德福科技,电气设备
301127.SZ,天源环保,天源环保,环境保护
688592.SH,司南导航,司南导航,通信设备
301418.SZ,协昌科技,协昌科技,电气设备
300114.SZ,中航电测,,
605368.SH,蓝天燃气,蓝天燃气,供气供热
688548.SH,广钢气体,广钢气体,化工原料
300963.SZ,中洲特材,中洲特材,小金属
301498.SZ,乖宝宠物,乖宝宠物,饲料
603822.SH,嘉澳环保,嘉澳环保,化工原料
837174.BJ,宏裕包材,宏裕包材,广告包装
688325.SH,赛微微电,赛微微电,半导体
300475.SZ,香农芯创,香农芯创,元器件
600008.SH,首创环保,首创环保,水务
688573.SH,信宇人,信宇人,专用机械
688416.SH,恒烁股份,恒烁股份,半导体
300239.SZ,东宝生物,东宝生物,生物制药
300246.SZ,宝莱特,宝莱特,医疗保健
688693.SH,锴威特,锴威特,半导体
301469.SZ,恒达新材,恒达新材,造纸
603496.SH,恒为科技,恒为科技,IT设备
871634.BJ,新威凌,新威凌,铅锌
002380.SZ,科远智慧,科远智慧,软件服务
837748.BJ,路桥信息,路桥信息,软件服务
871642.BJ,通易航天,通易航天,航空
000035.SZ,中国天楹,中国天楹,环境保护
601918.SH,新集能源,新集能源,煤炭开采
301106.SZ,骏成科技,骏成科技,元器件
601019.SH,山东出版,山东出版,出版业
600482.SH,中国动力,中国动力,船舶
688061.SH,灿瑞科技,灿瑞科技,半导体
002083.SZ,孚日股份,孚日股份,纺织
872953.BJ,国子软件,国子软件,软件服务
300379.SZ,东方通,东方通,软件服务
000931.SZ,中关村,中关村,化学制药
002713.SZ,东易日盛,东易日盛,装修装饰
002061.SZ,浙江交科,浙江交科,建筑工程
688391.SH,钜泉科技,钜泉科技,半导体
603275.SH,众辰科技,众辰科技,电器仪表
836504.BJ,博迅生物,博迅生物,医疗保健
600675.SH,中华企业,中华企业,区域地产
001207.SZ,联科科技,联科科技,化工原料
000560.SZ,我爱我家,我爱我家,房产服务
601107.SH,四川成渝,四川成渝,路桥
000623.SZ,吉林敖东,吉林敖东,中成药
301528.SZ,多浦乐,多浦乐,电器仪表
688510.SH,航亚科技,航亚科技,航空
835179.BJ,凯德石英,凯德石英,矿物制品
301070.SZ,开勒股份,开勒股份,机械基件
001368.SZ,通达创智,通达创智,文教休闲
688591.SH,泰凌微,泰凌微,半导体
603528.SH,多伦科技,多伦科技,软件服务
835207.BJ,众诚科技,众诚科技,软件服务
603773.SH,沃格光电,沃格光电,元器件
600000.SH,浦发银行,浦发银行,银行
870726.BJ,鸿智科技,鸿智科技,家用电器
831768.BJ,拾比佰,拾比佰,家用电器
002340.SZ,格林美,格林美,小金属
603309.SH,维力医疗,维力医疗,医疗保健
002558.SZ,巨人网络,巨人网络,互联网
600971.SH,恒源煤电,恒源煤电,煤炭开采
688185.SH,康希诺,康希诺,生物制药
870204.BJ,沪江材料,沪江材料,塑料
834058.BJ,华洋赛车,华洋赛车,摩托车
301507.SZ,民生健康,民生健康,化学制药
301158.SZ,德石股份,德石股份,专用机械
300664.SZ,鹏鹞环保,鹏鹞环保,环境保护
300083.SZ,创世纪,创世纪,机床制造
301525.SZ,儒竞科技,儒竞科技,家用电器
600888.SH,新疆众和,新疆众和,铝
301190.SZ,善水科技,善水科技,染料涂料
301317.SZ,鑫磊股份,鑫磊股份,机械基件
600059.SH,古越龙山,古越龙山,红黄酒
002602.SZ,世纪华通,ST华通,互联网
688176.SH,亚虹医药,亚虹医药-U,化学制药
002196.SZ,方正电机,方正电机,纺织机械
603270.SH,金帝股份,金帝股份,机械基件
002857.SZ,三晖电气,三晖电气,电器仪表
002079.SZ,苏州固锝,苏州固锝,电气设备
600392.SH,盛和资源,盛和资源,小金属
000779.SZ,甘咨询,甘咨询,建筑工程
300174.SZ,元力股份,元力股份,化工原料
688183.SH,生益电子,生益电子,元器件
301251.SZ,威尔高,威尔高,元器件
688143.SH,长盈通,长盈通,通信设备
300042.SZ,朗科科技,朗科科技,IT设备
300047.SZ,天源迪科,天源迪科,软件服务
300731.SZ,科创新源,科创新源,橡胶
688549.SH,中巨芯,中巨芯-U,元器件
300332.SZ,天壕能源,天壕能源,供气供热
002125.SZ,湘潭电化,湘潭电化,化工原料
603238.SH,诺邦股份,诺邦股份,纺织
300342.SZ,天银机电,天银机电,家用电器
300815.SZ,玉禾田,玉禾田,环境保护
301208.SZ,中亦科技,中亦科技,软件服务
301529.SZ,福赛科技,福赛科技,汽车配件
605179.SH,一鸣食品,一鸣食品,乳制品
688277.SH,天智航,天智航-U,医疗保健
301378.SZ,通达海,通达海,软件服务
300233.SZ,金城医药,金城医药,化学制药
003033.SZ,征和工业,征和工业,汽车配件
603075.SH,热威股份,热威股份,家用电器
688117.SH,圣诺生物,圣诺生物,生物制药
002615.SZ,哈尔斯,哈尔斯,家居用品
300895.SZ,铜牛信息,铜牛信息,软件服务
301062.SZ,上海艾录,上海艾录,广告包装
301297.SZ,富乐德,富乐德,半导体
300615.SZ,欣天科技,欣天科技,通信设备
688123.SH,聚辰股份,聚辰股份,半导体
837344.BJ,三元基因,三元基因,生物制药
000404.SZ,长虹华意,长虹华意,家用电器
300876.SZ,蒙泰高新,蒙泰高新,化纤
002892.SZ,科力尔,科力尔,电气设备
603308.SH,应流股份,应流股份,机械基件
600684.SH,珠江股份,珠江股份,区域地产
835508.BJ,殷图网联,殷图网联,电气设备
831856.BJ,浩淼科技,浩淼科技,专用机械
430047.BJ,诺思兰德,诺思兰德,生物制药
605056.SH,咸亨国际,咸亨国际,电器仪表
002053.SZ,云南能投,云南能投,食品
688177.SH,百奥泰,百奥泰,生物制药
301013.SZ,利和兴,利和兴,专用机械
600223.SH,福瑞达,福瑞达,日用化工
688702.SH,盛科通信,盛科通信-U,半导体
300972.SZ,万辰生物,万辰集团,种植业
003010.SZ,若羽臣,若羽臣,互联网
301550.SZ,斯菱股份,斯菱股份,汽车配件
601187.SH,厦门银行,厦门银行,银行
600667.SH,太极实业,太极实业,半导体
600508.SH,上海能源,上海能源,煤炭开采
000883.SZ,湖北能源,湖北能源,水力发电
300100.SZ,双林股份,双林股份,汽车配件
001313.SZ,粤海饲料,粤海饲料,饲料
688108.SH,赛诺医疗,赛诺医疗,医疗保健
002917.SZ,金奥博,金奥博,化工原料
300695.SZ,兆丰股份,兆丰股份,汽车配件
603535.SH,嘉诚国际,嘉诚国际,仓储物流
834021.BJ,流金科技,流金科技,影视音像
300480.SZ,光力科技,光力科技,专用机械
300024.SZ,机器人,机器人,专用机械
600576.SH,祥源文旅,祥源文旅,旅游景点
300613.SZ,富瀚微,富瀚微,半导体
600820.SH,隧道股份,隧道股份,建筑工程
002752.SZ,昇兴股份,昇兴股份,广告包装
601077.SH,渝农商行,渝农商行,银行
831627.BJ,力王股份,力王股份,电气设备
603989.SH,艾华集团,艾华集团,元器件
688395.SH,正弦电气,正弦电气,机械基件
300095.SZ,华伍股份,华伍股份,专用机械
300691.SZ,联合光电,联合光电,元器件
300946.SZ,恒而达,恒而达,机械基件
001309.SZ,德明利,德明利,半导体
603077.SH,和邦生物,和邦生物,化工原料
300537.SZ,广信材料,广信材料,染料涂料
600501.SH,航天晨光,航天晨光,专用机械
688379.SH,华光新材,华光新材,机械基件
300915.SZ,海融科技,海融科技,乳制品
002548.SZ,金新农,金新农,饲料
688265.SH,南模生物,南模生物,医疗保健
600186.SH,莲花健康,莲花控股,食品
002367.SZ,康力电梯,康力电梯,运输设备
002399.SZ,海普瑞,海普瑞,化学制药
301226.SZ,祥明智能,祥明智能,电气设备
300271.SZ,华宇软件,华宇软件,软件服务
001218.SZ,丽臣实业,丽臣实业,化工原料
301219.SZ,腾远钴业,腾远钴业,小金属
002708.SZ,光洋股份,光洋股份,汽车配件
002239.SZ,奥特佳,奥特佳,汽车配件
601928.SH,凤凰传媒,凤凰传媒,出版业
688600.SH,皖仪科技,皖仪科技,电器仪表
300355.SZ,蒙草生态,蒙草生态,环境保护
301548.SZ,崇德科技,崇德科技,机械基件
601900.SH,南方传媒,南方传媒,出版业
301003.SZ,江苏博云,江苏博云,塑料
300080.SZ,易成新能,易成新能,电气设备
603173.SH,福斯达,福斯达,机械基件
688716.SH,中研股份,中研股份,化工原料
301500.SZ,飞南资源,飞南资源,环境保护
300151.SZ,昌红科技,昌红科技,专用机械
002042.SZ,华孚时尚,华孚时尚,纺织
605286.SH,同力日升,同力日升,运输设备
688216.SH,气派科技,气派科技,半导体
600764.SH,中国海防,中国海防,船舶
600248.SH,陕建股份,陕建股份,建筑工程
300573.SZ,兴齐眼药,兴齐眼药,化学制药
003016.SZ,欣贺股份,欣贺股份,服饰
603638.SH,艾迪精密,艾迪精密,专用机械
000906.SZ,浙商中拓,浙商中拓,仓储物流
601811.SH,新华文轩,新华文轩,出版业
603738.SH,泰晶科技,泰晶科技,元器件
832885.BJ,星辰科技,星辰科技,电器仪表
688428.SH,诺诚健华,诺诚健华-U,生物制药
603217.SH,元利科技,元利科技,化工原料
688135.SH,利扬芯片,利扬芯片,半导体
000039.SZ,中集集团,中集集团,运输设备
688136.SH,科兴制药,科兴制药,生物制药
600596.SH,新安股份,新安股份,化工原料
301520.SZ,万邦医药,万邦医药,生物制药
688488.SH,艾迪药业,艾迪药业,生物制药
300429.SZ,强力新材,强力新材,化工原料
300648.SZ,星云股份,星云股份,电气设备
603276.SH,恒兴新材,恒兴新材,化工原料
603165.SH,荣晟环保,荣晟环保,造纸
688380.SH,中微半导,中微半导,半导体
688719.SH,爱科赛博,爱科赛博,电气设备
002983.SZ,芯瑞达,芯瑞达,元器件
300201.SZ,海伦哲,海伦哲,工程机械
600158.SH,中体产业,中体产业,文教休闲
835237.BJ,力佳科技,力佳科技,电气设备
300319.SZ,麦捷科技,麦捷科技,元器件
002795.SZ,永和智控,永和智控,机械基件
601199.SH,江南水务,江南水务,水务
300611.SZ,美力科技,美力科技,汽车配件
301558.SZ,三态股份,三态股份,互联网
300479.SZ,神思电子,神思电子,软件服务
002171.SZ,楚江新材,楚江新材,铜
600696.SH,岩石股份,岩石股份,白酒
603906.SH,龙蟠科技,龙蟠科技,电气设备
688578.SH,艾力斯,艾力斯,化学制药
873665.BJ,科强股份,科强股份,橡胶
688027.SH,国盾量子,国盾量子,通信设备
688776.SH,国光电气,国光电气,元器件
300629.SZ,新劲刚,新劲刚,元器件
300910.SZ,瑞丰新材,瑞丰新材,化工原料
300051.SZ,琏升科技,琏升科技,综合类
603193.SH,润本股份,润本股份,日用化工
002669.SZ,康达新材,康达新材,化工原料
600125.SH,铁龙物流,铁龙物流,铁路
301559.SZ,中集环科,中集环科,专用机械
688657.SH,浩辰软件,浩辰软件,软件服务
600867.SH,通化东宝,通化东宝,生物制药
301419.SZ,阿莱德,阿莱德,通信设备
688728.SH,格科微,格科微,半导体
301517.SZ,陕西华达,陕西华达,元器件
301033.SZ,迈普医学,迈普医学,医疗保健
688350.SH,富淼科技,富淼科技,化工原料
601388.SH,怡球资源,怡球资源,铝
601717.SH,郑煤机,郑煤机,专用机械
603361.SH,浙江国祥,,
832469.BJ,富恒新材,富恒新材,塑料
600271.SH,航天信息,航天信息,软件服务
603936.SH,博敏电子,博敏电子,元器件
300382.SZ,斯莱克,斯莱克,专用机械
603929.SH,亚翔集成,亚翔集成,装修装饰
002197.SZ,证通电子,ST证通,IT设备
301322.SZ,绿通科技,绿通科技,摩托车
600736.SH,苏州高新,苏州高新,园区开发
002519.SZ,银河电子,银河电子,通信设备
301160.SZ,翔楼新材,翔楼新材,机械基件
300826.SZ,测绘股份,测绘股份,建筑工程
832786.BJ,骑士乳业,骑士乳业,乳制品
002375.SZ,亚厦股份,亚厦股份,装修装饰
600527.SH,江南高纤,江南高纤,化纤
300112.SZ,万讯自控,万讯自控,电器仪表
002452.SZ,长高电新,长高电新,电气设备
002075.SZ,沙钢股份,沙钢股份,特种钢
301489.SZ,思泉新材,思泉新材,元器件
002102.SZ,冠福股份,能特科技,化学制药
603273.SH,天元智能,天元智能,专用机械
688662.SH,富信科技,富信科技,元器件
300809.SZ,华辰装备,华辰装备,机床制造
300017.SZ,网宿科技,网宿科技,软件服务
600236.SH,桂冠电力,桂冠电力,水力发电
301238.SZ,瑞泰新材,瑞泰新材,化工原料
300508.SZ,维宏股份,维宏股份,软件服务
002320.SZ,海峡股份,海峡股份,水运
300819.SZ,聚杰微纤,聚杰微纤,纺织
688275.SH,万润新能,万润新能,电气设备
300972.SZ,万辰集团,万辰集团,种植业
002274.SZ,华昌化工,华昌化工,农药化肥
688251.SH,井松智能,井松智能,专用机械
000551.SZ,创元科技,创元科技,专用机械
300789.SZ,唐源电气,唐源电气,运输设备
603660.SH,苏州科达,苏州科达,IT设备
002219.SZ,新里程,新里程,医疗保健
002127.SZ,南极电商,南极电商,互联网
605398.SH,新炬网络,新炬网络,软件服务
603958.SH,哈森股份,哈森股份,服饰
301252.SZ,同星科技,同星科技,机械基件
300346.SZ,南大光电,南大光电,半导体
600595.SH,中孚实业,中孚实业,铝
001378.SZ,德冠新材,德冠新材,塑料
301555.SZ,惠柏新材,惠柏新材,化工原料
000777.SZ,中核科技,中核科技,机械基件
603727.SH,博迈科,博迈科,石油开采
832978.BJ,开特股份,开特股份,汽车配件
688667.SH,菱电电控,菱电电控,汽车配件
603768.SH,常青股份,常青股份,汽车配件
603107.SH,上海汽配,上海汽配,汽车配件
688182.SH,灿勤科技,灿勤科技,通信设备
688118.SH,普元信息,普元信息,软件服务
873726.BJ,卓兆点胶,卓兆点胶,机械基件
001376.SZ,百通能源,百通能源,供气供热
300756.SZ,金马游乐,金马游乐,旅游服务
300460.SZ,惠伦晶体,惠伦晶体,元器件
300085.SZ,银之杰,银之杰,软件服务
688327.SH,云从科技,云从科技-UW,软件服务
002317.SZ,众生药业,众生药业,中成药
300461.SZ,田中精机,田中精机,专用机械
603062.SH,麦加芯彩,麦加芯彩,染料涂料
603235.SH,天新药业,天新药业,化学制药
300401.SZ,花园生物,花园生物,化学制药
001326.SZ,联域股份,联域股份,电气设备
603087.SH,甘李药业,甘李药业,生物制药
603890.SH,春秋电子,春秋电子,元器件
002664.SZ,信质集团,信质集团,汽车配件
605287.SH,德才股份,德才股份,装修装饰
688233.SH,神工股份,神工股份,半导体
688377.SH,迪威尔,迪威尔,专用机械
300016.SZ,北陆药业,北陆药业,化学制药
300043.SZ,星辉娱乐,星辉娱乐,互联网
839493.BJ,并行科技,并行科技,软件服务
300520.SZ,科大国创,科大国创,软件服务
873693.BJ,阿为特,阿为特,机械基件
603970.SH,中农立华,中农立华,农药化肥
002625.SZ,光启技术,光启技术,航空
002878.SZ,元隆雅图,元隆雅图,广告包装
300698.SZ,万马科技,万马科技,通信设备
688253.SH,英诺特,英诺特,医疗保健
300551.SZ,古鳌科技,古鳌科技,软件服务
300447.SZ,全信股份,全信股份,电气设备
002014.SZ,永新股份,永新股份,塑料
688648.SH,中邮科技,中邮科技,机床制造
601298.SH,青岛港,青岛港,港口
300798.SZ,锦鸡股份,锦鸡股份,染料涂料
600372.SH,中航机载,中航机载,航空
002182.SZ,宝武镁业,宝武镁业,小金属
601866.SH,中远海发,中远海发,水运
002073.SZ,软控股份,软控股份,专用机械
300160.SZ,秀强股份,秀强股份,家用电器
002588.SZ,史丹利,史丹利,农药化肥
603639.SH,海利尔,海利尔,农药化肥
002413.SZ,雷科防务,雷科防务,通信设备
002637.SZ,赞宇科技,赞宇科技,日用化工
300136.SZ,信维通信,信维通信,元器件
002023.SZ,海特高新,海特高新,航空
300218.SZ,安利股份,安利股份,塑料
002266.SZ,浙富控股,浙富控股,环境保护
300890.SZ,翔丰华,翔丰华,电气设备
001306.SZ,夏厦精密,夏厦精密,机械基件
301133.SZ,金钟股份,金钟股份,汽车配件
002394.SZ,联发股份,联发股份,纺织
605077.SH,华康股份,华康股份,食品
600901.SH,江苏租赁,江苏金租,多元金融
300583.SZ,赛托生物,赛托生物,化学制药
601611.SH,中国核建,中国核建,建筑工程
603324.SH,盛剑科技,盛剑科技,环境保护
688092.SH,爱科科技,爱科科技,专用机械
605050.SH,福然德,福然德,仓储物流
000582.SZ,北部湾港,北部湾港,港口
300213.SZ,佳讯飞鸿,佳讯飞鸿,通信设备
002730.SZ,电光科技,电光科技,专用机械
300618.SZ,寒锐钴业,寒锐钴业,小金属
000707.SZ,双环科技,双环科技,化工原料
688653.SH,康希通信,康希通信,半导体
300088.SZ,长信科技,长信科技,元器件
002454.SZ,松芝股份,松芝股份,汽车配件
002456.SZ,欧菲光,欧菲光,元器件
600929.SH,雪天盐业,雪天盐业,食品
873132.BJ,泰鹏智能,泰鹏智能,家居用品
300337.SZ,银邦股份,银邦股份,铝
002889.SZ,东方嘉盛,东方嘉盛,仓储物流
301185.SZ,鸥玛软件,鸥玛软件,软件服务
002467.SZ,二六三,二六三,互联网
601018.SH,宁波港,宁波港,港口
000917.SZ,电广传媒,电广传媒,广告包装
002382.SZ,蓝帆医疗,蓝帆医疗,医疗保健
002722.SZ,物产金轮,物产金轮,钢加工
300542.SZ,新晨科技,新晨科技,软件服务
002550.SZ,千红制药,千红制药,生物制药
300446.SZ,乐凯新材,航天智造,汽车配件
002435.SZ,长江健康,,
873833.BJ,美心翼申,美心翼申,汽车配件
832522.BJ,纳科诺尔,纳科诺尔,专用机械
001319.SZ,铭科精技,铭科精技,汽车配件
301508.SZ,中机认检,中机认检,电器仪表
600685.SH,中船防务,中船防务,船舶
300684.SZ,中石科技,中石科技,元器件
688652.SH,京仪装备,京仪装备,半导体
301568.SZ,思泰克,思泰克,专用机械
000926.SZ,福星股份,福星股份,区域地产
300554.SZ,三超新材,三超新材,矿物制品
301276.SZ,嘉曼服饰,嘉曼服饰,服饰
002902.SZ,铭普光磁,铭普光磁,通信设备
603725.SH,天安新材,天安新材,塑料
301258.SZ,富士莱,富士莱,化学制药
301516.SZ,中远通,中远通,电气设备
000919.SZ,金陵药业,金陵药业,化学制药
300980.SZ,祥源新材,祥源新材,塑料
601083.SH,锦江航运,锦江航运,水运
688720.SH,艾森股份,艾森股份,半导体
600064.SH,南京高科,南京高科,园区开发
873570.BJ,坤博精工,坤博精工,机械基件
002351.SZ,漫步者,漫步者,IT设备
002449.SZ,国星光电,国星光电,半导体
601698.SH,中国卫通,中国卫通,电信运营
300084.SZ,海默科技,海默科技,专用机械
835579.BJ,机科股份,机科股份,机械基件
000791.SZ,甘肃能源,甘肃能源,水力发电
600796.SH,钱江生化,钱江生化,环境保护
001239.SZ,永达股份,永达股份,工程机械
000021.SZ,深科技,深科技,元器件
601929.SH,吉视传媒,吉视传媒,影视音像
603231.SH,索宝蛋白,索宝蛋白,食品
300730.SZ,科创信息,科创信息,软件服务
688670.SH,金迪克,金迪克,生物制药
200625.SZ,长安B,,
301459.SZ,丰茂股份,丰茂股份,汽车配件
688205.SH,德科立,德科立,通信设备
688184.SH,帕瓦股份,帕瓦股份,电气设备
300432.SZ,富临精工,富临精工,汽车配件
000050.SZ,深天马A,深天马A,元器件
301413.SZ,安培龙,安培龙,电器仪表
603990.SH,麦迪科技,麦迪科技,软件服务
300781.SZ,因赛集团,因赛集团,广告包装
603373.SH,安邦护卫,安邦护卫,仓储物流
001358.SZ,兴欣新材,兴欣新材,化工原料
600246.SH,万通发展,万通发展,区域地产
836547.BJ,无锡晶海,无锡晶海,化学制药
002845.SZ,同兴达,同兴达,元器件
300446.SZ,航天智造,航天智造,汽车配件
601096.SH,宏盛华源,宏盛华源,钢加工
831175.BJ,派诺科技,派诺科技,电气设备
300230.SZ,永利股份,永利股份,塑料
600095.SH,湘财股份,湘财股份,证券
833284.BJ,灵鸽科技,灵鸽科技,专用机械
603353.SH,和顺石油,和顺石油,石油贸易
301526.SZ,国际复材,国际复材,玻璃
301085.SZ,亚康股份,亚康股份,软件服务
603004.SH,鼎龙科技,鼎龙科技,化工原料
605222.SH,起帆电缆,起帆电缆,电气设备
836961.BJ,西磁科技,西磁科技,专用机械
301578.SZ,辰奕智能,辰奕智能,IT设备
600961.SH,株冶集团,株冶集团,铅锌
002096.SZ,易普力,易普力,化工原料
301566.SZ,达利凯普,达利凯普,元器件
002843.SZ,泰嘉股份,泰嘉股份,钢加工
301005.SZ,超捷股份,超捷股份,汽车配件
688717.SH,艾罗能源,艾罗能源,电气设备
600480.SH,凌云股份,凌云股份,汽车配件
603519.SH,立霸股份,立霸股份,家用电器
871263.BJ,莱赛激光,莱赛激光,电器仪表
603003.SH,龙宇股份,*ST龙宇,石油贸易
688658.SH,悦康药业,悦康药业,化学制药
300492.SZ,华图山鼎,华图山鼎,建筑工程
300190.SZ,维尔利,维尔利,环境保护
603325.SH,博隆技术,博隆技术,化工机械
603312.SH,西典新能,西典新能,电气设备
001387.SZ,雪祺电气,雪祺电气,家用电器
603041.SH,美思德,美思德,化工原料
002045.SZ,国光电器,国光电器,元器件
873690.BJ,捷众科技,捷众科技,汽车配件
002226.SZ,江南化工,江南化工,化工原料
838971.BJ,天马新材,天马新材,化工原料
002683.SZ,广东宏大,广东宏大,化工原料
001379.SZ,腾达科技,腾达科技,机械基件
002189.SZ,中光学,中光学,元器件
601033.SH,永兴股份,永兴股份,环境保护
300606.SZ,金太阳,金太阳,机械基件
873806.BJ,云星宇,云星宇,软件服务
300514.SZ,友讯达,友讯达,电器仪表
301567.SZ,贝隆精密,贝隆精密,元器件
688021.SH,奥福环保,奥福环保,汽车配件
688138.SH,清溢光电,清溢光电,半导体
833075.BJ,柏星龙,柏星龙,广告包装
600775.SH,南京熊猫,南京熊猫,通信设备
603375.SH,盛景微,盛景微,半导体
600310.SH,广西能源,广西能源,水力发电
837403.BJ,康农种业,康农种业,种植业
002322.SZ,理工能科,理工能科,软件服务
301313.SZ,凡拓数创,凡拓数创,文教休闲
603082.SH,北自科技,北自科技,运输设备
600366.SH,宁波韵升,宁波韵升,矿物制品
872190.BJ,雷神科技,雷神科技,IT设备
301577.SZ,美信科技,美信科技,元器件
688448.SH,磁谷科技,磁谷科技,专用机械
301002.SZ,崧盛股份,崧盛股份,电气设备
603201.SH,常润股份,常润股份,汽车配件
605155.SH,西大门,西大门,家居用品
002947.SZ,恒铭达,恒铭达,元器件
000981.SZ,山子股份,山子高科,汽车配件
831396.BJ,许昌智能,许昌智能,电气设备
603227.SH,雪峰科技,雪峰科技,化工原料
601101.SH,昊华能源,昊华能源,煤炭开采
838924.BJ,广脉科技,广脉科技,通信设备
000537.SZ,中绿电,中绿电,新型电力
301000.SZ,肇民科技,肇民科技,汽车配件
300264.SZ,佳创视讯,佳创视讯,软件服务
300010.SZ,ST豆神,豆神教育,软件服务
300812.SZ,易天股份,易天股份,专用机械
301502.SZ,华阳智能,华阳智能,电气设备
603992.SH,松霖科技,松霖科技,家居用品
300115.SZ,长盈精密,长盈精密,元器件
688709.SH,成都华微,成都华微,半导体
300682.SZ,朗新集团,朗新集团,软件服务
688584.SH,上海合晶,上海合晶,半导体
600367.SH,红星发展,红星发展,化工原料
301589.SZ,诺瓦星云,诺瓦星云,IT设备
870656.BJ,海昇药业,海昇药业,化学制药
002884.SZ,凌霄泵业,凌霄泵业,机械基件
301421.SZ,波长光电,波长光电,元器件
300228.SZ,富瑞特装,富瑞特装,化工机械
603408.SH,建霖家居,建霖家居,家居用品
605060.SH,联德股份,联德股份,机械基件
301321.SZ,翰博高新,翰博高新,元器件
603060.SH,国检集团,国检集团,建筑工程
603341.SH,龙旗科技,龙旗科技,通信设备
301591.SZ,肯特股份,肯特股份,塑料
603221.SH,爱丽家居,爱丽家居,家居用品
000818.SZ,航锦科技,航锦科技,化工原料
300545.SZ,联得装备,联得装备,专用机械
603291.SH,联合水务,联合水务,水务
002444.SZ,巨星科技,巨星科技,轻工机械
300488.SZ,恒锋工具,恒锋工具,机械基件
001213.SZ,中铁特货,中铁特货,铁路
000598.SZ,兴蓉环境,兴蓉环境,水务
871857.BJ,泓禧科技,泓禧科技,元器件
300522.SZ,世名科技,世名科技,染料涂料
301588.SZ,美新科技,美新科技,家居用品
688695.SH,中创股份,中创股份,软件服务
000550.SZ,江铃汽车,江铃汽车,汽车整车
300709.SZ,精研科技,精研科技,元器件
600010.SH,包钢股份,包钢股份,普钢
873706.BJ,铁拓机械,铁拓机械,工程机械
002943.SZ,宇晶股份,宇晶股份,机床制造
601989.SH,中国重工,中国重工,船舶
600733.SH,北汽蓝谷,北汽蓝谷,汽车整车
603344.SH,星德胜,星德胜,电气设备
301538.SZ,骏鼎达,骏鼎达,塑料
688525.SH,佰维存储,佰维存储,半导体
002093.SZ,国脉科技,国脉科技,文教休闲
002687.SZ,乔治白,乔治白,服饰
688571.SH,杭华股份,杭华股份,染料涂料
001359.SZ,平安电工,平安电工,矿物制品
300810.SZ,中科海讯,中科海讯,船舶
301536.SZ,星宸科技,星宸科技,半导体
001389.SZ,广合科技,广合科技,元器件
002111.SZ,威海广泰,威海广泰,航空
002130.SZ,沃尔核材,沃尔核材,电气设备
603327.SH,福蓉科技,福蓉科技,元器件
835438.BJ,戈碧迦,戈碧迦,元器件
605196.SH,华通线缆,华通线缆,电气设备
603976.SH,正川股份,正川股份,医疗保健
301587.SZ,中瑞股份,中瑞股份,电气设备
837023.BJ,芭薇股份,芭薇股份,日用化工
603360.SH,百傲化学,百傲化学,农药化肥
605259.SH,绿田机械,绿田机械,农用机械
688691.SH,灿芯股份,灿芯股份,半导体
301539.SZ,宏鑫科技,宏鑫科技,汽车配件
001203.SZ,大中矿业,大中矿业,普钢
600126.SH,杭钢股份,杭钢股份,普钢
688329.SH,艾隆科技,艾隆科技,专用机械
301285.SZ,鸿日达,鸿日达,元器件
605319.SH,无锡振华,无锡振华,汽车配件
603825.SH,华扬联众,华扬联众,互联网
301280.SZ,珠城科技,珠城科技,元器件
600874.SH,创业环保,创业环保,环境保护
002923.SZ,润都股份,润都股份,化学制药
300562.SZ,乐心医疗,乐心医疗,医疗保健
000156.SZ,华数传媒,华数传媒,影视音像
872931.BJ,无锡鼎邦,无锡鼎邦,化工机械
688469.SH,芯联集成,芯联集成-U,半导体
000501.SZ,武商集团,武商集团,百货
870976.BJ,视声智能,视声智能,通信设备
603500.SH,祥和实业,祥和实业,运输设备
301216.SZ,万凯新材,万凯新材,化工原料
000949.SZ,新乡化纤,新乡化纤,化纤
300711.SZ,广哈通信,广哈通信,通信设备
001288.SZ,运机集团,运机集团,专用机械
301181.SZ,标榜股份,标榜股份,汽车配件
603009.SH,北特科技,北特科技,汽车配件
603101.SH,汇嘉时代,汇嘉时代,百货
002116.SZ,中国海诚,中国海诚,建筑工程
600858.SH,银座股份,银座股份,百货
601963.SH,重庆银行,重庆银行,银行
300187.SZ,永清环保,永清环保,环境保护
600007.SH,中国国贸,中国国贸,园区开发
300259.SZ,新天科技,新天科技,电器仪表
603109.SH,神驰机电,神驰机电,电气设备
301017.SZ,漱玉平民,漱玉平民,医药商业
000016.SZ,深康佳A,深康佳A,家用电器
688506.SH,百利天恒,百利天恒-U,化学制药
300641.SZ,正丹股份,正丹股份,化工原料
301187.SZ,欧圣电气,欧圣电气,家用电器
300966.SZ,共同药业,共同药业,化学制药
002779.SZ,中坚科技,中坚科技,农用机械
002060.SZ,广东建工,广东建工,建筑工程
688321.SH,微芯生物,微芯生物,化学制药
688530.SH,欧莱新材,欧莱新材,半导体
300349.SZ,金卡智能,金卡智能,电器仪表
688607.SH,康众医疗,康众医疗,医疗保健
301286.SZ,侨源股份,侨源股份,化工原料
000417.SZ,合肥百货,合百集团,百货
688633.SH,星球石墨,星球石墨,专用机械
301596.SZ,瑞迪智驱,瑞迪智驱,机械基件
601608.SH,中信重工,中信重工,专用机械
601399.SH,国机重装,国机重装,工程机械
001296.SZ,长江材料,长江材料,其他建材
002272.SZ,川润股份,川润股份,机械基件
002261.SZ,拓维信息,拓维信息,软件服务
300365.SZ,恒华科技,恒华科技,软件服务
300540.SZ,蜀道装备,蜀道装备,专用机械
601118.SH,海南橡胶,海南橡胶,橡胶
300857.SZ,协创数据,协创数据,IT设备
600738.SH,丽尚国潮,丽尚国潮,百货
000581.SZ,威孚高科,威孚高科,汽车配件
300243.SZ,瑞丰高材,瑞丰高材,化工原料
003019.SZ,宸展光电,宸展光电,元器件
002659.SZ,凯文教育,凯文教育,文教休闲
600866.SH,星湖科技,星湖科技,饲料
001696.SZ,宗申动力,宗申动力,摩托车
002500.SZ,山西证券,山西证券,证券
600717.SH,天津港,天津港,港口
300455.SZ,航天智装,航天智装,IT设备
300765.SZ,新诺威,新诺威,食品
603681.SH,永冠新材,永冠新材,化工原料
603583.SH,捷昌驱动,捷昌驱动,电气设备
301380.SZ,挖金客,挖金客,软件服务
002404.SZ,嘉欣丝绸,嘉欣丝绸,纺织
002578.SZ,闽发铝业,闽发铝业,铝
603028.SH,赛福天,赛福天,钢加工
000783.SZ,长江证券,长江证券,证券
601860.SH,紫金银行,紫金银行,银行
002423.SZ,中粮资本,中粮资本,多元金融
600498.SH,烽火通信,烽火通信,通信设备
603025.SH,大豪科技,大豪科技,纺织机械
600787.SH,中储股份,中储股份,仓储物流
002062.SZ,宏润建设,宏润建设,建筑工程
605277.SH,新亚电子,新亚电子,元器件
603131.SH,上海沪工,上海沪工,专用机械
600661.SH,昂立教育,昂立教育,文教休闲
002877.SZ,智能自控,智能自控,机械基件
002448.SZ,中原内配,中原内配,汽车配件
301392.SZ,汇成真空,汇成真空,专用机械
000862.SZ,银星能源,银星能源,新型电力
001317.SZ,三羊马,三羊马,铁路
002879.SZ,长缆科技,长缆科技,电气设备
920002.BJ,万达轴承,万达轴承,
835174.BJ,五新隧装,五新隧装,工程机械
688256.SH,寒武纪,寒武纪-U,半导体
001231.SZ,农心科技,农心科技,农药化肥
300909.SZ,汇创达,汇创达,元器件
603766.SH,隆鑫通用,隆鑫通用,摩托车
605369.SH,拱东医疗,拱东医疗,医疗保健
600894.SH,广日股份,广日股份,运输设备
002264.SZ,新华都,新华都,互联网
603823.SH,百合花,百合花,染料涂料
002150.SZ,通润装备,通润装备,机械基件
300304.SZ,云意电气,云意电气,汽车配件
688692.SH,达梦数据,达梦数据,软件服务
300784.SZ,利安科技,利安科技,塑料
603530.SH,神马电力,神马电力,电气设备
600673.SH,东阳光,东阳光,综合类
603683.SH,晶华新材,晶华新材,化工原料
002106.SZ,莱宝高科,莱宝高科,元器件
002393.SZ,力生制药,力生制药,化学制药
002090.SZ,金智科技,金智科技,电气设备
000762.SZ,西藏矿业,西藏矿业,小金属
603167.SH,渤海轮渡,渤海轮渡,水运
300905.SZ,宝丽迪,宝丽迪,染料涂料
002755.SZ,奥赛康,奥赛康,化学制药
301565.SZ,中仑新材,中仑新材,塑料
002668.SZ,TCL智家,TCL智家,家用电器
688209.SH,英集芯,英集芯,半导体
002383.SZ,合众思壮,合众思壮,通信设备
301468.SZ,博盈特焊,博盈特焊,专用机械
603031.SH,安孚科技,安孚科技,电气设备
603381.SH,永臻股份,永臻股份,电气设备
301580.SZ,爱迪特,爱迪特,医疗保健
002204.SZ,大连重工,大连重工,专用机械
600664.SH,哈药股份,哈药股份,化学制药
600326.SH,西藏天路,西藏天路,水泥
603350.SH,安乃达,安乃达,电气设备
603367.SH,辰欣药业,辰欣药业,化学制药
603285.SH,键邦股份,键邦股份,化工原料
600020.SH,中原高速,中原高速,路桥
688511.SH,天微电子,天微电子,元器件
301603.SZ,乔锋智能,乔锋智能,机床制造
600521.SH,华海药业,华海药业,化学制药
600469.SH,风神股份,风神股份,汽车配件
300556.SZ,丝路视觉,丝路视觉,软件服务
600327.SH,大东方,大东方,医疗保健
301552.SZ,科力装备,科力装备,汽车配件
600186.SH,莲花控股,莲花控股,食品
002598.SZ,山东章鼓,山东章鼓,机械基件
600221.SH,海航控股,海航控股,空运
603071.SH,物产环能,物产环能,批发业
600509.SH,天富能源,天富能源,火力发电
300188.SZ,国投智能,国投智能,软件服务
600106.SH,重庆路桥,重庆路桥,路桥
301116.SZ,益客食品,益客食品,食品
603356.SH,华菱精工,华菱精工,运输设备
301606.SZ,绿联科技,绿联科技,元器件
002516.SZ,旷达科技,旷达科技,汽车配件
300397.SZ,天和防务,天和防务,通信设备
833523.BJ,德瑞锂电,德瑞锂电,电气设备
301608.SZ,博实结,博实结,通信设备
603391.SH,力聚热能,力聚热能,专用机械
603689.SH,皖天然气,皖天然气,供气供热
000415.SZ,渤海租赁,渤海租赁,多元金融
600720.SH,中交设计,中交设计,建筑工程
003001.SZ,中岩大地,中岩大地,建筑工程
688721.SH,龙图光罩,龙图光罩,半导体
000828.SZ,东莞控股,东莞控股,路桥
600623.SH,华谊集团,华谊集团,化工原料
000650.SZ,仁和药业,仁和药业,中成药
603310.SH,巍华新材,巍华新材,化工原料
301611.SZ,珂玛科技,珂玛科技,半导体
001267.SZ,汇绿生态,汇绿生态,建筑工程
301045.SZ,天禄科技,天禄科技,元器件
688606.SH,奥泰生物,奥泰生物,医疗保健
600575.SH,淮河能源,淮河能源,火力发电
300878.SZ,维康药业,维康药业,中成药
000750.SZ,国海证券,国海证券,证券
300859.SZ,西域旅游,西域旅游,旅游服务
600230.SH,沧州大化,沧州大化,化工原料
603207.SH,小方制药,小方制药,化学制药
301586.SZ,佳力奇,佳力奇,航空
920118.BJ,太湖远大,太湖远大,
600094.SH,大名城,大名城,区域地产
000975.SZ,山金国际,山金国际,黄金
873703.BJ,广厦环能,广厦环能,专用机械
688585.SH,上纬新材,上纬新材,化工原料
872374.BJ,云里物里,云里物里,通信设备
002157.SZ,正邦科技,正邦科技,农业综合
600495.SH,晋西车轴,晋西车轴,运输设备
301338.SZ,凯格精机,凯格精机,专用机械
600776.SH,东方通信,东方通信,通信设备
000691.SZ,亚太实业,亚太实业,化工原料
688710.SH,益诺思,益诺思,生物制药
600373.SH,中文传媒,中文传媒,出版业
301607.SZ,富特科技,富特科技,汽车配件
600368.SH,五洲交通,五洲交通,路桥
920008.BJ,成电光信,成电光信,
600835.SH,上海机电,上海机电,运输设备
601579.SH,会稽山,会稽山,红黄酒
001277.SZ,速达股份,速达股份,专用机械
600184.SH,光电股份,光电股份,专用机械
603551.SH,奥普科技,奥普科技,家居用品
601113.SH,华鼎股份,华鼎股份,互联网
300307.SZ,慈星股份,慈星股份,纺织机械
603091.SH,众鑫股份,众鑫股份,家居用品
600839.SH,四川长虹,四川长虹,家用电器
600744.SH,华银电力,华银电力,火力发电
600645.SH,中源协和,中源协和,医疗保健
603112.SH,华翔股份,华翔股份,机械基件
603013.SH,亚普股份,亚普股份,汽车配件
603680.SH,今创集团,今创集团,运输设备
920016.BJ,中草香料,中草香料,
002833.SZ,弘亚数控,弘亚数控,专用机械
301600.SZ,慧翰股份,慧翰股份,通信设备
603180.SH,金牌家居,金牌家居,家居用品
603656.SH,泰禾智能,泰禾智能,专用机械
300194.SZ,福安药业,福安药业,化学制药
603598.SH,引力传媒,引力传媒,互联网
300497.SZ,富祥药业,富祥药业,化学制药
600648.SH,外高桥,外高桥,园区开发
301551.SZ,无线传媒,无线传媒,影视音像
000719.SZ,中原传媒,中原传媒,出版业
000885.SZ,城发环境,城发环境,环境保护
603161.SH,科华控股,科华控股,汽车配件
688615.SH,合合信息,合合信息,软件服务
688155.SH,先惠技术,先惠技术,电气设备
002666.SZ,德联集团,德联集团,化工原料
000544.SZ,中原环保,中原环保,环境保护
600777.SH,ST新潮,ST新潮,石油开采
605228.SH,神通科技,神通科技,汽车配件
600022.SH,山东钢铁,山东钢铁,普钢
300746.SZ,汉嘉设计,汉嘉设计,建筑工程
600033.SH,福建高速,福建高速,路桥
600753.SH,庚星股份,庚星股份,商贸代理
300796.SZ,贝斯美,贝斯美,农药化肥
002785.SZ,万里石,万里石,其他建材
603700.SH,宁水集团,宁水集团,电器仪表
920019.BJ,铜冠矿建,铜冠矿建,
001279.SZ,强邦新材,强邦新材,广告包装
000755.SZ,山西高速,山西高速,路桥
002613.SZ,北玻股份,北玻股份,专用机械
301618.SZ,长联科技,长联科技,染料涂料
603153.SH,上海建科,上海建科,建筑工程
000985.SZ,大庆华科,大庆华科,化工原料
300280.SZ,紫天科技,紫天科技,广告包装
003009.SZ,中天火箭,中天火箭,航空
301556.SZ,托普云农,托普云农,软件服务
301522.SZ,上大股份,上大股份,小金属
000819.SZ,岳阳兴长,岳阳兴长,石油加工
603085.SH,天成自控,天成自控,汽车配件
600444.SH,国机通用,国机通用,专用机械
600268.SH,国电南自,国电南自,电气设备
301613.SZ,新铝时代,新铝时代,汽车配件
300657.SZ,弘信电子,弘信电子,元器件
600101.SH,明星电力,明星电力,水力发电
300523.SZ,辰安科技,辰安科技,软件服务
603977.SH,国泰集团,国泰集团,化工原料
601880.SH,辽港股份,辽港股份,港口
301626.SZ,苏州天脉,苏州天脉,元器件
688165.SH,埃夫特,埃夫特-U,专用机械
000557.SZ,西部创业,西部创业,铁路
301592.SZ,六九一二,六九一二,软件服务
002305.SZ,南国置业,南国置业,区域地产
688726.SH,拉普拉斯,拉普拉斯,专用机械
688219.SH,会通股份,会通股份,塑料
300533.SZ,冰川网络,冰川网络,互联网
300387.SZ,富邦股份,富邦科技,农药化肥
300652.SZ,雷迪克,雷迪克,汽车配件
301628.SZ,强达电路,强达电路,元器件
000720.SZ,新能泰山,新能泰山,电气设备
920088.BJ,科力股份,科力股份,
603205.SH,健尔康,健尔康,医疗保健
603166.SH,福达股份,福达股份,汽车配件
000958.SZ,电投产融,电投产融,多元金融
300102.SZ,乾照光电,乾照光电,半导体
920066.BJ,科拜尔,科拜尔,
300409.SZ,道氏技术,道氏技术,电气设备
002626.SZ,金达威,金达威,医疗保健
002296.SZ,辉煌科技,辉煌科技,通信设备
301633.SZ,港迪技术,港迪技术,专用机械
301571.SZ,国科天成,国科天成,元器件
920111.BJ,聚星科技,聚星科技,
688779.SH,五矿新能,五矿新能,电气设备
003005.SZ,竞业达,竞业达,软件服务
601226.SH,华电科工,华电科工,建筑工程
300010.SZ,豆神教育,豆神教育,软件服务
002010.SZ,传化智联,传化智联,仓储物流
603800.SH,洪田股份,洪田股份,专用机械
000798.SZ,中水渔业,中水渔业,渔业
301631.SZ,壹连科技,壹连科技,元器件
002553.SZ,南方精工,南方精工,汽车配件
600099.SH,林海股份,林海股份,汽车整车
688750.SH,金天钛业,金天钛业,小金属
600877.SH,电科芯片,电科芯片,半导体
300378.SZ,鼎捷数智,鼎捷数智,软件服务
000417.SZ,合百集团,合百集团,百货
600237.SH,铜峰电子,铜峰电子,元器件
603395.SH,红四方,红四方,农药化肥
600320.SH,振华重工,振华重工,专用机械
920060.BJ,万源通,万源通,
300752.SZ,隆利科技,隆利科技,元器件
301622.SZ,英思特,英思特,矿物制品
688708.SH,佳驰科技,佳驰科技,化工原料
603328.SH,依顿电子,依顿电子,元器件
920128.BJ,胜业电气,胜业电气,
002059.SZ,云南旅游,云南旅游,旅游景点
002753.SZ,永东股份,永东股份,化工原料
002862.SZ,实丰文化,实丰文化,文教休闲
600889.SH,南京化纤,南京化纤,化纤
688605.SH,先锋精科,先锋精科,半导体
002685.SZ,华东重机,华东重机,机床制造
920098.BJ,科隆新材,科隆新材,
603636.SH,南威软件,南威软件,软件服务
603079.SH,圣达生物,圣达生物,食品
301585.SZ,蓝宇股份,蓝宇股份,染料涂料
001314.SZ,亿道信息,亿道信息,元器件
300546.SZ,雄帝科技,雄帝科技,IT设备
603948.SH,建业股份,建业股份,化工原料
001332.SZ,锡装股份,锡装股份,专用机械
002734.SZ,利民股份,利民股份,农药化肥
603194.SH,中力股份,中力股份,工程机械
301598.SZ,博科测试,博科测试,专用机械
688068.SH,热景生物,热景生物,医疗保健
920106.BJ,林泰新材,林泰新材,
001391.SZ,国货航,国货航,仓储物流
603072.SH,天和磁材,天和磁材,矿物制品
920082.BJ,方正阀门,方正阀门,
301175.SZ,中科环保,中科环保,环境保护
600694.SH,大商股份,大商股份,百货
000925.SZ,众合科技,众合科技,运输设备
603617.SH,君禾股份,君禾股份,机械基件
301581.SZ,黄山谷捷,黄山谷捷,半导体
301458.SZ,钧崴电子,钧崴电子,元器件
002432.SZ,九安医疗,九安医疗,医疗保健
603983.SH,丸美生物,丸美生物,日用化工
601606.SH,长城军工,长城军工,专用机械
920116.BJ,星图测控,星图测控,
688151.SH,华强科技,华强科技,医疗保健
300703.SZ,创源股份,创源股份,文教休闲
688583.SH,思看科技,思看科技,电器仪表
301601.SZ,惠通科技,惠通科技,专用机械
002792.SZ,通宇通讯,通宇通讯,通信设备
601188.SH,龙江交通,龙江交通,路桥
002437.SZ,誉衡药业,誉衡药业,化学制药
002635.SZ,安洁科技,安洁科技,元器件
301602.SZ,超研股份,超研股份,医疗保健
688613.SH,奥精医疗,奥精医疗,医疗保健
301097.SZ,天益医疗,天益医疗,医疗保健
688545.SH,兴福电子,兴福电子,元器件
001356.SZ,富岭股份,富岭股份,塑料
002661.SZ,克明食品,克明食品,食品
603052.SH,可川科技,可川科技,元器件
688181.SH,八亿时空,八亿时空,元器件
688411.SH,海博思创,海博思创,电气设备
600609.SH,金杯汽车,金杯汽车,汽车配件
001395.SZ,亚联机械,亚联机械,专用机械
002319.SZ,乐通股份,乐通股份,染料涂料
002899.SZ,英派斯,英派斯,文教休闲
920108.BJ,宏海科技,宏海科技,
000785.SZ,居然智家,居然智家,百货
301110.SZ,青木科技,青木科技,互联网
603818.SH,曲美家居,曲美家居,家居用品
000868.SZ,安凯客车,安凯客车,汽车整车
301173.SZ,毓恬冠佳,N毓恬,汽车配件
601777.SH,力帆科技,千里科技,摩托车
688758.SH,赛分科技,赛分科技,化工原料
603409.SH,汇通控股,汇通控股,汽车配件
002103.SZ,广博股份,广博股份,文教休闲
605198.SH,安德利,安德利,软饮料
301557.SZ,常友科技,常友科技,电气设备
301196.SZ,唯科科技,唯科科技,专用机械
603271.SH,永杰新材,,
301275.SZ,汉朔科技,,
301479.SZ,弘景光电,,
300248.SZ,新开普,新开普,软件服务
601008.SH,连云港,连云港,港口
688553.SH,汇宇制药,汇宇制药-W,化学制药
603665.SH,康隆达,康隆达,服饰
302132.SZ,中航成飞,中航成飞,电器仪表
